:020000040800F2
:100000007050002049010008396C0008D1580008E0
:10001000256C0008A9170008217B000800000000DB
:100020000000000000000000000000009F700008B9
:10003000311C0008000000007B6C000835710008CE
:100040006301000863010008630100086301000800
:1000500063010008630100086301000863010008F0
:1000600063010008630100086301000863010008E0
:1000700063010008CD1A000863010008DD1A0008BA
:10008000ED1A00086301000863010008630100081D
:1000900063010008630100086301000863010008B0
:1000A00063010008630100086301000863010008A0
:1000B00063010008C57100086301000863010008BE
:1000C0006301000863010008630100086301000880
:1000D00063010008D17A0008F17A0008017B00086A
:1000E0006301000863010008630100086301000860
:1000F0006301000863010008630100086301000850
:10010000630100086301000863010008630100083F
:10011000630100086301000863010008630100082F
:10012000630100086301000863010008630100081F
:10013000DFF810D001F074F80048004709D8000833
:10014000AFF3008070500020064880470648004703
:10015000FEE7FEE7FEE7FEE7FEE7FEE7FEE7FEE777
:10016000FEE7FEE7C371000831010008202A04DB26
:10017000203A21FA02F00021704721FA02F3D04020
:10018000C2F120029140084319467047A0F1410195
:10019000192900D82030704740EA01039B0703D09B
:1001A00009E008C9121F08C0042AFAD203E011F8B6
:1001B000013B00F8013B521EF9D27047D2B201E078
:1001C00000F8012B491EFBD270470022F6E710B55C
:1001D00013460A4604461946FFF7F0FF204610BDB5
:1001E00030B505462A460B4612F8010B13F8014BB1
:1001F00008B1A042F8D01CB1002802D06D1CF1E774
:10020000284630BD10B5044604E00B7800F8013BE9
:1002100003B1491C521EF8D2204610BDCAB2401E7E
:1002200010F8011F8A4202D00029F9D1002070473E
:10023000421C10F8011B0029FBD1801A704710B531
:10024000002200E0521C835C8C5CA34201D1002B95
:10025000F8D1D8B2E1B2401A10BD30B50446002042
:10026000034600E05B1C934203D2E05CCD5C401B84
:10027000F8D030BD034611F8012B00F8012B002AFD
:10028000F9D11846704730B505460020034600E016
:100290005B1C934205D2EC5CC85C201A01D1002C97
:1002A000F6D130BD30B503461D783DB10A4612F88F
:1002B000014B1CB1AC42FAD15B1CF5E7181A30BDFA
:1002C0000FB400B58DB010A909900B9000914FF0BC
:1002D000FF300A9000200C900548069005480790D2
:1002E0006A4609A80F9900F0DBFD0DB05DF814FB1C
:1002F000BD0E0008DB0E00082DE9FF5F1D464FF024
:10030000FF3BD5E9014691465F464FF00008A969D9
:100310007F1C01988847296A824688470028F6D1C1
:10032000BAF1FF3F0CD024F4C064002E19DD600642
:1003300014D5BAF12B0F09D0BAF12D0F0ED103E06D
:10034000584604B0BDE8F09F44F48064A9697F1C5E
:1003500001988847761E8246002E02DDBAF1300FE2
:1003600003D0B9F1000F26D032E0A969761E44F41B
:1003700000747F1C019888478246002E05DDBAF183
:10038000780F06D0BAF1580F03D0B9F1000F10D092
:100390001EE0B9F1000F02D0B9F1100F18D1A96910
:1003A000761E24F400747F1C019888478246102032
:1003B00002E0082000E00A20814609E008FB090865
:1003C000A969761E44F400747F1C01988847824610
:1003D000002E05DD4946504600F04EFD0028EDDABE
:1003E000E96901988847A00502D46FF00100A8E7E9
:1003F000E00725D1600613D5600502D5C8F10000DD
:1004000000E0404629680A1D2A600968220501D5D6
:10041000087015E0220701D5088011E008600FE0A0
:100420002868011D29600068210502D580F8008038
:1004300006E0210702D5A0F8008001E0C0F80080A6
:1004400038467EE72DE9FF5FD2E901A74FF00008AB
:10045000916999461446DDF838B0464601988847B8
:10046000054659EA0B0005D009E0A169761C019800
:1004700088470546216A284688470028F5D1681C28
:1004800003D05FEACA7005D015E04FF0FF3004B02A
:10049000BDE8F09F2068011D2160D0F800800AE0CF
:1004A0005FEACA7001D108F8015BA169761C7F1E62
:1004B000019888470546002F1ADD681C18D0B9F14D
:1004C000000F0DD0E81705EBD060421120F01F009F
:1004D00059F822102A1A012090400142E0D107E089
:1004E000BBF1000FDCD1216A284688470028D7D00D
:1004F000E16901988847BBF1000F07D1002E05DDA7
:100500005FEACA7002D1002188F80010A068B842E2
:1005100003DDBBF1000F03D017B16FF00100B6E7A8
:100520003046B4E72DE9FF4F087883B09946FF289D
:1005300005D0491C2D2804D00024002008E000200C
:100540000BE00124F9E700EB800003EB4000491CBD
:100550000B78FF2BF7D104B14042002302931478AB
:1005600019461D462D2C01D02B2C04D1521C2D2CAC
:1005700013D000240294AA461478FF2C0FD00A2529
:10058000A3FB057801FB05814FF0000C03FB0C1168
:10059000521CE3194AEB0101EEE70124EAE781442A
:1005A00053EA010002D019F5C87F06DA039800214A
:1005B000C0E9001107B0BDE8F08F0025AE4E2F4610
:1005C000DFF8B882184600F0EAFDCDE90001B9F184
:1005D000000002DAC9F1000400E004460023A74A43
:1005E0001AEB030B42EB045A12E0E00707D02A464D
:1005F00033463846414600F0B4FA074688462A4654
:1006000033461046194600F0ACFA05460E46641013
:10061000002CEAD1DDE90001B9F1000F5A4653463A
:1006200006DA00F04DFD3A46434600F049FD05E08C
:1006300000F097FA3A46434600F093FA029A0AB15C
:1006400081F00041039AC2E90001B3E72DE9FF4FB1
:100650001F468DB0D7E901464FF0FF382E204546A2
:100660004FF000090B90B9696D1C0E988847396AE4
:10067000824688470028F6D1BAF1FF3F0AD024F419
:10068000D064002E11DDBAF12B0F08D0BAF12D0F76
:100690000BD102E0404611B08DE744F48064B969A3
:1006A0006D1C0E9888478246761E6946600501D506
:1006B0002D2000E02B208DF8000001F1010B0DF141
:1006C000200809E0B9696D1C0E98884782460F988A
:1006D00044F40074761E0560002E02DDBAF1300F7E
:1006E000F0D00B998A453ED144F0800406E00F9982
:1006F000681CA9F1010944F400740860B9696D1C13
:10070000761E0E98884782463028F0D02BE00B9951
:100710008A4505D1200603D444F08004761E18E0F3
:10072000504608F06DF808B30DF11301761E44F43D
:1007300000748B4508D2AAF130000BF8010B20069B
:1007400007D5A9F1010003E0200602D409F1010058
:100750008146A00502D50F99681C0860B9696D1C17
:100760000E9888478246002ED1DC53E0002E51DDE2
:10077000BAF1650F02D0BAF1450F4BD1A00549D5AA
:10078000B9696D1C24F44074761E0E988847824621
:10079000002E0CDD2B2804D0BAF12D0F07D144F424
:1007A0008074B9696D1C0E9888478246761EE005F4
:1007B00001D52D2100E02B2108F8011BCDF82C805C
:1007C00021E00DF12901761E44F4007488450CD215
:1007D000AAF1300010F0FF0088F8000002D10B9958
:1007E000884509D908F1010806E0E00501D524484B
:1007F00001E042F20F708146B9696D1C0E9888477E
:1008000082460F980560002E04DD504607F0F8FF81
:100810000028D6D1F9690E988847FF208BF8000090
:1008200088F800000020069007904B466A4608A909
:1008300006A8FFF777FEA00502D46FF001002AE7B3
:1008400014F0240F0AD0E00714D1DDE9061238684D
:10085000031D3B600068C0E900120BE0DDE9060102
:1008600000F0C1FC0146E00704D13868021D3A607F
:100870000068016028460EE7000014400000F03FC9
:10088000F1D8FFFFF0B480EA0102D40F4200B2EBCE
:10089000410F02D20246084611464A0042D0C30D1B
:1008A000DDB2C1F3C752AD1A202D35DAC1F31601FE
:1008B00041F4000204B15242C5F1200602FA06F1E9
:1008C0002A411044B3EBD05F23D0C4B1012DA0EB7B
:1008D000C35009DCF0BC4FF0004202EAC352DBB265
:1008E00000F5000000F061BB400000F1807000EBFB
:1008F000C350A0F1807040EAD170490009E0490876
:1009000041EAC071A0EBC35000F50000400800EBC5
:10091000C350F0BC00F040BB6142012202EB410138
:10092000001BF6E7F0BC704781F00041AAE780F0B9
:100930000040A7E780EA010210B502F00043400042
:1009400022D04A001FD0010E01EB1261C0F3560005
:10095000C2F3560240F4000042F40002A0FB022061
:1009600000047F39140400D0401C50EA124001D426
:100970004000491EC2B20C0604EBD010401C4008D7
:10098000802A02D003E0002010BD20F001000029E1
:1009900000DA0020184310BD30B480EA010202F0F2
:1009A000004530F0004221F0004013D090B1C30D5B
:1009B000D40DC2F31601C0F31600E41A41F400018D
:1009C00040F400027D34914201D3641C00E04900F0
:1009D000002C02DA30BC002070474FF400000023E6
:1009E000914201D3891A034340084FEA4101F7D1EC
:1009F00051B1914202D14FF0004105E002D24FF0D7
:100A0000010101E06FF0010103EBC450284430BC48
:100A100000F0C2BA2DE9FE4F804681EA0300C00F04
:100A20000C46009021F0004123F00045B8EB020095
:100A3000A94105D24046214690461C460B46024637
:100A400023F00040104347D0270DC7F30A00C3F33B
:100A50000A510290401A019040286BDAC3F3130048
:100A600040F4801B0098924620B10023D2EB030A89
:100A700063EB0B0B01985946C0F14002504600F061
:100A8000DAF906460D4650465946019A00F0E2F959
:100A900010EB08006141002487EA115284EAE773F1
:100AA0001A4340D0009A62B3019A012A4FEA0752D2
:100AB00015DC001B61EB02014FF0004202EA075215
:100AC000CDE90042001C41F5801132462B4600F072
:100AD000A9FA03B0BDE8F08F40462146F9E7001BB4
:100AE00061EB0201001C41F5801300185B412018E6
:100AF000A2F5001747EB030140EAD570B6196D4126
:100B000011E06D084FEA360645EAC0754FEA075214
:100B1000001B61EB0201001C41F5801149084FEAFE
:100B200030000019514132462B4603B0BDE8F04F6A
:100B300000F069BA0098012240000023D0EB0202C5
:100B400063EBE073009821464FEAE074B8EB0000D5
:100B500061EB0401E9E783F000435BE781F00041CA
:100B600058E72DE9FE4F81EA030404F0004421F028
:100B7000004100944FF0000B23F0004350EA0104C1
:100B80005ED052EA03045BD0C3F30A54C1F30A55A2
:100B90002C44A4F2F3340194A0FB0254C1F31301DA
:100BA00041F48011C3F3130343F4801301FB0244A7
:100BB00000FB034E840A970A44EA815447EA8357AC
:100BC000A4FB076802958D0A05FB07854FEA932C65
:100BD00004FB0C542705029D4FEA065847EA1637D6
:100BE000B5EB08056EEB070C870E920E47EA8117EE
:100BF00042EA8312A7FB0201B6EB0B0164EB00048F
:100C00002B0D43EA0C335E1844EB1C50DA46514678
:100C1000E7FB0201C5F313044FEA0B3343EA145315
:100C20004FEA0432019C43EA0603A4F10C04029447
:100C3000009CCDE900B400F0F5F903B0BDE8F08FF9
:100C400000200146F9E7C10F80EAE0700844CA07B6
:100C50009623002100F0A9B996230022114600F046
:100C6000A4B90EB5C10F80EAE0700844CA0700219C
:100C700040F233438DE80E000A460B4600F0D2F9ED
:100C800003B000BD0EB540F2334102910021CDE921
:100C900000110A460B4600F0C5F903B000BD00F094
:100CA000004220F00040C10DC0F3160040F40000E7
:100CB0007F2901DA00207047962903DCC1F19601F3
:100CC000C84001E096398840002AF4D0404270477D
:100CD00070B5C1F30A5201F000450024C1F31301BD
:100CE00040F2FF3341F480119A4201DA002070BDD6
:100CF00040F233439A42A2F2334203DC5242FFF7FE
:100D000035FA00E090402C43F1D0404270BD00F035
:100D1000004230F000400AD0C10D01F56071C0F30F
:100D2000160042EA0151C2084007114370470020F3
:100D30000146704730B5041E71F1000404DB4FF02A
:100D40000044404264EB0101141E73F1000405DB12
:100D50001C464FF00043524263EB04038B4208BF32
:100D6000824230BD30B5041E71F1000404DB4FF047
:100D70000044404264EB0101141E73F1000405DBE2
:100D80001C464FF00043524263EB0403994208BFF4
:100D9000904230BD002801DBC0F10040002901DB9A
:100DA000C1F100418842704730B50B460146002032
:100DB0002022012409E021FA02F59D4205D303FA1D
:100DC00002F5491B04FA02F52844151EA2F101029E
:100DD000F1DC30BD2DE9F05F0546002092469B46D0
:100DE00088460646814640241BE028464146474641
:100DF0002246FFF7BBF953465A46C01A914110D319
:100E000011461846224600F016F82D1A67EB010825
:100E10004F4622460120002100F00DF817EB000993
:100E20004E41201EA4F10104DFDC484631462A462B
:100E30004346BDE8F09F202A04DB203A00FA02F185
:100E4000002070479140C2F1200320FA03F31943B8
:100E500090407047202A06DBCB17203A41FA02F077
:100E600043EAE07306E041FA02F3D040C2F1200207
:100E700091400843194670473A2800D2303820F094
:100E80002002412A01D3A2F13700884201D34FF05A
:100E9000FF307047026811441378016018467047AC
:100EA000D160044951610449116200211161114668
:100EB00000F0CEB9950E000845120008426842B114
:100EC000016811F8013B23B1521EC0E90012184617
:100ED00070470121C160881E704742685AB1C368DB
:100EE000016843B983688B4205D0491E521CC0E992
:100EF0000012002070474FF0FF3070470FB40023FE
:100F000000B589B00CA900910B996FF00042CB603D
:100F10001E4B06931E4B07930423CDE901321D4A55
:100F2000089202466B460020FFF790FB09B05DF87F
:100F300014FB70B586B006464FF0FF300091CDE946
:100F40000101002015460C4604903246694604A86B
:100F5000FFF7D4FF02460498211825B108B10846CE
:100F600000E020462860049800280DD0002A02DD09
:100F70000098884208D0081B0094CDE9010432464D
:100F8000694604A8FFF7BAFF06B070BDBD0E0008A1
:100F9000DB0E0008451200080029A8BF7047401C5E
:100FA000490008BF20F00100704710B4B0FA80FC7F
:100FB00000FA0CF050EA010404BF10BC704749B1BC
:100FC000CCF1200421FA04F411FA0CF118BF01212C
:100FD00021430843A3EB0C01CB1D4FEA00614FEA0C
:100FE000102042BF002010BC704700EBC3501044DB
:100FF0000029A4BF10BC7047401C490008BF20F066
:10100000010010BC704710B5141E73F1000408DA1B
:10101000401C41F1000192185B411A4301D120F0BC
:10102000010010BD2DE9F04D92469B4611B1B1FA79
:1010300081F202E0B0FA80F220329046FFF7FBFE28
:1010400004460F4640EA0A0041EA0B0153465A465D
:10105000084313D0114653EA010019D0C8F14002E9
:101060005046FFF783F805460E465046594642461D
:10107000FFF7E1FE084305D0012004E02046394691
:10108000BDE8F08D0020054346EAE0762C43374367
:101090000A986305E40AA0EB08000022FD0A44EA6E
:1010A00047540A3002D500200146E9E7010510192E
:1010B0006941DDE9084500196941BDE8F04DA2E745
:1010C0002DE9F04D81EA030404F0004B21F00045C6
:1010D00014464FF0000A23F0004150EA050220D0E8
:1010E00054EA01021DD0C5F30A570246C5F31303A3
:1010F000C1F31300C1F30A5640F4801543F4801382
:10110000A7EB0608101BD64608F2FD3873EB050066
:1011100002D308F1010801E092185B41B8F1000F19
:1011200003DA00200146BDE8F08D00204FF4801165
:10113000064684460EE0171B73EB050705D3121B0A
:1011400063EB050306434CEA010C49084FEA300003
:1011500092185B4150EA0107EDD152EA030012D028
:1011600082EA040083EA0501084305D0101BAB4165
:1011700006D20122002306E000224FF0004302E0E5
:101180006FF0010253101AEB06004CEB085110EB04
:101190000A0041EB0B01BDE8F04DFFF734BF0EB57F
:1011A00040F2334202920022CDE900221346FFF7BB
:1011B00039FF03B000BDC1F30A52C1F3130140F27D
:1011C000FF3341F480119A4202DA00200146704751
:1011D00040F233439A42A2F2334202DC5242FEF71B
:1011E000C5BFFFF728BE01F0004330B421F0004135
:1011F00050EA010206D00A0DA2F56072C1F3130194
:10120000002A02DC30BC00207047440F44EAC104CD
:10121000C100E01830BC00EBC250FFF7BDBE0000BB
:10122000064C074D06E0E06840F0010394E8070033
:1012300098471034AC42F6D3FEF77EFF28830108AE
:1012400048830108C0B24FF4F05100F099B9000092
:101250002DE9F34F8BB04FF0000801F10C000C4664
:101260004FF0010B46460DF1080A01906269012119
:1012700001989047051E2DD0252D2CD0216A884736
:10128000C0B16269012101989047216A884700280E
:10129000F7D1411E62690198904700E0761CA16970
:1012A0000B988847216A88470028F7D1E1690B9895
:1012B0008847DBE7A1690B9888470746A84201D118
:1012C000761CD3E7E1690B9888477F1C02D1B8F1FF
:1012D000000F6FD047E1002762693D46394601980B
:1012E00090472A2804D1626901210198904701257D
:1012F000DFF888926269012101989047A0F13001DE
:101300000A290AD24F45E5DC07EB870100EB4107CC
:10131000303FDFD445F01005ECE7E90601D46FF06B
:1013200000476C280AD04C2814D0682815D06A28A9
:101330000DD074281CD07A281AD01DE062690121D2
:10134000019890476C2802D045F0040514E045F060
:1013500002050DE045F020050AE0626901210198CF
:101360009047682802D045F0080505E045F400657F
:101370006269012101989047C4E9015765283DD071
:1013800019DC58287AD00CDC452837D004DC252815
:1013900026D0412831D131E046282FD047282CD102
:1013A0002CE05B2877D0612828D063287CD0642883
:1013B00023D15AE0D1E06F2848D008DC66281DD040
:1013C00067281BD0692821D06E2816D127E0702805
:1013D00045D0732868D0752847D078280DD14DE0C6
:1013E000A1690B988847054625283FF469AFE16954
:1013F0000B9888476D1C3FF46AAFB4E023466A46F9
:101400006FF001000B99FFF721F99FE045F04000D4
:101410006060A80723464FF0000236D43EE0E8079C
:101420007FF447AF2068011D21600068290501D5C0
:1014300006701BE7290701D5068017E7A90703D522
:10144000F117C0E9006111E706600FE745F04000C1
:101450006060A80723464FF0080216D41EE040F64D
:101460000E0125EA0100606016E045F04000606072
:10147000A80723464FF00A0207D40FE045F04000CA
:101480006060A80708D5234610226FF001000B9971
:10149000AFF300805AE007E0234610226FF001000E
:1014A0000B99FEF729FF51E04FF000094F464B46DC
:1014B000632802D05B2807D041E02079C00601D420
:1014C0000120A06001273AE062690121019890475C
:1014D0005E2805D14FF0010962694946019890479D
:1014E000216939B900210A46534643F82120491C95
:1014F0000829FADBB0B3216969B9C11700EBD162E1
:1015000053110AEB830122F01F02821A01200B689B
:10151000904003430B6062690121019890475D2868
:10152000E8D1B9F1000F09D00020514651F8202030
:10153000D24341F82020401C0828F7DB02AB2246AA
:1015400000976FF001000B99FEF77CFF00280CDA82
:10155000401C08D1BBF1000F05D04FF0FF300DB09B
:10156000BDE8F08FFFE74046F9E7E90701D108F150
:10157000010806444FF0000B78E60000CCCCCC0C00
:101580007F2801D9002208E0064A02EB5002C0077A
:10159000127800D1120902F00F0201209040084099
:1015A000704700006177010870B58C1810F8015B76
:1015B00015F0070301D110F8013B2A1106D110F8EC
:1015C000012B03E010F8016B01F8016B5B1EF9D1F0
:1015D0002B0705D40023521E0DD401F8013BFAE776
:1015E00010F8013BCB1A921C03E013F8015B01F8E1
:1015F000015B521EF9D5A142D8D3002070BD70B551
:10160000044600252068806800F0010018B32068B7
:10161000806820F001002168886001F043FD0546E4
:1016200013E001F03FFD401B02280ED920688068BE
:1016300000F0010048B1A06A40F01000A062E06A2A
:1016400040F00100E062012070BD2068806800F079
:1016500001000028E5D10020F6E7000038B5044677
:101660000025002000902068806800F0010078BB11
:101670002068806840F0010021688860194800688F
:101680001949B0FBF1F0009002E00098401E009074
:1016900000980028F9D101F005FD054619E001F098
:1016A00001FD401B022814D92068806800F0010069
:1016B00078B9A06A40F01000A062E06A40F0010032
:1016C000E06200BF002084F8240000BF012038BD84
:1016D00005E02068806800F001000028DFD00020CD
:1016E000F5E700001400002040420F00FEB5074659
:1016F0000C460026052F23D006DC052F32D2DFE86A
:1017000007F0101316191C00082F22D004DC062F36
:1017100019D0072F26D119E0092F1DD0FF2F21D175
:101720001DE0002000901DE0012000901AE0022042
:10173000009017E00320009014E00420009011E0D6
:10174000052000900EE0062000900BE0072000909E
:1017500008E00820009005E00920009002E0102039
:10176000009000BF00BF0720029001200190694651
:101770000C4800F065FB00250FE00A4800F0BAFDB8
:101780001E21084800F0F6FC064800F009FC06445B
:10179000044800F047FE681CC5B2A542EDDBB6FB6D
:1017A000F4F0FEBDE407002000BFFEE72DE9F041A4
:1017B00004460D46164643F23907207800233A4680
:1017C000012112F04DFD2168884202D00020BDE8C1
:1017D000F08120783246294609F08EF9012801D09F
:1017E0000020F4E70120F2E738B504460D4600205A
:1017F000009006222E494FF4106006F0CDF92C48D7
:1018000000782B49497808432949897808432849B1
:10181000C978084326490979084325494979084385
:1018200078B900202249087008204870DC208870B0
:101830000020C8700871487106224FF4106006F04D
:101840002BFA1C4804701C4805601C481C490860A1
:101850001748C07809680844194908601448007995
:101860000968084416490860114840790968084425
:10187000134908600E48C0780D49097948400C4961
:10188000497948400E49096808440D490860042216
:1018900069464FF4706006F0FFF904226946900132
:1018A00006F0FAF910F078FF00200649087038BDFC
:1018B000B400002078000020A800002078563412E0
:1018C000A40000209500002070B569480078062823
:1018D00001D1052070BD674909788900491C4FF482
:1018E000407202EBC10006F01DF9222806D0002349
:1018F000442202215F48007812F0B2FC01250EF06C
:10190000EBF9C4B25A4890F90000052877D2DFE815
:1019100000F0030F2C4F77000020574908704870E3
:101920008870C87011F09CF90120514908709CE042
:10193000022C16D151480068007C4F4908704F486E
:101940000068407C48704D480068807C88704B4837
:101950000068C07CC87011F0CFFA022044490870BA
:1019600002E008F0CBFD05467FE0052C14D108F01D
:1019700089FD40B142480068804710F00DFF032008
:101980003B49087013E010F007FF3E4800688047AD
:101990000020374908700AE0062C05D110F0FCFE43
:1019A00001203349087002E008F0A8FD05465CE01C
:1019B000042535480068401C00B3344800683249AB
:1019C0000968B0EB510F19D900242B480078304931
:1019D00008702948407848702748807888702648E1
:1019E000C078C8702B480068401C2A49086011F074
:1019F00083FA10F0D1FE04201D49087035E033E071
:101A00000425052C24D100202349087020480078A3
:101A100019490978884211D11D48407816494978FA
:101A200088420BD11A48807813498978884205D1B9
:101A30001748C0781049C978884203D00325174851
:101A40000068804710F0A8FE0320094908700AE0EA
:101A5000062C05D110F0A0FE01200549087002E017
:101A600008F04CFD054600E000BF00BF284631E706
:101A7000950000207800002085000020A8000020AC
:101A8000BC000020C4000020980000209C00002022
:101A900081000020A400002096000020C00000204B
:101AA00010B50448007808F07DFF06200249087050
:101AB00010BD00007800002095000020024800685A
:101AC000401C0149086070479C00002010B5024886
:101AD00000F0C6FE10BD0000300B002010B502481B
:101AE00000F0BEFE10BD0000A80A002010B502489C
:101AF00000F0B6FE10BD0000EC0A002030B590F8F2
:101B000040500124AC40C56B6C600468636044685D
:101B1000102C04D10468A2600468E16003E004684A
:101B2000A1600468E26030BD044A1070044A11608C
:101B300041F22212034B1A8070470000C4010020BA
:101B4000C0010020C60100202DE9F04389B0054600
:101B50000F46904600202E4908702E490860002349
:101B60001A4602212C48007812F07AFB4FF4807359
:101B70002A4839460268002009F078FD86B23520EF
:101B80002B4632460090254801682348007811F022
:101B9000A7FB35E0204800780BF0F2F9061E17DDB0
:101BA000B6F5807F01DD4FF4807602A803AB3246A4
:101BB00000901A4801681848007810F095FB86B22A
:101BC00042461648016804A80EF0C8F9814618E09C
:101BD00008F0EAFC0446002C07DA0F48007808F009
:101BE000E1FE002009B0BDE8F0834CB935202B465A
:101BF00032460090094801680748007811F070FBF0
:101C0000C8E700BF0448007808F0CCFE4846E9E782
:101C1000CC010020C8010020C4010020C001002028
:101C200002480068401C014908607047C801002054
:101C3000704772B600BFFEE71FB5044601F038FAE0
:101C4000019001F035FA029001F032FA0390039806
:101C5000009003A12046DDE9012306F071F81FBDC5
:101C600025303858253038582530385800000000C5
:101C700010B51448007850B1134805F00DF9002054
:101C800010490870114800681149086017E01148B0
:101C900005F0EBF858B90D490E4805F091F90C4BD9
:101CA0000A480D490268084805F01DF907E000BF21
:101CB0004FF4DB7209A111A006F032F800BF04480E
:101CC000006810BD9C040020903600207C04002099
:101CD000980400203C080020800400202E2E5C4246
:101CE00053505C5354545332324854525C535454FE
:101CF0005332324854522E63000000005B2053548C
:101D000054533232485452205D5B25733A25645D4A
:101D100020E5889DE5A78BE58C96E5A4B1E8B4A500
:101D20000D0A0A00F8B5044600260020009000BF06
:101D300094F82400012801D10220F8BD012084F884
:101D4000240000BF2046FFF75AFC06462046FFF756
:101D500085FC0646002E69D1A06A20F4885040F028
:101D60000200A062022001F02BFE34490968B1FB99
:101D7000F0F04000009002E00098401E00900098B3
:101D80000028F9D12068806840F008002168886048
:101D900001F088F9054616E001F084F9401B0A2895
:101DA00011D92068806800F0080060B1A06A20F0B6
:101DB000020040F01000A06200BF002084F8240060
:101DC00000BF0120B9E72068806800F00800002803
:101DD000E2D12068806840F004002168886001F04A
:101DE00061F9054616E001F05DF9401B0A2811D99A
:101DF0002068806800F0040060B1A06A20F0020052
:101E000040F01000A06200BF002084F8240000BF52
:101E1000012092E72068806800F004000028E2D1E9
:101E2000A06A20F0020040F00100A06200BF002084
:101E300084F8240000BF30467FE700001400002033
:101E400038B5024600230020009000BF92F824001D
:101E5000012801D1022038BD012082F8240000BFF2
:101E60004868072812D21068406B0C79641E04EB96
:101E700084051F24AC40A0430D796D1E05EB85053C
:101E80000C68AC4020431468606327E048680D2864
:101E900012D21068006B0C79E41F04EB84051F2438
:101EA000AC40A0430D79ED1F05EB85050C68AC40F7
:101EB00020431468206311E01068C06A0C790D3C5F
:101EC00004EB84051F24AC40A0430D790D3D05EBC8
:101ED00085050C68AC4020431468E06208680A2855
:101EE00012D31068C0680C780A3C04EB4405072440
:101EF000AC40A0430D780A3D05EB45058C68AC402D
:101F000020431468E0600FE0106800690C7804EB6F
:101F100044050724AC40A0430D7805EB45058C68CB
:101F2000AC402043146820610868102802D008687B
:101F3000112827D1174C1068A0421ED11068806864
:101F400000F40000F0B91068806840F400001468E4
:101F5000A0600868102815D10F4800680F4CB0FB2E
:101F6000F4F000EB80004000009002E00098401E7A
:101F7000009000980028F9D104E0906A40F0200019
:101F80009062012300BF002082F8240000BF1846A1
:101F900061E70000002401401400002040420F00CF
:101FA00001460868C06C70472DE9F04104460027DF
:101FB00000250026A84614B90120BDE8F081A068DC
:101FC00010B1207D00B100BFA06A30B90020E062EE
:101FD00084F82400204600F097F82046FFF70FFB16
:101FE0000746A06A00F01000002873D1002F7ED1B0
:101FF000A06A20F4885040F00200A0623F4AD4E971
:102000000001904208D1E069B0F5402F02D14FF4B1
:10201000002002E0E06900E0E0690143207B41EA42
:1020200040000643A068B0F5807F02D0A068012878
:1020300002D14FF4807000E000200543207D01288C
:1020400011D1207B38B9A069401E4FF4006141EAEC
:102050004030054307E0A06A40F02000A062E06A3B
:1020600040F00100E0622068406820F469402843A5
:102070002168486020688068214908403043216811
:102080008860A068B0F5807F02D0A068012802D1E6
:102090004FF4807000E00020B0F5807F03D1208AEB
:1020A000401E4FEA00582068C06A20F4700040EAE1
:1020B00008002168C8622068806812490840B04260
:1020C00009D10020E062A06A20F0020040F0010087
:1020D000A06211E00BE0A06A20F0020040F01000C6
:1020E000A062E06A40F00100E062012704E0A06A1B
:1020F00040F01000A062012738465EE7003C014036
:10210000FDF7E1FFFE0E1FFF10B586B0044600206C
:10211000029003900490059013492068884221D1D1
:1021200000BF1248806940F4007010498861084679
:10213000806900F40070019000BF00BF00BF084636
:10214000806940F0040088610846806900F004005E
:10215000019000BF00BF03200290039002A9044831
:1021600000F0F2FD06B010BD002401400010024056
:1021700000080140F8B504460D46002600200090F6
:10218000002700F08FFF06462068806800F480700A
:1021900050B1A06A40F02000A06200BF002084F887
:1021A000240000BF0120F8BD2068406800F4807062
:1021B00020BB2068C06A00F47000F8B917E0681C02
:1021C000A8B125B100F06EFF801BA8420FD920688E
:1021D000006800F0020050B9A06A40F00400A0625C
:1021E00000BF002084F8240000BF0320DBE7206844
:1021F000006800F002000028E1D053E0022001F066
:10220000DFFB38490968B1FBF0F021680969364AFB
:10221000114091B92168C9689211114069B92168CA
:102220000969324A114031B92168C96892111140D7
:1022300009B9142117E0292115E0216809692B4A01
:10224000114021B92168C9689211114041B121683A
:102250000969274A114029B92168C968114009B99B
:10226000542100E0FC2100FB01F718E0681C98B144
:1022700025B100F017FF801BA8420DD90098B84285
:102280000AD2A06A40F00400A06200BF002084F8D7
:10229000240000BF032086E70098401C00900098AF
:1022A000B842E3D36FF0120021680860A06A40F4DE
:1022B0000070A0622068806800F46020B0F5602F94
:1022C0000DD1207B58B9A06A20F48070A062A06A6A
:1022D00000F4805018B9A06A40F00100A06200200C
:1022E00061E700001400002024499224922449123E
:1022F0004992240070B50446002500BF94F82400DC
:10230000012801D1022070BD012084F8240000BF03
:102310002046FFF7A3F90546002D77D1A06A40F2C9
:102320000121884340F48070A0623C4920688842C3
:1023300008D13B48006800F4702008B9012002E091
:10234000002000E0012078B1A06A20F48010A06293
:102350002068406800F4806000B3A06A20F4005058
:1023600040F48050A06219E0A06A40F48010A0629E
:102370002B49091F2068884203D0284920688842D9
:1023800004D12748006800F4806000E0002028B1F4
:10239000A06A20F4005040F48050A062A06A00F4CB
:1023A000805020B1E06A20F00600E06201E00020E9
:1023B000E06200BF002084F8240000BFC01E216836
:1023C00008602068806800F46020B0F5602F16D1A6
:1023D00012492068884208D11148006800F4702032
:1023E00008B9012002E0002000E0012038B1206897
:1023F000806840F4A000216888600CE006E0206856
:10240000806840F480102168886004E000BF0020EC
:1024100084F8240000BF284675E70000002801402A
:102420000424014070B50446002500BF94F8240040
:10243000012801D1022070BD012084F8240000BFD2
:102440002046FFF7DCF805462DB9A06A20F4885035
:1024500040F00100A06200BF002084F8240000BF0B
:102460002846E8E770B504460CB9012070BD94F821
:10247000200010B9204600F0AFF82068006840F056
:1024800001002168086000F00DFE05460DE000F037
:1024900009FE401B0A2808D9606A40F400306062D7
:1024A000052084F820000120E0E72068406800F063
:1024B00001000028EBD02068006820F002002168AD
:1024C000086000F0EFFD05460DE000F0EBFD401B5D
:1024D0000A2808D9606A40F400306062052084F858
:1024E00020000120C2E72068406800F002000028B8
:1024F000EBD1207E012806D12068006840F08000E2
:102500002168086005E02068006820F080002168EC
:102510000860607E012806D12068006840F0400015
:102520002168086005E02068006820F0400021680C
:102530000860A07E012806D12068006840F02000D5
:102540002168086005E02068006820F0200021680C
:102550000860E07E012806D12068006820F01000A5
:102560002168086005E02068006840F010002168DC
:102570000860207F012806D12068006840F008002C
:102580002168086005E02068006820F008002168E4
:102590000860607F012806D12068006840F00400D0
:1025A0002168086005E02068006820F004002168C8
:1025B0000860D4E9020108432169084361690843BE
:1025C0006168491E08432168C861002060620120DB
:1025D00084F82000002049E710B586B004460020AA
:1025E00002900390049005901A49206888422ED1E9
:1025F00000BF1948C06940F000701749C86108461B
:10260000C06900F00070019000BF00BF00BF084625
:10261000806940F0040088610846806900F0040089
:10262000019000BF00BFC8140290002003900490E6
:1026300002A90A4800F088FB4FF480500290022063
:1026400003900320059002A9044800F07DFB06B02A
:1026500010BD00000064004000100240000801406E
:102660000146002291F82100022808D00420886346
:1026700000BF002081F8200000BF012070470868DB
:10268000006820F00E000B6818600868006820F0F1
:1026900001000B68186091F8403001209840CB6B26
:1026A0005860012081F8210000BF002081F820003F
:1026B00000BF1046E2E7000070B50446002594F81C
:1026C0002100022803D00420A0630125C1E0206876
:1026D000006820F00E00216808602068006820F083
:1026E0000100216808605C492068884252D95A4933
:1026F00078392068884201D1012047E05649643981
:102700002068884201D1102040E0534950392068A8
:10271000884201D1801539E04F493C392068884210
:1027200001D1801432E04C4928392068884202D116
:102730004FF480302AE0484914392068884202D199
:102740004FF4801022E044492068884201D14004BF
:102750001CE042492068884201D1012016E03F492F
:1027600014312068884201D110200FE03B49283104
:102770002068884201D1801508E038493C31206842
:10278000884201D1801401E04FF480303349091FA1
:10279000086051E0304978392068884201D1012031
:1027A00047E02D4964392068884201D1102040E07B
:1027B000294950392068884201D1801539E02649DD
:1027C0003C392068884201D1801432E022492839FE
:1027D0002068884202D14FF480302AE01E49143923
:1027E0002068884202D14FF4801022E01A49206804
:1027F000884201D140041CE018492068884201D178
:10280000012016E0154914312068884201D11020BA
:102810000FE0124928312068884201D1801508E074
:102820000E493C312068884201D1801401E04FF408
:102830008030094980394860012084F8210000BFB8
:10284000002084F8200000BF606B10B12046616B4F
:102850008847284670BD00008000024008040240FE
:1028600070B50446E06B05682068066894F840106F
:10287000042088402840002875D006F00400002875
:10288000FAD02068006800F0200028B920680068AD
:1028900020F0040021680860D5492068884254D996
:1028A000D34978392068884201D1042049E0D049D1
:1028B00064392068884201D1402042E0CC49503937
:1028C0002068884201D100153BE0C9493C392068A5
:1028D000884202D14FF4804033E0C549283920684E
:1028E000884202D14FF480202BE0C149143920687E
:1028F000884202D14FF4800023E0BD49206888421D
:1029000001D1C0041DE0BB492068884201D10420E8
:1029100017E0B84914312068884201D1402010E006
:10292000B44928312068884201D1001509E0B14935
:102930003C312068884202D14FF4804001E04FF4DE
:102940008020AC49091F086054E0A9497839206803
:10295000884201D104204AE0A549643920688842B0
:1029600002D1402043E04CE0A14950392068884220
:1029700001D100153BE09E493C392068884202D1D4
:102980004FF4804033E09A4928392068884202D1C8
:102990004FF480202BE0964914392068884202D1F8
:1029A0004FF4800023E092492068884201D1C0049E
:1029B0001DE090492068884201D1042017E08D492C
:1029C00014312068884201D1402010E08949283123
:1029D0002068884201D1001509E086493C31206811
:1029E000884202D14FF4804001E04FF480208049BA
:1029F00080394860E06A002802D02046E16A8847B2
:102A0000F4E094F84010022088402840002871D05B
:102A100006F002000028FAD02068006800F02000CC
:102A200040B92068006820F00A0021680860012091
:102A300084F821006E492068884254D96C4978395D
:102A40002068884201D1022049E069496439206840
:102A5000884201D1202042E06549503920688842EF
:102A600001D140153BE062493C392068884202D1DF
:102A70004FF4005033E05E4928392068884202D183
:102A80004FF400302BE05A4914392068884202D1B3
:102A90004FF4001023E056492068884201D1800499
:102AA0001DE054492068884201D1022017E05149B5
:102AB00014312068884201D1202010E04D4928318E
:102AC0002068884201D1401509E04A493C3120681C
:102AD000884202D14FF4005001E04FF400304549E4
:102AE000091F086054E0424978392068884202D1C1
:102AF00002204AE057E03E4964392068884201D10B
:102B0000202042E03A4950392068884201D14015DE
:102B10003BE037493C392068884202D14FF40050ED
:102B200033E0334928392068884202D14FF400301D
:102B30002BE02F4914392068884202D14FF400104D
:102B400023E02B492068884201D180041DE02949F7
:102B50002068884201D1022017E0264914312068FC
:102B6000884201D1202010E0224928312068884283
:102B700001D1401509E01F493C312068884202D14B
:102B80004FF4005001E04FF400301949803948609B
:102B900000BF002084F8200000BFA06A30B32046A8
:102BA000A16A884722E094F8401008208840284015
:102BB000E0B106F00800C8B12068006820F00E00FF
:102BC0002168086094F8401001208840E16B48605B
:102BD0000120A06384F8210000BF002084F82000B9
:102BE00000BF206B10B12046216B884770BD0000EC
:102BF00080000240080402400146002209B9012079
:102C000070471E4B086898420BD21D4B0868C01ACB
:102C10001423B0FBF3F08000086419480838C86337
:102C20000AE0164B0868C01A1423B0FBF3F08000CA
:102C3000086412480838C863022081F82100086837
:102C4000026843F6F0708243D1E901031843CB6870
:102C500018430B6918434B6918438B691843CB69B8
:102C6000184302430868026000208863012081F84D
:102C70002100002081F8200000BFC1E708040240C5
:102C8000080002402DE9F04104460D4616461F4655
:102C90004FF0000800BF94F82000012802D1022064
:102CA000BDE8F081012084F8200000BF94F82100E5
:102CB00001282CD1022084F821000020A063206884
:102CC000006820F00100216808603B463246294632
:102CD0002046FEF713FFE06A30B12068006840F03C
:102CE0000E00216808600BE02068006820F00400F6
:102CF000216808602068006840F00A0021680860C8
:102D00002068006840F001002168086006E000BF0C
:102D1000002084F8200000BF4FF002084046BFE7C3
:102D200070B5044600F0BEF906462546681C10B191
:102D300004480078054400BF00F0B4F9801BA842A5
:102D4000FAD370BD100000202DE9F8470246002399
:102D50009C467BE14FF0010808FA03F4D1F80080AB
:102D600008EA0400A0427DD1DFF8F4A2D1F8048083
:102D7000A8EB0A09D0453AD014DCB8F1030F50D0C3
:102D800009DCB8F1000F31D0B8F1010F1CD0B8F157
:102D9000020F49D120E0B8F1110F18D0B8F1120F8D
:102DA00042D11EE0B9F5881F25D006DCB9F5803F79
:102DB00020D0B9F5801F37D11AE0B9F5001F18D01F
:102DC000B9F5041F30D117E0D1F80CC02DE0D1F8CF
:102DD0000C8008F1040C28E0D1F80C8008F1080CF4
:102DE00023E0D1F80C8008F10C0C1EE000BF00BFFE
:102DF00000BF00BF00BF00BFD1F80880B8F1000FCE
:102E000002D14FF0040C0BE0D1F80880B8F1010FAB
:102E100003D14FF0080C146102E04FF0080C54612C
:102E200003E04FF0000C00E000BF00BFFF2801D816
:102E3000904601E002F104084646FF2802D84FEA16
:102E4000830803E0A3F108084FEA88084746D6F84C
:102E500000804FF00F0909FA07F928EA09080CFA6F
:102E600007F900E07AE048EA0908C6F80080D1F8DE
:102E7000048008F08058B8F1805F6FD100BFDFF8A0
:102E8000E481D8F8188048F00108DFF8D891C9F833
:102E90001880C846D8F8188008F00108CDF80080DE
:102EA00000BF00BF4FEAB9384FEA930958F82950DC
:102EB0004FEA83784FEA18794FF00F0808FA09F8BB
:102EC00025EA0805DFF8A081424502D14FF000084D
:102ED00024E0DFF89881424502D14FF001081DE05F
:102EE000DFF88C81424502D14FF0020816E0DFF88E
:102EF0008481424502D14FF003080FE0DFF878816A
:102F0000424502D14FF0040808E0DFF870814245E5
:102F100002D14FF0050801E04FF006084FEA83792F
:102F20004FEA197908FA09F848EA0505DFF85081EF
:102F30004FEA930948F82950D1F8048008F4801822
:102F4000B8F5801F0BD1DFF83C81D8F8008048EA43
:102F50000008DFF83091C9F800800AE075E0DFF87A
:102F60002481D8F8008028EA0008DFF81891C9F811
:102F70000080D1F8048008F40018B8F5001F0ED1C5
:102F8000DFF8008108F10408D8F8008048EA00085A
:102F9000DFF8F09009F10409C9F800800DE0DFF8CE
:102FA000E48008F10408D8F8008028EA0008DFF877
:102FB000D49009F10409C9F80080D1F8048008F41C
:102FC0000038B8F5003F0ED1DFF8B880A8F104084A
:102FD000D8F8008048EA0008DFF8A890A9F10409B1
:102FE000C9F800800DE0DFF89C80A8F10408D8F84B
:102FF000008028EA0008DFF88C90A9F10409C9F8DC
:103000000080D1F8048008F48038B8F5803F0ED1F4
:10301000DFF87080A8F10808D8F8008048EA0008B6
:10302000DFF86090A9F10809C9F800800DE0DFF829
:103030005480A8F10808D8F8008028EA0008DFF8D2
:103040004490A9F10809C9F800805B1CD1F8008000
:1030500028FA03F8B8F1000F7FF47CAEBDE8F887DA
:10306000000011100010024000080140000C014057
:10307000001001400014014000180140001C0140F4
:103080000800014008040140024693680B400BB160
:10309000012000E0002070470AB1016101E00B044B
:1030A0000361704701480068704700000800002075
:1030B0000148006870470000E8F7FF1F70B504463C
:1030C0000CB9012070BD94F83D0028B9002084F8A7
:1030D0003C00204600F046FB242084F83D00206898
:1030E000006820F00100216808602068006840F452
:1030F0000040216808602068006820F400402168D2
:10310000086000F06FFE05465C496068884206D89A
:103110005B48854201D2012007E0002005E05948C4
:10312000854201D2012000E00020012800D1C9E73A
:103130005548B5FBF0F62068406820F03F0030436A
:10314000216848604D496068884201D8701C07E0DA
:103150004FF4967070434FF47A71B0FBF1F0401C5D
:103160002168096A21F03F01084321680862434948
:103170006068884214D8681E61684900B0FBF1F0AD
:10318000401CC0F30B00042801D204203DE0681E5F
:1031900061684900B0FBF1F0401CC0F30B0034E063
:1031A000A06838B9681E616801EB4101B0FBF1F01D
:1031B000401C0AE0681E616801EBC10202EB0111CC
:1031C000B0FBF1F0401C40F48040C0F30B0008B9A4
:1031D00001201AE0A06848B9681E616801EB41014E
:1031E000B0FBF1F0401CC0F30B000CE0681E6168FE
:1031F00001EBC10202EB0111B0FBF1F0401CC0F386
:103200000B0040F4804040F400402168C9694CF64E
:10321000FF72914308432168C861D4E9070108435C
:103220002168096821F0C001084321680860D4E9D9
:10323000031008432168896848F2FF32914308432C
:1032400021688860D4E9050108432168C96821F034
:10325000FF0108432168C8602068006840F0010051
:103260002168086000202064202084F83D000020B0
:10327000206384F83E0000BF24E70000A086010020
:1032800080841E0000093D0040420F002DE9FE4FE2
:1032900004460F4690469946DDE90CAB0E9E002091
:1032A0000290FFF7FFFE054694F83D00202872D1FA
:1032B00019230122CE492046009502F082FC10B16C
:1032C0000220BDE8FE8F00BF94F83C00012801D128
:1032D0000220F6E7012084F83C0000BF2068006867
:1032E00000F0010028B92068006840F00100216862
:1032F00008602068006820F40060216808602220CF
:1033000084F83D00402084F83E0000202064C4F88A
:1033100024A0A4F82AB0608D2085B648E0624B4610
:10332000424639462046CDE9006502F0F7FA08B179
:103330000120C6E7208D88B900BF002001902068D9
:103340004069019020688069019000BF00BF20683B
:10335000006840F40070216808604BE0208D01286F
:103360001AD12068006820F480602168086072B675
:1033700000BF0020019020684069019020688069AA
:10338000019000BF00BF2068006840F40070216811
:10339000086062B62EE029E1208D022819D120684C
:1033A000006840F400602168086072B600BF002029
:1033B000019020684069019020688069019000BFF9
:1033C00000BF2068006820F480602168086062B651
:1033D00010E02068006840F480602168086000BF49
:1033E0000020019020684069019020688069019068
:1033F00000BF00BFEBE0208D03287DD8208D012881
:1034000015D12A463146204602F0B7FC08B101200A
:1034100057E720680069616A0870606A401C606252
:10342000208D401E2085608D401E6085CFE0208D60
:1034300002282CD1334600226F492046009502F025
:10344000C0FB08B101203CE772B62068006840F478
:1034500000702168086020680069616A0870606A0D
:10346000401C6062208D401E2085608D401E60855E
:1034700062B620680069616A0870606A401C606218
:10348000208D401E2085608D401E60859FE0334664
:10349000002259492046009502F093FB08B1012013
:1034A0000FE72068006820F480602168086072B629
:1034B00020680069616A0870606A401C6062208D43
:1034C000401E2085608D401E60854C480068192193
:1034D000B0FBF1F04FF47A71B0FBF1F0C0EBC0003B
:1034E00000EB8000029000BF0298401E02900298FC
:1034F000A8B90020206300E039E0202084F83D00D6
:10350000002084F83E00206C40F02000206462B669
:1035100000BF002084F83C0000BF0120D1E62068F5
:103520004069C0F380000028DED02068006840F4C5
:1035300000702168086020680069616A0870606A2C
:10354000401C6062208D401E2085608D401E60857D
:1035500062B620680069616A0870606A401C606237
:10356000208D401E2085608D401E60852FE02A46FC
:103570003146204602F001FC08B10120A1E6206896
:103580000069616A0870606A401C6062208D401E9C
:103590002085608D401E608520684069C0F38000F2
:1035A000A8B1208D032805D12068006820F4806030
:1035B0002168086020680069616A0870606A401CC0
:1035C0006062208D401E2085608D401E6085208DAC
:1035D00000287FF410AF202084F83D00002084F8FC
:1035E0003E0000BF84F83C0000BF6AE6022068E6A7
:1035F000020010000000FFFF040001001400002082
:103600002DE9FC5F04460F4690469946DDE90CAB78
:103610000E9EFFF747FD054694F83D0020287DD11A
:10362000192301224D492046009502F0CAFA10B133
:103630000220BDE8FC9F00BF94F83C00012801D1A6
:103640000220F6E7012084F83C0000BF20680068F3
:1036500000F0010028B92068006840F001002168EE
:1036600008602068006820F400602168086021205C
:1036700084F83D00402084F83E0000202064C4F817
:1036800024A0A4F82AB0608D20853548E0624B461E
:10369000424639462046CDE9006502F0EFF908B10F
:1036A0000120C6E731E02A463146204602F0AAFB57
:1036B00050B1206C042805D12068006840F40070E7
:1036C000216808600120B4E7606A00782168086119
:1036D000606A401C6062208D401E2085608D401E07
:1036E000608520684069C0F3800070B1208D60B1B2
:1036F000606A007821680861606A401C6062208D01
:10370000401E2085608D401E6085208D0028CAD116
:103710002A463146204602F021FA00E01CE050B172
:10372000206C042805D12068006840F400702168EE
:10373000086001207DE72068006840F4007021687F
:103740000860202084F83D00002084F83E0000BF7F
:1037500084F83C0000BF6CE702206AE7020010001A
:103760000000FFFF10B586B00446002002900390D1
:103770000490059015492068884225D100BF14485F
:10378000806940F00800124988610846806900F0AD
:103790000800019000BF00BFC020029012200390DB
:1037A0000320059002A90B48FFF7CEFA00BF084896
:1037B000C06940F400100649C8610846C06900F4B9
:1037C0000010019000BF00BF06B010BD00540040C3
:1037D00000100240000C01400348006803490978CA
:1037E00008440149086070470800002010000020CC
:1037F00010B50848006840F0100006490860032032
:1038000000F0A8F80F2000F007F800F02BF80020D7
:1038100010BD00000020024070B504460E4800783C
:103820004FF47A71B1FBF0F00C490968B1FBF0F587
:10383000284601F001F908B1012070BD102C07D213
:1038400000222146501E00F047F80548046001E0C0
:103850000120F2E70020F0E7100000201400002013
:103860000C00002008B500BF1148806940F001003D
:103870000F4988610846806900F00100009000BF90
:1038800000BF00BF0846C06940F08050C8610846CC
:10389000C06900F08050009000BF00BF00BF054924
:1038A000486820F0E06040F00070486000BF08BD4C
:1038B000001002400000014001460846002809DBD4
:1038C00000F01F0301229A4043099B0003F1E0230B
:1038D000C3F8002100BF70472DE9F05F80460D4618
:1038E0001646002704F06CFA074639462A46334646
:1038F00001F00700C0F1070ABAF1040F02D94FF036
:10390000040A01E0C0F1070AD14600F1040ABAF145
:10391000070F02D24FF0000A01E0A0F1030AD446DB
:103920004FF0010A0AFA09FAAAF1010A0AEA020AA0
:103930000AFA0CFA4FF0010B0BFA0CFBABF1010B7E
:103940000BEA030B4AEA0B042146404604F040FA16
:10395000BDE8F09F00BF00F00702064B19684FF664
:10396000FF031940044B0B4343EA0221014B19604A
:1039700000BF70470CED00E00000FA0500BF00BF7B
:1039800000BF00BF00BFBFF34F8F00BF00BF00BF2D
:103990000948006800F4E06008490843001D064932
:1039A000086000BF00BF00BFBFF34F8F00BF00BF64
:1039B00000BF00BF00BFFDE70CED00E00000FA050E
:1039C0002DE9F04706464FF00008002500270024A7
:1039D000A146042E37D004DC012E3CD0022E6CD13F
:1039E00060E0082E33D0102E67D136484468006856
:1039F00000F0807008B33448C4F38341475C04F49A
:103A0000803078B12F484068C0F340402F4911F80A
:103A1000008004F4803040B12D48B0FBF8F000FB8A
:103A200007F502E02B4807FB00F52648406800F444
:103A30008000B0F5800F01D1A94603E068000321A2
:103A4000B0FBF1F93AE000F0EDF9814636E000F024
:103A5000E9F9814632E01B48046A04F44070B0F58D
:103A6000807F05D104F0020010B14FF4004918E046
:103A700004F44070B0F5007F07D11248406A00F0AE
:103A8000020010B149F640490BE004F44070B0F573
:103A9000407F06D10B48006800F4003008B14FF2B7
:103AA00024490BE000F0AEF906494968C1F38131C1
:103AB000491C4900B0FBF1F900E000BF00BF4846D7
:103AC000BDE8F08700100240746D0108846D0108A4
:103AD00000127A0000093D00F8B5044600260025D2
:103AE000207800F0010000286BD000274348C0690F
:103AF00000F0805070B900BF4048C06940F080506D
:103B00003E49C8610846C06900F08050009000BF7F
:103B100000BF01273A48006800F48070B0B9384807
:103B2000006840F4807036490860FFF7BBFA06462B
:103B300006E0FFF7B7FA801B642801D90320F8BD1F
:103B40002F48006800F480700028F2D02B48006AEB
:103B500000F440752DB3A08800F44070A84220D036
:103B60002648006A20F4407501202649086000209C
:103B700008602248056205F0010090B1FFF792FA53
:103B8000064608E0FFF78EFA801B41F28831884232
:103B900001D90320D3E71948006A00F00200002889
:103BA000F0D01648006A20F4407061680843134959
:103BB0000862012F04D10846C06920F08050C86116
:103BC00000BF207800F00200022807D10B484068AF
:103BD00020F44040A168084308494860207800F07C
:103BE0001000102807D10548406820F48000616962
:103BF0000843024948600020A1E70000001002408D
:103C0000007000404004424270B504460D460CB9B5
:103C1000012070BD5A48006800F00700A8420ED28B
:103C20005748006820F007002843554908600846B7
:103C3000006800F00700A84201D00120E9E72078E1
:103C400000F0020002281DD1207800F004000428B2
:103C500005D14C48406840F4E0604A49486020780B
:103C600000F00800082805D14648406840F460503C
:103C7000444948604348406820F0F000A168084388
:103C800040494860207800F0010078B3606801285E
:103C900006D13C48006800F4003090B90120B8E734
:103CA0006068022806D13748006800F0007040B90B
:103CB0000120AEE73348006800F0020008B9012097
:103CC000A7E73048406820F00300616808432D49A9
:103CD0004860FFF7E7F9064609E0FFF7E3F9801BC4
:103CE00041F28831884202D9032092E707E0254853
:103CF000406800F00C006168B0EB810FEDD1204806
:103D0000006800F00700A8420ED91D48006820F0A6
:103D1000070028431A4908600846006800F00700B9
:103D2000A84201D0012074E7207800F004000428A4
:103D300007D11448406820F4E060E1680843114965
:103D40004860207800F00800082808D10D48406835
:103D500020F46050216940EAC1000A49486000F03F
:103D600061F808494968C1F30311074A515CC8402A
:103D70000649086006480068FFF74EFD002048E746
:103D80000020024000100240866D0108140000204F
:103D90000C0000200F2202600D4A526802F003025C
:103DA00042600B4A526802F0F0028260084A526890
:103DB00002F4E062C260064A526802F46052D2081D
:103DC0000261044A126802F007020A6070470000AC
:103DD00000100240002002400148006870470000C7
:103DE0001400002000B5FFF7F7FF04494968C1F34C
:103DF0000221034A515CC84000BD0000001002408F
:103E0000966D010800B5FFF7E7FF04494968C1F363
:103E1000C221034A515CC84000BD000000100240AE
:103E2000966D010870B500210022002400230020B7
:103E3000134D696801F00C05F5B1042D02D0082D71
:103E400019D101E00F4819E00F4DC1F38346AB5D76
:103E500001F4803555B10A4D6D68C5F340450B4EF0
:103E6000725D084D5D43B5FBF2F402E0084D03FBC3
:103E700005F4204602E000BF024800BF00BF70BD4D
:103E80000010024000127A00626D0108726D010894
:103E900000093D00F8B504460CB90120F8BD2078B2
:103EA00000F00100002878D0F848406800F00C00CD
:103EB00004280CD0F548406800F00C00082811D107
:103EC000F248406800F48030B0F5803F0AD1EF48F6
:103ED000006800F4003000285FD0606800285CD1E2
:103EE0000120DBE700BF6068B0F5803F06D1E748FE
:103EF000006840F48030E549086028E0606858B9FF
:103F0000E248006820F48030E04908600846006814
:103F100020F4802008601AE06068B0F5A02F0BD173
:103F2000DA48006840F48020D849086008460068F4
:103F300040F4803008600AE0D448006820F4803003
:103F4000D24908600846006820F48020086000BF5D
:103F5000606888B1FFF7A6F8054606E0FFF7A2F80B
:103F6000401B642801D9032098E7C848006800F482
:103F700000300028F2D010E0FFF794F8054606E084
:103F8000FFF790F8401B642801D9032086E7BF485B
:103F9000006800F400300028F2D1207800F0020020
:103FA000022857D1B948406800F00C0050B1B7481A
:103FB000406800F00C00082818D1B448406800F4AC
:103FC000803098B9B148006800F0020020B1206943
:103FD000012801D0012061E7AC48006820F0F8001A
:103FE000616940EAC100A949086033E02069E8B18D
:103FF0000120A7490860FFF755F8054606E0FFF7DE
:1040000051F8401B022801D9032047E79F48006868
:1040100000F002000028F2D09C48006820F0F80070
:10402000616940EAC1009949086013E0002098499D
:104030000860FFF737F8054606E0FFF733F8401B46
:10404000022801D9032029E79048006800F0020007
:104050000028F2D1207800F0080008282DD1A069AE
:10406000B8B101208B490860FFF71CF8054606E04F
:10407000FFF718F8401B022801D903200EE78348F8
:10408000406A00F002000028F2D0012002F0F6FDA4
:1040900013E000207F490860FFF704F8054606E0BA
:1040A000FFF700F8401B022801D90320F6E6774805
:1040B000406A00F002000028F2D1207800F00400ED
:1040C000042873D100277148C06900F0805070B98E
:1040D00000BF6E48C06940F080506C49C861084616
:1040E000C06900F08050009000BF00BF01276A48FF
:1040F000006800F48070B0B96748006840F48070D0
:1041000065490860FEF7CEFF054606E0FEF7CAFFE8
:10411000401B642801D90320C0E65F48006800F412
:1041200080700028F2D000BFE068012806D157480F
:10413000006A40F001005549086227E0E06858B97C
:104140005248006A20F00100504908620846006A9F
:1041500020F00400086219E0E06805280BD14B4804
:10416000006A40F00400494908620846006A40F0CD
:10417000010008620AE04548006A20F00100434956
:1041800008620846006A20F00400086200BFE06888
:10419000A0B1FEF787FF054609E0FEF783FF401B4D
:1041A00041F28831884202D9032077E622E037487D
:1041B000006A00F002000028EFD012E0FEF772FF64
:1041C000054608E0FEF76EFF401B41F28831884249
:1041D00001D9032062E62D48006A00F002000028A1
:1041E000F0D1012F05D12948C06920F0805027491E
:1041F000C86100BFE069C8B32448406800F00C0003
:10420000082860D0E069022848D1002020490866CB
:10421000FEF748FF054606E0FEF744FF401B022874
:1042200001D903203AE61948006800F00070002820
:10423000F2D1206AB0F5803F07D11448406820F4DD
:104240000030A168084311494860D4E908010843D7
:104250000E49496821F4741108430C494860012053
:104260000B490866FEF71EFF054607E03DE0FEF736
:1042700019FF401B022801D903200FE603480068FC
:1042800000F000700028F2D02FE000000010024083
:104290000000424280044242007000400020144965
:1042A0000866FEF7FFFE054606E0FEF7FBFE401B34
:1042B000022801D90320F1E50E48006800F00070E3
:1042C0000028F2D111E0E069012800D1E6E50948B3
:1042D000466806F48031206A814204D106F47011E8
:1042E000606A814201D00120D8E50020D6E50000B7
:1042F000000042420010024010B504460CB90120F3
:1043000010BD606A38B96068B0F5827F00D105E001
:104310000021E16102E00021216161610021A162CF
:1043200094F8510028B9002084F85000204600F08D
:1043300043F8022084F851002068006820F0400013
:1043400021680860A08800F48270218901F404418A
:104350000843A18901F400610843217C01F00201B6
:104360000843217D01F001010843218B01F4007114
:104370000843217F01F0380108432021095D01F045
:1043800080010843218D01F4005108432168086031
:104390000421A06901EA1040216848602068C069D2
:1043A00020F400602168C86100206065012084F865
:1043B00051000020A4E7000010B586B0044600209C
:1043C00002900390049005903449206888422ED1D1
:1043D00000BF3348806940F4805031498861084605
:1043E000806900F48050019000BF00BF00BF084604
:1043F000806940F0040088610846806900F004008C
:10440000019000BF00BFA020029002200390032073
:10441000059002A92348FEF797FC40200290002057
:104420000390049002A91F48FEF78EFC33E01E495A
:10443000206888422FD100BF1948C06940F48040ED
:104440001749C8610846C06900F48040019000BF68
:1044500000BF00BF0846806940F008008861084638
:10446000806900F00800019000BF00BF4FF42040B9
:104470000290022003900320059002A90B48FEF74A
:1044800063FC4FF48040029000200390049002A946
:104490000648FEF759FC06B010BD00000030014090
:1044A000001002400008014000380040000C0140AC
:1044B0002DE9F8430446884616461D4694F85100F7
:1044C000012802D00220BDE8F8836068B0F5827F41
:1044D0000CD1A06850B9042084F8510033464246FC
:1044E00041462046009500F083F9ECE7FEF7DAFD3F
:1044F0000746B8F1000F00D00EB90120E3E700BF76
:1045000094F85000012801D10220DCE7012084F852
:10451000500000BF042084F8510000206065C4F8FA
:104520003880A687E6872063A086E08620646064E2
:10453000A068B0F5004F0BD12068006820F0400063
:10454000216808602068006820F4804021680860C5
:104550002068006800F04000402805D0206800680E
:1045600040F0400021680860E06830BB21E020682E
:10457000806800F0010050B12068007BA16B0870DA
:10458000A06B401CA063E08F401EE08711E0FEF7A7
:1045900089FDC01BA84201D3681C00B94DB9012098
:1045A00084F8510000BF002084F8500000BF0320B1
:1045B00089E7E08F0028DAD125E021E020688068D3
:1045C00000F0010050B12068C068A16B0880A06BAA
:1045D000801CA063E08F401EE08711E0FEF762FDC3
:1045E000C01BA84201D3681C00B94DB9012084F852
:1045F000510000BF002084F8500000BF032062E794
:10460000E08F0028DAD13A462946204602F04AFBDC
:1046100008B120206065012084F8510000BF00200F
:1046200084F8500000BF606D08B101204BE7002006
:1046300049E72DE9F84304460F4616461D46FEF7A6
:1046400031FD8046B14694F85100012802D0022085
:10465000BDE8F88307B10EB90120F9E700BF94F86F
:104660005000012801D10220F2E7012084F8500017
:1046700000BF032084F85100002060652763A686F0
:10468000E686A063A087E08760642064A068B0F538
:10469000004F0BD12068006820F0400021680860BE
:1046A0002068006840F48040216808602068006845
:1046B00000F04000402805D02068006840F040002D
:1046C00021680860E068B0F5006F37D1606810B10C
:1046D000B9F1010F09D1206B00882168C860206BF7
:1046E000801C2063E08E401EE08623E02068806806
:1046F00000F0020002280AD1206B00882168C860FF
:10470000206B801C2063E08E401EE08612E0FEF7E6
:10471000C9FCA0EB0800A84201D3681C00B94DB940
:10472000012084F8510000BF002084F8500000BF31
:1047300003208DE7E08E0028D8D136E0606810B104
:10474000B9F1010F09D1206B007821680873206B43
:10475000401C2063E08E401EE08623E020688068D5
:1047600000F0020002280AD1206B0078216808734B
:10477000206B401C2063E08E401EE08612E0FEF7B6
:1047800091FCA0EB0800A84201D3681C00B94DB908
:10479000012084F8510000BF002084F8500000BFC1
:1047A000032055E7E08E0028D8D14246294620460E
:1047B00002F0B4FA08B120206065A06850B900BFCB
:1047C000002000902068C0680090206880680090F9
:1047D00000BF00BF012084F8510000BF002084F812
:1047E000500000BF606D08B1012031E700202FE7C5
:1047F0002DE9FE4F04460F4690461D460C9E0120B3
:104800000190FEF74FFC814694F851B06068029029
:10481000AA46BBF1010F0BD00298B0F5827F04D1FC
:10482000A06810B9BBF1040F02D00220BDE8FE8FD2
:104830001FB1B8F1000F00D00DB90120F6E700BF9D
:1048400094F85000012801D10220EFE7012084F8FC
:10485000500000BF94F85100042802D0052084F8CD
:10486000510000206065C4F83880E587A58727637C
:10487000E586A586206460642068006800F040003A
:10488000402805D02068006840F04000216808609A
:10489000E068B0F5006F52D1606810B1BAF1010F55
:1048A00009D1206B00882168C860206B801C2063C0
:1048B000E08E401EE0863BE02068806800F0020049
:1048C000022810D1E08E70B1019801280BD1206B25
:1048D00000882168C860206B801C2063E08E401E29
:1048E000E086002001902068806800F0010068B137
:1048F000E08F58B12068C068A16B0880A06B801C55
:10490000A063E08F401EE08701200190FEF7CAFB04
:10491000A0EB0900B0420BD3701C48B1012084F811
:10492000510000BF002084F8500000BF03207DE745
:10493000E08E0028C0D1E08F0028BDD152E0606831
:1049400010B1BAF1010F09D1206B0078216808730A
:10495000206B401C2063E08E401EE0863CE0206817
:10496000806800F00200022810D1E08E70B101983A
:1049700001280BD1206B007821680873206B401C44
:104980002063E08E401EE086002001902068806851
:1049900000F0010068B1E08F58B12068C068A16BD9
:1049A0000870A06B401CA063E08F401EE0870120D0
:1049B0000190FEF777FBA0EB0900B04201D3701C19
:1049C00000B94EB9012084F8510000BF002084F8DE
:1049D000500000BF032029E7E08E0028BFD1E08F00
:1049E0000028BCD14A463146204602F097F940B132
:1049F0002020606500BF002084F8500000BF012027
:104A000014E7A06850B900BF002000902068C0687B
:104A1000009020688068009000BF00BF012084F8EB
:104A2000510000BF002084F8500000BF606D08B145
:104A30000120FBE60020F9E670B504462546681E15
:104A4000B0F1807F01D301200FE0681E4FF0E0211C
:104A500048610F214FF0FF3003F0BAF900204FF00A
:104A6000E021886107200861002070BD7047704711
:104A700030B502460B4600BF92F83C00012801D138
:104A8000022030BD012082F83C0000BF022082F8E5
:104A90003D00106844681068816824F0700418684C
:104AA000044310684460144D1068A84213D0134D9D
:104AB0001068A8420FD01068B0F1804F0BD0104D95
:104AC0001068A84207D00F4D1068A84203D00E4DC1
:104AD0001068A84205D121F0800158680143106890
:104AE0008160012082F83D0000BF002082F83C0078
:104AF00000BF00BFC5E70000002C014000340140AA
:104B00000004004000080040000C004010B50446BE
:104B10000CB9012010BD94F83D0028B9002084F89C
:104B20003C00204600F026F8022084F83D00211DBC
:104B3000206802F04FFB012084F8460000BF84F893
:104B40003E0001213F2001554020015541200155E3
:104B500000BF00BF012084F84200432001554420DB
:104B600001554520015500BF012084F83D0000207B
:104B7000D0E7000038B504462068B0F1804F0DD171
:104B800000BF1448C06940F001001249C8610846DE
:104B9000C06900F00100009000BF19E00E492068D4
:104BA000884215D100BF0B48C06940F00200094996
:104BB000C8610846C06900F00200009000BF00BF55
:104BC000002211461D20FEF787FE1D20FEF774FE11
:104BD00038BD00000010024000040040014691F87A
:104BE0003D00012801D001207047022081F83D00DE
:104BF0000868C06840F001000B68D860164B086870
:104C0000984213D0154B086898420FD00868B0F14D
:104C1000804F0BD0124B0868984207D0114B0868A0
:104C2000984203D0104B086898420CD108688068FD
:104C300000F00702062A0CD00868006840F0010066
:104C40000B68186005E00868006840F001000B6818
:104C500018600020C8E70000002C0140003401402B
:104C60000004004000080040000C00402DE9F04125
:104C700004460D46002700BF94F83C00012802D1ED
:104C80000220BDE8F081012084F83C0000BF022032
:104C900084F83D002068866826F0770626F47F4673
:104CA000206886602868502833D00CDC202850D03B
:104CB00004DC00284BD0102851D149E0302849D0DD
:104CC00040284CD139E060282DD0702807D0B0F5AD
:104CD000805F03D0B0F5005F41D10DE041E0D5E940
:104CE00002136A68206802F0DCFA2068866846F0E1
:104CF00077062068866034E0D5E902136A68206888
:104D000002F0CFFA2068806840F480402168886013
:104D100027E0EA686968206802F0B4FB5021206847
:104D200002F0CAFA1DE0EA686968206802F0BDFB7B
:104D30006021206802F0C0FA13E0EA686968206820
:104D400002F0A0FB4021206802F0B6FA09E000BFA3
:104D500000BF00BF2968206802F0AEFA01E0012719
:104D600000BF00BF012084F83D0000BF002084F890
:104D70003C0000BF384684E7704770B504462068A1
:104D8000C5682068066906F00200022819D105F0FE
:104D90000200022815D1401F2168086101202077F8
:104DA0002068806900F0030018B12046FFF7E4FF97
:104DB00005E0204600F0CEF8204600F082F9002001
:104DC000207706F00400042819D105F00400042817
:104DD00015D1C043216808610220207720688069CE
:104DE00000F4407018B12046FFF7C6FF05E02046EA
:104DF00000F0B0F8204600F064F90020207706F0BB
:104E00000800082819D105F00800082815D1C0436A
:104E100021680861042020772068C06900F0030041
:104E200018B12046FFF7A8FF05E0204600F092F8F1
:104E3000204600F046F90020207706F010001028E8
:104E400019D105F01000102815D1C0432168086160
:104E5000082020772068C06900F4407018B120460F
:104E6000FFF78AFF05E0204600F074F8204600F0C6
:104E700028F90020207706F0010048B105F0010074
:104E800030B16FF0010021680861204600F094F90C
:104E900006F08000802809D105F08000802805D127
:104EA000C043216808612046FFF7E0FD06F040009E
:104EB000402809D105F04000402805D1C0432168B1
:104EC0000861204600F088F906F02000202809D16A
:104ED00005F02000202805D1C04321680861204644
:104EE000FFF7C5FD70BD000010B586B00446002078
:104EF00002900390049005902068B0F1804F21D17A
:104F000000BF1148806940F008000F4988610846D9
:104F1000806900F00800019000BF00BF08200290E7
:104F200002200390059002A90848FDF70DFF00BF7D
:104F30000749486820F4407040F0E06040F4807019
:104F4000486000BF06B010BD00100240000C0140D8
:104F50000000014070472DE9F04104460D46164619
:104F6000002700BF94F83C00012802D10220BDE8D0
:104F7000F081012084F83C0000BF36B1042E1BD024
:104F8000082E31D00C2E5ED145E02946206802F073
:104F90009DF92068806940F00800216888612068D8
:104FA000806920F00400216888612068806929698F
:104FB00008432168886148E02946206802F0BEF96C
:104FC0002068806940F400602168886120688069F9
:104FD00020F480602168886120688069296940EA3E
:104FE00001202168886130E02946206802F0E4F958
:104FF0002068C06940F008002168C8612068C06965
:1050000020F004002168C8612068C069296908434C
:105010002168C86119E02946206802F009FA206871
:10502000C06940F400602168C8612068C06920F44C
:1050300080602168C8612068C069296940EA012050
:105040002168C86101E0012700BF00BF00BF002048
:1050500084F83C0000BF384689E710B504460CB917
:10506000012010BD94F83D0028B9002084F83C00D0
:10507000204600F025F8022084F83D00211D20681C
:1050800002F0A8F8012084F8460000BF84F83E0032
:1050900001213F200155402001554120015500BF0D
:1050A00000BF012084F842004320015544200155EF
:1050B0004520015500BF012084F83D000020D0E7C5
:1050C0007047704770B504460D4615B994F83E0018
:1050D0000BE0042D02D13F20005D06E0082D02D137
:1050E0004020005D01E04120005D012801D0012049
:1050F00070BD1DB9022084F83E000EE0042D03D1DE
:1051000002213F20015508E0082D03D10221402053
:10511000015502E002214120015501222946206863
:1051200002F0AEF81F492068884203D01E4920686B
:10513000884201D1012000E0002028B12068406CA5
:1051400040F400402168486416492068884213D022
:105150001549206888420FD02068B0F1804F0BD0ED
:1051600012492068884207D011492068884203D03C
:105170001049206888420CD12068806800F007063A
:10518000062E0CD02068006840F0010021680860FD
:1051900005E02068006840F00100216808600020F8
:1051A000A6E70000002C014000340140000400404C
:1051B00000080040000C004010B504460549206876
:1051C000884205D1FCF77AFCFCF72AFD01F02CFDA2
:1051D00010BD0000000400407047F8B504460D46BD
:1051E000164694F8420020282DD105B10EB90120B1
:1051F000F8BD012020630020606332462946204626
:1052000002F08CFB0746206B012819D100BF00205B
:10521000009020680068009020684068009000BFFF
:1052200000BF00BF00BF21680C3151E8001F41F0F2
:10523000100021680C3141E80002002AF3D100E09F
:1052400001273846D4E70220D2E7000070B50446B3
:105250000D4605492068884204D12946034809F0D3
:1052600097FF00E000BF70BD00380140E40500205A
:10527000704700002DE9F84F044620680568206853
:10528000C668206847694FF00009CA4605F00F0953
:10529000B9F1000F0AD105F0200038B106F0200066
:1052A00020B1204602F03DFABDE8F88FB9F1000FB9
:1052B0007BD007F0010018B906F49070002874D074
:1052C00005F0010030B106F4807018B1606C40F058
:1052D0000100606405F0040030B107F0010018B16E
:1052E000606C40F00200606405F0020030B107F02D
:1052F000010018B1606C40F00400606405F0080023
:1053000048B106F0200010B907F0010018B1606C38
:1053100040F008006064606C002845D005F0200073
:1053200028B106F0200010B1204602F0FAF92068FA
:105330004069C0F3801A606C00F0080010B9BAF13F
:10534000000F2CD0204602F093F92068406900F04D
:10535000400000B300BF00BF2168143151E8001FB6
:1053600021F040002168143141E80002002AF3D105
:1053700000BFE06B50B17748E16B4863E06BFDF72D
:105380009BF988B1E06B416B88470DE02046FFF741
:105390006FFF09E009E02046FFF76AFF04E02046BE
:1053A000FFF766FF002060647EE7206B012877D15D
:1053B00005F01000002873D006F010000028FAD085
:1053C00000BF0020009020680068009020684068BE
:1053D000009000BF00BF2068406900F04000002836
:1053E0005FD0E06B006840681FFA80F8B8F1000FEA
:1053F00055D0A08D404552DDA4F82E80E06B806929
:10540000202843D000BF00BF21680C3151E8001FA5
:1054100021F4807021680C3141E80002002AF3D1A8
:1054200000BF00BF00BF2168143151E8001F21F008
:1054300001002168143141E80002002AF3D100BFC5
:1054400000BF00BF2168143151E8001F21F0400067
:105450002168143141E80002002AF3D100BF202066
:1054600084F842000020206300BF00BF21680C3197
:1054700051E8001F21F0100021680C3141E80002C2
:10548000002AF3D100BFE06BFDF7EAF80220606369
:10549000A08DE28D801A81B22046FFF7D7FE03E788
:1054A00042E0A08DE18D401A1FFA80F8E08DD0B364
:1054B000B8F1000F37D000BF00BF21680C3151E8B0
:1054C000001F21F4907021680C3141E80002002A8D
:1054D000F3D100BF00BF00BF2168143151E8001FA5
:1054E00021F001002168143141E80002002AF3D1C3
:1054F00000BF202084F842000020206300BF00BFCE
:1055000021680C3151E8001F21F0100021680C3196
:1055100041E80002002AF3D100BF02206063414647
:105520002046FFF793FEBFE605F0800030B106F09D
:10553000800018B1204602F055FAB5E605F04000AB
:1055400030B106F0400018B1204602F0C7F8ABE6D3
:1055500000BFA9E63575000810B504460CB9012056
:1055600010BDA06900B100E000BF94F8410028B967
:10557000002084F84000204600F02AF8242084F817
:1055800041002068C06820F400502168C8602046AF
:1055900002F046F92068006920F490402168086113
:1055A0002068406920F02A00216848612068C068AE
:1055B00040F400502168C86000206064202084F816
:1055C000410084F842000020606300BFC8E700008B
:1055D00010B586B004460020029003900490059018
:1055E00080492068884250D100BF7F48806940F4DC
:1055F00080407D4988610846806900F480400190C0
:1056000000BF00BF00BF0846806940F00400886109
:105610000846806900F00400019000BF00BF4815F3
:105620000290022003900320059002A96F48FDF725
:105630008BFB4FF48060029000200390049002A93D
:105640006A48FDF781FB6A486A49086000204860A3
:105650000021684881608021C160002101614161B1
:105660008161C161FDF7C8FA08B1FCF7E2FA00BF39
:105670006048E063446200BF002211462520FEF727
:105680002BF92520FEF718F9A9E05B49206888422C
:1056900050D100BF5448C06940F400305249C8613D
:1056A0000846C06900F40030019000BF00BF00BF91
:1056B0000846806940F0040088610846806900F06F
:1056C0000400019000BF00BF04200290022003905C
:1056D0000320059002A94548FDF736FB08200290FB
:1056E00000200390049002A94048FDF72DFB40489C
:1056F0001430424908600020486000213F48816022
:105700008021C1600021016141618161C161FDF7BA
:1057100073FA08B1FCF78DFA00BF3848E0634462C1
:1057200000BF002211462620FEF7D6F82620FEF7FD
:10573000C3F854E032492068884250D100BF2A485B
:10574000C06940F480202849C8610846C06900F457
:105750008020019000BF00BF00BF0846806940F074
:10576000080088610846806900F00800019000BFC9
:1057700000BF08150290022003900320059002A9A3
:105780002048FDF7E1FA4FF40060029000200390FA
:10579000049002A91B48FDF7D7FA154828381A4982
:1057A0000860002048600021174881608021C160A6
:1057B0000021016141618161C161FDF71DFA08B1FC
:1057C000FCF737FA00BF1048E063446200BF0022D4
:1057D00011462720FEF780F82720FEF76DF806B067
:1057E00010BD0000003801400010024000080140D8
:1057F00058000240A80A002000440040EC0A0020A3
:1058000000480040000C0140300B002070477047FA
:105810002DE9F84F04460E46174699464FF0000A08
:1058200094F84100202850D106B117B90120BDE8F5
:10583000F88F00206064212084F84100FDF732FCDD
:105840008246A784E784A068B0F5805F04D1206910
:1058500010B90025B04602E035464FF000081EE0C2
:105860005346002280212046CDF8009002F0EAF84D
:1058700020B1202084F841000320D8E745B9B8F8CA
:105880000000C0F308002168486008F1020803E046
:105890002878216848606D1CE08C401EE084E08C14
:1058A0000028DDD15346002240212046CDF800904B
:1058B00002F0C8F820B1202084F841000320B6E7A8
:1058C000202084F841000020B1E70220AFE77047B4
:1058D00003E003F055FE0EF046FEFAE701460868C5
:1058E0004069C0F38020B0B16FF480600A685061F5
:1058F00000200863202081F83D00002081F83E0050
:10590000086C40F00400086400BF002081F83C00EF
:1059100000BF012070470020FCE700002DE9F8439C
:1059200004460F4615469946DDE90886206800685A
:1059300040F48060216808602068006840F480704E
:1059400021680860434600224FF00111204600966E
:1059500000F037F960B12068006800F48070B0F59D
:10596000807F02D14FF4007020640320BDE8F883EB
:1059700007F0FE0021680861334642463E49204652
:1059800000F07EF908B10120F0E700BF0020009090
:1059900020684069009020688069009000BF00BFC7
:1059A00032464146204600F02DFA50B1206C0428C2
:1059B00005D12068006840F400702168086001206B
:1059C000D4E7B9F1010F03D1E8B22168086117E00B
:1059D000C5F307202168086132464146204600F0A1
:1059E00011FA50B1206C042805D12068006840F4F9
:1059F0000070216808600120B8E7E8B221680861FA
:105A000032464146204600F0FDF950B1206C042892
:105A100005D12068006840F400702168086001200A
:105A2000A4E72068006840F480702168086043465D
:105A300000224FF001112046009600F0C2F858B144
:105A40002068006800F48070B0F5807F02D14FF4C8
:105A500000702064032089E7F8B240F0010021685B
:105A60000861334642460449204600F009F908B16E
:105A700001207BE7002079E7020001002DE9F843CF
:105A80000446884615469946DDE90867206800689F
:105A900040F4807021680860334600224FF0011105
:105AA0002046009700F08DF860B12068006800F48F
:105AB0008070B0F5807F02D14FF400702064032025
:105AC000BDE8F88308F0FE00216808613B463246D5
:105AD0002149204600F0D4F808B10120F0E700BFCA
:105AE0000020009020684069009020688069009044
:105AF00000BF00BF3A463146204600F083F950B15E
:105B0000206C042805D12068006840F400702168EA
:105B100008600120D4E7B9F1010F03D1E8B2216890
:105B2000086117E0C5F30720216808613A4631464D
:105B3000204600F067F950B1206C042805D1206898
:105B4000006840F40070216808600120B8E7E8B2FE
:105B5000216808610020B3E70200010070B5044627
:105B60000D46164625E02046FFF7B8FE08B1012095
:105B700070BD681CE8B1FDF795FA801BA84200D8FB
:105B8000BDB920684069C0F3800090B9002020634F
:105B9000202084F83D00002084F83E00206C40F076
:105BA0002000206400BF002084F83C0000BF0120DA
:105BB000DEE720684069C0F380000028D3D00020D1
:105BC000D6E72DE9F04104460D4617461E46DDF89E
:105BD000188038E0701CA8B3FDF764FAA0EB080049
:105BE000B04200D876BBC5F3074001280AD120682F
:105BF0004069A9B20840A9B2884201D101200BE056
:105C0000002009E020688069A9B20840A9B2884252
:105C100001D1012000E00020B84214D1002020630F
:105C2000202084F83D00002084F83E00206C40F0E5
:105C30002000206400BF002084F83C0000BF012049
:105C4000BDE8F081FFE7C5F3074001280AD12068CD
:105C50004069A9B20840A9B2884201D101200BE0F5
:105C6000002009E020688069A9B20840A9B28842F2
:105C700001D1012000E00020B842ABD00020DFE7D6
:105C80002DE9F04104460D4616461F4658E02068AF
:105C90004069C0F38020E8B12068006840F40070DB
:105CA000216808606FF480602168486100202063EB
:105CB000202084F83D00002084F83E00206C40F055
:105CC0000400206400BF002084F83C0000BF0120D5
:105CD000BDE8F081701C90B3FDF7E4F9C01BB04241
:105CE00000D866BBC5F3074001280AD12068406987
:105CF000A9B20840A9B2884201D101200BE00020DE
:105D000009E020688069A9B20840A9B2884201D19F
:105D1000012000E0002090B900202063202084F8BA
:105D20003D00002084F83E00206C40F020002064FC
:105D300000BF002084F83C0000BF0120C8E7FFE757
:105D4000C5F3074001280AD120684069A9B208407C
:105D5000A9B2884201D101200BE0002009E02068AF
:105D60008069A9B20840A9B2884201D1012000E0AF
:105D7000002000288BD00020AAE770B504460D460D
:105D8000164637E020684069C0F30010A0B16FF0FC
:105D900010002168486100202063202084F83D0025
:105DA000002084F83E00206C206400BF002084F8AE
:105DB0003C0000BF012070BDFDF774F9801BA842B4
:105DC00000D8BDB920684069C0F3801090B90020A8
:105DD0002063202084F83D00002084F83E00206CE1
:105DE00040F02000206400BF002084F83C0000BF89
:105DF0000120E0E720684069C0F380100028C1D08E
:105E00000020D8E770B504460D46164625E020462A
:105E1000FFF764FD08B1012070BD681CE8B1FDF713
:105E200041F9801BA84200D8BDB920684069C0F381
:105E3000C01090B900202063202084F83D0000208D
:105E400084F83E00206C40F02000206400BF002059
:105E500084F83C0000BF0120DEE720684069C0F301
:105E6000C0100028D3D00020D6E7000001484068C9
:105E700070470000EC0400200248002101604160EE
:105E800070470000EC04002010B502460B48036880
:105E90001BB94260436803600FE00368D11A002910
:105EA00004DB036803EB6113436004E04C420368C6
:105EB000A3EB641343604368036010BDEC0400204F
:105EC0002DE9F05F04460E4617469846DDE90BAB18
:105ED000DDF828902665002505E0002104F1240066
:105EE00040F835106D1C052DF7DB6760C4F8108095
:105EF000C4F80890C4F814A0C4F80CB000202062C4
:105F00002077E0640120206004F1540001F0F6FAEB
:105F1000BDE8F09FF0B59BB004460D464FF0FF364C
:105F20005822254903A8FAF737F90027206A00B15B
:105F30003BE019A801F0E2FA19A8616801F0D6FA6D
:105F400005B903AD288BA06104F15400A16901F0EB
:105F5000C1FA2A46A168206900F002FA071E00DC97
:105F600023E019AA394620460CF04AFD061E00D04F
:105F70001BE019AA0221204610F010FA022811D1C4
:105F8000FF2002900020019002A901A8E368626945
:105F900000F04AF8012802D19DF8086001E04FF0B6
:105FA000FF3601E04FF0FF3600BF0EB9012020623E
:105FB00030461BB0F0BD0000A06D01082DE9FE4F7A
:105FC00004460D4616461F46DDF830A0002002901C
:105FD00001978046814601A80BF09EF88DF80800D5
:105FE0000298C0F3C00028700298C0F3031020701C
:105FF0006946019800F01CF9814601990844019016
:10600000DDE9001000EB01080198A8EB0000022870
:1060100000DA06E001A80BF086F830804FF00109A5
:1060200000BF4846BDE8FE8F2DE9FF4704460D46F8
:10603000164699460020039002960027804600905D
:1060400002A80BF069F88DF80C000398C0F3031058
:10605000022800D01FE001A9029800F0E9F880466C
:10606000029908440290DDE9011047180298381A95
:10607000022800DA0FE002A80BF04EF88DF80000BD
:106080000098C0F3C010207002A80BF045F82870EB
:106090004FF0010800BF404604B0BDE8F0872DE98D
:1060A000FF5F06460C4617469846DDE90FABDDF864
:1060B0003890002003901198029000250020019054
:1060C000009002A80BF028F88DF80C000398C0F39C
:1060D0000310032800D032E00398C0F3C0003070F2
:1060E0000398C0F341002060039800F0010038706D
:1060F0006946029800F09CF80190029908440290C9
:106100000099029845182A4602A948460BF018F84B
:1061100010B10298281A00D511E02068002804DD8B
:1061200002A80BF000F8A8F800000298281ACBF893
:1061300000000298CAF800000120019000BF0198F9
:1061400004B0BDE8F09F2DE9FE4F05460E4614460B
:106150001F46DDE90C9B00200290CDF8049080469C
:10616000824601A80AF0D8FF8DF808000298C0F313
:106170000310092800D02CE06946019800F058F877
:106180008246019908440190DDE9001000EB010806
:106190000198A8EB0000022800DA1AE001A80AF032
:1061A000C2FF2880002020600DE02068B04202DDA0
:1061B0004FF0FF3A0DE001A80AF0AEFF2268511C33
:1061C000216047F8220001984045EED34FF0010AC4
:1061D00000BF5046BDE8FE8F2DE9F84305460C464A
:1061E000012600270020206000BF4FF0FF38781CF8
:1061F0000746042801DD00BF17E001216846A847D3
:106200008046B8F1010F00D00FE09DF8001001F0BA
:106210007F01206801FB06002060F6019DF8000068
:1062200000F080000028E0D100BF3846BDE8F883C8
:1062300070B504460D460348046029460248FFF73E
:10624000CBFF70BDF800002051A0000830B5024619
:10625000002300BF0846CD1701EB5565ED11A1EBFA
:10626000C515ECB2CD1701EB5565E911002901DD2B
:1062700044F0800418465B1C14540029EADC1846DC
:1062800030BD2DE9F04104460E460027B84620688F
:1062900028B125682068F9F7CBFF074601E0A5681B
:1062A00067683046F9F7C4FF8046474508D13A464B
:1062B00031462846F9F7E7FF10B90120BDE8F08123
:1062C0000020FBE7401C802801DA401C0AE0B0F502
:1062D000804F01DA801C05E00349884201DAC01CC6
:1062E00000E0001D70470000FFFF1F002DE9FC4784
:1062F00004460E4615461F46DDF828800020019012
:1063000081460094042E02DA6FF0010924E001981E
:1063100065F307100190019867F3C3000190062D03
:1063200001D1012100E00021019861F342000190B8
:106330009DF80410684610F0B7FC02210098FFF7A2
:1063400085FF0099084400904146684610F0B2FC71
:106350000098A0EB040900BF4846BDE8FC87000098
:106360002DE9FE4305460E46144602950020019095
:10637000009000274FF0FF38204600F0A5F80746B0
:106380008146FFF79FFFB04202DD6FF001088FE00A
:1063900000208DF80400019820F0F00010300190EA
:1063A0009DF8041002A810F07FFC39460298FFF710
:1063B0004DFF029908440290207A042808D13EA19A
:1063C00002A810F05DFC042102A810F06DFC07E0AB
:1063D0003BA102A810F054FC032102A810F064FCB9
:1063E00000208DF80000A17E009861F3410000902C
:1063F000E07E08B1012100E00021009861F38200F5
:1064000000900098C0F3800058B194F83D100098B7
:1064100061F3C400009094F83C10009861F34510BB
:106420000090206C08B9A06C20B1009820F080008A
:1064300080300090E06C08B9606D20B1009820F0C9
:106440004000403000909DF8001002A810F02CFC95
:10645000218B02A810F02EFC02A8D4E90423E168E5
:1064600010F040FCE07E58B102A8D4E90A23616A2A
:1064700010F038FC02A8D4E90D23216B10F032FC97
:106480000098C0F3C01028B102A8D4E91123216CF0
:1064900010F028FC0098C0F3801028B102A8D4E9BD
:1064A0001423E16C10F01EFC0298A0EB050800BF5D
:1064B0004046BDE8FE8300004D51545400000000EA
:1064C0004D5149736470000070B504460025207A70
:1064D000032801D10C2503E0207A042800D10A25E5
:1064E000D4E90412E06800F04FF9801C0544E07E16
:1064F00068B1D4E90A12606A00F046F9861CD4E952
:106500000D12206B00F040F93044801C0544206CD3
:1065100008B9A06C30B1D4E91112206C00F034F944
:10652000801C0544E06C08B9606D30B1D4E91412E8
:10653000E06C00F029F9801C0544284670BD70B558
:1065400004460D460C222946204600F06FF870BD27
:106550002DE9FF5F05460E4617469846DDE90E9A7F
:106560000395002002900190009000245146484677
:1065700000F045F883460190FFF7A4FEB04202DD2B
:10658000A01E009037E000208DF80800029820F04F
:10659000F00080300290029867F3C30002900298E6
:1065A00020F00600801C02909DF8081003A810F04F
:1065B0007BFB01990398FFF749FE03990844039078
:1065C000414603A810F076FB00240EE004EB4400E3
:1065D0000AEB800C03A89CE80E0010F083FB1098D7
:1065E000015D03A810F060FB641C4C45EEDB0398D2
:1065F000401B009000BF009804B0BDE8F09F2DE95B
:10660000F04105460E46022700240AE004EB440050
:1066100006EB800393E8070000F0B6F8C01C0744BF
:10662000641CAC42F2DB3846BDE8F0812DE9FC4148
:1066300004460D46164600200190471E0094022D88
:1066400001DA871E15E000208DF80400019866F33A
:10665000071001909DF80410684610F025FB0021FA
:106660000098FFF7F3FD0099084400900098071B7D
:1066700000BF3846BDE8FC812DE9F0478CB00446E8
:106680000D4616461F464FF0FF384FF00009002018
:1066900007900890099007950696206A00B95BE07C
:1066A0000AA800F02BFF0AA8616800F01FFF20462F
:1066B00006F04AFC1FFA80FA06A807A90122CDE9D4
:1066C0000021029053460022A1682069FFF740FF95
:1066D0008146B9F1000F00DC3EE00AAA4946204697
:1066E0000CF08EF9B0F1000800D035E00AAA0921BB
:1066F00020460FF053FE09282BD100200590401EA4
:106700000490E168606904AB05AACDE900010121AC
:1067100003A8FFF718FD012801D1DDF81080B8F1BA
:10672000800F15D000200FE004F1240151F8301043
:1067300049B904F1240141F8305001EBC0014F6028
:106740004FF0000802E0401C0528EDDB00BF00BF51
:1067500001E04FF0FF3800BF40460CB0BDE8F087C5
:106760007CB504460D460026684600F0C7FE294663
:10677000684600F0BBFE6946204604F065FC401CFC
:1067800000B9761E30467CBD37B50024009820B194
:106790000098F9F74DFD044600E0019C20463EBDFF
:1067A0000EB5002000900190029012481249086036
:1067B000002111488160017301754FF46021C161AE
:1067C00000200D49486001210B480161FBF7ECFBFB
:1067D00008B1FBF72EFA0020009001200190002064
:1067E000029069460448FBF72BFB08B1FBF721FA3E
:1067F0000EBD000000240140E407002010B50B4846
:106800000B49086010204860002109488160C16080
:1068100001614161017641768176C17601774177E8
:10682000FBF720FE08B1FBF704FA10BD006400403E
:106830001408002008B500BF1248406940F001006C
:10684000104948610846406900F00100009000BF0F
:1068500000BF002211460D20FDF73EF80D20FDF788
:106860002BF8002211460F20FDF736F80F20FDF718
:1068700023F8002211461020FDF72EF81020FDF716
:106880001BF808BD0010024000B585B00020019043
:1068900002900390049000BF3F48806940F02000C0
:1068A0003D4988610846806900F02000009000BFE3
:1068B00000BF00BF0846806940F0040088610846B8
:1068C000806900F00400009000BF00BF00BF0846D0
:1068D000806940F0080088610846806900F008007F
:1068E000009000BF00BF00BF0846806940F0100064
:1068F00088610846806900F01000009000BF00BF6A
:10690000002210212548FCF7C7FB002241F20201BA
:106910002348FCF7C1FB00224FF410712148FCF71B
:10692000BBFB102001900120029000200390022068
:10693000049001A91948FCF707FA40F201300190D0
:1069400000200290039001A91548FCF7FDF941F2DF
:106950000200019001200290002003900220049088
:1069600001A90F48FCF7F0F94FF4107001900120D5
:106970000290002003900220049001A90948FCF72E
:10698000E3F94FF4807001900320029001A90548BB
:10699000FCF7DAF905B000BD001002400008014024
:1069A000000C01400010014010B50B480B49086075
:1069B0000B484860002109488160C1604FF4804164
:1069C0000161002141618161C1610162FCF776FBD7
:1069D00008B1FBF72EF910BD005400403C08002020
:1069E000A086010010B50E480E4908604FF4827071
:1069F000486000210B488160C160016141614FF432
:106A0000007181611021C1610021016241628162D6
:106A10000A21C162FDF770FC08B1FBF70AF910BD4D
:106A2000003001409008002010B50E480E49086063
:106A30004FF48270486000210B488160C1600161A1
:106A400041614FF4007181610021C16101624162C5
:106A500081620A21C162FDF74FFC08B1FBF7E9F83A
:106A600010BD000000380040E808002000B58DB0DF
:106A7000002009900A900B900C90079008901C2120
:106A80006846F9F7A2FB4FF080401F49086041F6C5
:106A90001F40486000211C4881606321C1600021C3
:106AA00001618161FEF732F808B1FBF7C2F84FF4DB
:106AB0008050099009A91448FEF7D8F808B1FBF7EF
:106AC000B8F81148FEF7C9FA08B1FBF7B2F8002090
:106AD0000790089007A90C48FDF7CAFF08B1FBF71B
:106AE000A8F86020009000200190029004900422F9
:106AF00069460548FEF72FFA08B1FBF79AF80248F5
:106B0000FEF7F2F90DB000BD4009002000B587B0D6
:106B10000020039004900590069001900290154883
:106B20001549086041F61F40486000211248816005
:106B300042F20F71C160002101618161FDF7E6FF42
:106B400008B1FBF776F84FF48050039003A90A4888
:106B5000FEF78CF808B1FBF76CF80020019002906A
:106B600001A90548FDF784FF08B1FBF762F807B0FB
:106B700000BD0000000400408809002010B50B484B
:106B80000B4908604FF4E1304860002108488160FB
:106B9000C16001610C21416100218161C161FEF789
:106BA000DBFC08B1FBF745F810BD000000380140E0
:106BB000D009002010B50B480B4908604FF4E130B4
:106BC0004860002108488160C16001610C21416179
:106BD00000218161C161FEF7BFFC08B1FBF729F814
:106BE00010BD000000440040180A002010B50B48FA
:106BF0000B4908604FF4E13048600021084881608B
:106C0000C16001610C21416100218161C161FEF718
:106C1000A3FC08B1FBF70DF810BD000000480040D0
:106C2000600A002000BFFEE702480068401C0149DE
:106C300008607047F400002000BFFEE7416002607A
:106C4000704700000160034A4260034A8260034AC1
:106C5000C260704757620108956201084B620108E3
:106C6000014601F00F01092903DC01F13000C0B237
:106C7000704701F13700C0B2FAE7704708B508491C
:106C80000968C9084FF47A72B1FBF2F141430091EF
:106C900000BF00BF00994A1E00920029F9D108BD2B
:106CA00014000020F8B504460E4615466068B0F59D
:106CB000827F0DD1A068B0F5004F03D0A068B0F579
:106CC000806F05D12068006820F0400021680860CE
:106CD0006068B0F5827F11D1A068B0F5806F0DD1EA
:106CE0003346002201212046009500F039F898B182
:106CF000606D40F0200060650320F8BD334600223F
:106D000080212046009500F02BF828B1606D40F0FE
:106D1000200060650320F0E70020EEE7F8B50446A8
:106D20000E4615463346012202212046009500F00A
:106D300017F828B1606D40F0200060650320F8BDB1
:106D40003346002280212046009500F009F828B142
:106D5000606D40F0200060650320F0E70020EEE762
:106D60002DE9F84F04460D4690461E46DDF8289062
:106D7000FCF798F9A0EB0900371AFCF793F9824663
:106D80002C480068C0F3CB307843009045E0701C7D
:106D9000002842D0FCF786F9A0EB0A00B84200D2E6
:106DA000A7BB2068406820F0E00021684860606868
:106DB000B0F5827F0DD1A068B0F5004F03D0A06878
:106DC000B0F5806F05D12068006820F04000216890
:106DD0000860A06AB0F5005F0DD100BF20680068B0
:106DE00020F40050216808602068006840F40050DA
:106DF0002168086000BF012084F8510000BF002016
:106E000084F8500000BF0320BDE8F88FFFE700982A
:106E100000B900270098401E009020688068284034
:106E2000A84201D1012000E000204045AFD1002060
:106E3000EAE700001400002038B505460020009065
:106E40000DB9012038BD01236A461946284600F0D5
:106E500099F804460CB12046F4E79DF80000A028FC
:106E600001D00120EEE70020ECE770B505460DB932
:106E7000012070BD2846FFF7DFFF04460CB1204615
:106E8000F7E700220321284600F0B8F804460CB1C9
:106E90002046EEE70020ECE7014609B901207047E3
:106EA00000208C3141F88C0C01F8740C0874487483
:106EB0004861886108778C39002205E00023081DAD
:106EC00040F82230501CC2B2052AF7DB002206E04F
:106ED000002301F11C0040F82230501CC2B2202ACD
:106EE000F6DB0020DBE72DE9F84F05460E46174696
:106EF0001C460DB106B114B90120BDE8F88F002180
:106F00003846F9F747FF02D84FF07C5001E04FF0C8
:106F10003F4083464FF08F413846F9F70BFD594605
:106F20000090F9F7AFFC8246F9F7B9FE81460DF003
:106F30001FFB80464046F9F786FE81464FF08F41A1
:106F4000F9F72AFD20600020D7E7F8B506460C4681
:106F50000020009006B10CB90120F8BD02236A465A
:106F60000621304600F00EF805460DB12846F4E73C
:106F70009DF800009DF8011040EA012000B2208039
:106F80000020EAE72DE9FE4380460C4615461E46E2
:106F90004FF07E096420012322464946CDE9005680
:106FA00002904046FCF772F9074617B90020BDE889
:106FB000FE83032F01D10220F9E70120F7E700004B
:106FC000F8B506460C460020009006B10CB9012029
:106FD000F8BD69463046FFF7B8FF05460DB12846B3
:106FE000F6E7BDF90000F9F72EFE07460249F9F76A
:106FF000D3FC20600020EBE70000C8422DE9F041FF
:1070000006460D461746002416B90120BDE8F0815A
:1070100044F0400444F00804380744EA1064072DA3
:1070200018D2DFE805F00405080B0E11140013E078
:1070300044F0010410E044F080040DE044F0040446
:107040000AE044F0040407E044F0040404E044F0DF
:10705000040401E00120D9E700BF224604213046A4
:1070600000F001F8D2E7F7B584B006460C467E275B
:107070006420012106AA0B46CDE900210290224698
:1070800039463046FCF7BCFA054615B9002007B072
:10709000F0BD032D01D10220F9E70120F7E7704789
:1070A00030B502460020C2EBC2040B4D05EB840351
:1070B000042A01DD01200DE09C7B0CB1022009E0D7
:1070C0001C7E0CB9032005E0C2EBC204024D05EBA7
:1070D0008404617130BD0000F403002070B5002508
:1070E0000024002600BF1FE0C5EBC500104901EBDE
:1070F0008004207E00B915E020796179884210D0A3
:107100006279A189A06804F0C9F9A189A06804F096
:10711000BDF92071606920B100212846626990475D
:10712000064600BF681C85B2042DDDDB304670BD0D
:10713000F403002010B5FFF777FDFCF74DFB10BD01
:1071400000B595B028210BA8F9F73FF8142106A83F
:10715000F9F73BF818216846F9F737F801200B904A
:1071600000040C9000200D9001200F90022012903E
:10717000C10313914FF4E01114910BA8FCF78AFEA0
:1071800008B1FAF756FD0F20069002200790002064
:1071900008904FF48060099000200A90022106A810
:1071A000FCF732FD08B1FAF744FD0220009080039D
:1071B00002906846FCF790FC08B1FAF73AFD15B06A
:1071C00000BD704710B50248FDF7D7FD10BD0000A7
:1071D0008809002010B50268244B98420ED0244B39
:1071E00098420BD0B0F1804F08D0224B984205D086
:1071F000214B984202D0214B984203D122F07002D9
:107200004B681A43194B98420ED0194B98420BD039
:10721000B0F1804F08D0174B984205D0164B9842DA
:1072200002D0164B984203D122F44072CB681A4325
:1072300022F080034C6943EA040202608B68C36257
:107240000B688362094B984202D0094B984201D1E6
:107250000B69036301234361036903F001031BB15D
:10726000036923F00103036110BD0000002C0140FD
:10727000003401400004004000080040000C0040C1
:1072800030B501F01F05012404FA05F3046A9C439C
:107290000462046A01F01F0502FA05F52C4304623A
:1072A00030BD30B50C46816821F47F4142EA0325A8
:1072B00025432943816030BD0A46816821F0700171
:1072C00042F00703194381607047000030B5026A3D
:1072D000056A25F0010505624368846924F070049D
:1072E00024F003040D682C4322F002028D682A4327
:1072F000104DA84200D103E00F4DA84206D100BFB7
:1073000022F00802CD682A4322F00402094DA84267
:1073100002D0094DA84207D123F4807323F40073EF
:107320004D692B438D692B43436084614D684563F0
:10733000026230BD002C01400034014030B5026AC9
:10734000056A25F0100505624368846924F4E04469
:1073500024F440740D6844EA052422F020028D686C
:1073600042EA0512124DA84200D103E0114DA84295
:1073700007D100BF22F08002CD6842EA051222F058
:1073800040020B4DA84202D00A4DA84209D123F475
:10739000806323F400634D6943EA85038D6943EA02
:1073A0008503436084614D688563026230BD0000DF
:1073B000002C01400034014030B5026A056A25F412
:1073C000807505624368C46924F0700424F00304E6
:1073D0000D682C4322F400728D6842EA0522124D9A
:1073E000A84200D103E0114DA84207D100BF22F40A
:1073F0000062CD6842EA052222F480620A4DA8426A
:1074000002D00A4DA84209D123F4805323F400533B
:107410004D6943EA05138D6943EA05134360C4616E
:107420004D68C563026230BD002C0140003401404C
:1074300030B5036A056A25F4805505624468C2695F
:1074400022F4E04222F440720D6842EA052223F45D
:1074500000538D6843EA0533084DA84202D0084D19
:10746000A84204D124F480444D6944EA8514446060
:10747000C2614D680564036230BD0000002C01400C
:107480000034014030B50B461446026A056A25F007
:1074900001050562816921F0F00141EA041122F041
:1074A0000A021A438161026230BD30B50B461446B0
:1074B000026A056A25F010050562816921F47041B0
:1074C00041EA043122F0A00242EA03128161026221
:1074D00030BD000001EB4102C2EBC112024B1B6840
:1074E00003EBC20242607047F4000020024A1268B7
:1074F0000A44426070470000F4000020002141600F
:10750000704700000146034B48681B68C21AD00F41
:1075100070470000F40000200146054B48681B68D6
:10752000C21A002A01DA002070471046FCE700006A
:10753000F400002070B505466C6A0020E085E08408
:107540002046FDF795FE70BD70B506460025746AAD
:1075500020684069C0F3C01594F84100212805D186
:1075600025B10020E084204600F0C8F8206840697A
:10757000C0F3801594F84200222805D125B10020DF
:10758000E085204600F074F8606C40F01000606404
:107590002046FDF76DFE70BD70B505466C6A286823
:1075A000006800F02000002842D1E08500BF00BF45
:1075B00021680C3151E8001F21F4807021680C31E2
:1075C00041E80002002AF3D100BF00BF00BF2168DC
:1075D000143151E8001F21F001002168143141E805
:1075E0000002002AF3D100BF00BF00BF21681431A0
:1075F00051E8001F21F040002168143141E80002E9
:10760000002AF3D100BF202084F84200206B01281B
:107610000ED100BF00BF21680C3151E8001F21F0DE
:10762000100021680C3141E80002002AF3D100BFAC
:1076300000206063206B012804D1A18D2046FDF756
:1076400005FE02E02046FEF7E1F870BD70B5054684
:107650006C6A01206063206B012805D1A08D410870
:107660002046FDF7F3FD02E02046FEF7D0F870BD9E
:1076700000BF00BF02680C3252E8002F22F4907164
:1076800002680C3242E80013002BF3D100BF00BFA8
:1076900000BF0268143252E8002F22F00101026894
:1076A000143242E80013002BF3D100BF016B012913
:1076B0000ED100BF00BF02680C3252E8002F22F04A
:1076C000100102680C3242E80013002BF3D100BF16
:1076D000202180F8421000210163704710B5044654
:1076E0002068C06820F040002168C860202084F82D
:1076F00041002046FEF7EBF8002010BD00BF00BFA0
:1077000002680C3252E8002F22F0C00102680C32ED
:1077100042E80013002BF3D100BF202180F8411074
:107720007047F8B5044694F84200222875D1A06845
:10773000B0F5805F0CD1206950B90025A66A206899
:107740004068C0F308003080A06A801CA06215E089
:10775000A56A0026A068B0F5805F03D0A06828B9AC
:10776000206918B920684068287004E020684068E3
:1077700000F07F002870A06A401CA062E08D401ECF
:1077800080B2E085002846D12068C06820F0200043
:107790002168C8602068C06820F480702168C860D3
:1077A0002068406920F0010021684861202084F8A9
:1077B000420000206063206B012826D10020206356
:1077C00000BF00BF21680C3151E8001F21F01000FC
:1077D00021680C3141E80002002AF3D100BF206883
:1077E000006800F0100010280AD100BF00200090AF
:1077F00020680068009020684068009000BF00BFCB
:10780000A18D2046FDF722FD02E02046FDF7FEFF98
:107810000020F8BD01E00020FBE70220F9E70000AE
:1078200070B504462168096921F44051E2681143AA
:10783000226811612269A1681143626941EA020567
:107840002168C96841F20C62914329432268D160E2
:107850002168496921F44071A2691143226851618C
:107860002D4A2168914202D1FCF7CCFA01E0FCF7E5
:10787000B9FA00EBC00101EB001162689200B1FBA4
:10788000F2F100EBC00202EB001263689B00B2FB56
:10789000F3F26423B2FBF3F202EBC20303EB021236
:1078A000A1EB8201322202EB01116422B1FBF2F161
:1078B00001F0F00100EBC00202EB001263689B00D4
:1078C000B2FBF3F26423B2FBF3F201EB021200EB22
:1078D000C00101EB001163689B00B1FBF3F100EB09
:1078E000C00303EB00136668B600B3FBF6F364262F
:1078F000B3FBF6F303EBC30606EB0313A1EB830123
:10790000322303EB01116423B1FBF3F101F00F010A
:1079100011442268916070BD0038014077B581B094
:10792000044615460298A062A585002060642220C6
:1079300084F842002848E16B88622848E16BC862FD
:107940002748E16B08630020E16B486302AE3268B0
:107950002368191D2B46E06BFBF794F900BF00204C
:10796000009020680068009020684068009000BF88
:1079700000BF206970B100BF00BF21680C3151E821
:10798000001F41F4807021680C3141E80002002A98
:10799000F3D100BF00BF00BF2168143151E8001FC0
:1079A00041F001002168143141E80002002AF3D1BE
:1079B00000BF00BF00BF2168143151E8001F41F033
:1079C00040002168143141E80002002AF3D100BFD1
:1079D000002004B070BD0000997500084D760008C5
:1079E00049750008014691F84100212828D188688E
:1079F000B0F5805F0BD1086948B90A6A1088C0F3F6
:107A000008000B685860086A801C086205E00B6A71
:107A1000581C086218780B685860C88C401E80B2E9
:107A2000C88458B90868C06820F080000B68D86026
:107A30000868C06840F040000B68D86000207047BC
:107A40000220FCE72DE9F84304460D461746984608
:107A5000089E31E0701C70B3FBF724FBA0EB08001C
:107A6000B04200D816B90320BDE8F8832068C0688A
:107A700000F00400F8B1802D1ED0402D1CD02068ED
:107A80000068C0F3C000B0B100BF002000902068C3
:107A90000068009020684068009000BF00BF20464A
:107AA000FFF7E6FD0820606400BF002084F8400076
:107AB00000BF0120D8E7FFE7206800682840A842FF
:107AC00001D1012000E00020B842C3D00020CBE764
:107AD00010B50548FDF7CEFB4FF48072034902480C
:107AE000FDF77BFB10BD0000D0090020E40500205D
:107AF00010B50248FDF7BEFB10BD0000180A0020BB
:107B000010B50548FDF7B6FB4FF4807203490248F3
:107B1000FDF763FB10BD0000600A0020E4060020B2
:107B200000BFFEE738B504461A49C86880471949BE
:107B30004869804700BF1748406A10B11548806AFD
:107B400070B91448016AC4F3074088471148016AB4
:107B5000C4F307208847E0B20E4A116A88470DE057
:107B6000200C8DF80000200A8DF80100E0B28DF89D
:107B7000020008480321826A684690470549C8699F
:107B8000804705460349886980470249086980475C
:107B9000284638BD44000020F8B504460E46174676
:107BA0001F49C86880471E494869804700BF1C4874
:107BB000406A10B11A48806AC0B91948016AC4F312
:107BC000074088471648016AC4F307208847E0B297
:107BD000134A116A8847002505E01149C8698047A2
:107BE0007055681C85B2BD42F7DB12E0200C8DF8A1
:107BF0000000200A8DF80100E0B28DF8020008486C
:107C00000321826A6846904705483946426A3046F1
:107C10009047034988698047014908698047F8BD52
:107C20004400002038B504460D461A49C86880470C
:107C300018494869804744F004041648806A90B99E
:107C40001448016AC4F3074088471248016AC4F324
:107C500007208847E0B20F4A116A88470D48016A39
:107C6000284688470FE0200C8DF80000200A8DF888
:107C70000100E0B28DF802008DF8035005480421A0
:107C8000826A6846904703498869804701490869C4
:107C9000804738BD44000020F8B504460E4617461C
:107CA0001E49C86880471D494869804744F004045C
:107CB0001A48806AC0B91948016AC4F30740884766
:107CC0001648016AC4F307208847E0B2134A116AD4
:107CD0008847002505E0705D104A116A8847681CD6
:107CE00085B2BD42F7DB12E0200C8DF80000200ABF
:107CF0008DF80100E0B28DF8020008480321826A85
:107D00006846904705483946826A3046904703499D
:107D100088698047014908698047F8BD4400002010
:107D20000FB4054B10B503A9044A029800F070FD8A
:107D300010BC5DF814FB00008DCD0008D8050020B4
:107D40000FB4084B10B504A902AA039800F060FD17
:107D5000044602A9002001F0E9F8204610BC5DF8B5
:107D600014FB00002D8F00087CB50C001D46164644
:107D7000014601D0601E00E00020CDE90010064B56
:107D80006A462946304600F043FD002C02D0009A96
:107D9000002111707CBD0000178F000837B5144614
:107DA0000846064B6A46214600F032FD0446694605
:107DB000002001F0BBF820463EBD00002D8F0008DA
:107DC00002480068C0F30220704700000CED00E09C
:107DD00010B5002804DB0A07130E054A135406E009
:107DE0000A07140E034A00F00F031B1FD45410BDE2
:107DF00000E400E018ED00E030B528B1144C031F9A
:107E0000002021680A4605E0084630BD9A4203D8A2
:107E100010465268002AF9D1002800D041680BD0E2
:107E20000468A3EB0005A54204D11B681C4403466B
:107E3000046002E0436000E023603AB11C68D51A98
:107E4000A54203D115682C441C6052685A6030BDAD
:107E5000DC0500202DE9F04782460F4C10480D4EFE
:107E60000E4F001B4FF0000820F007054FF00109EE
:107E700000221146504605F0A1FB002802D13068CF
:107E800010B10020BDE8F0873C60C4E90058C6F896
:107E90000090EDE7E0050020743C0020DC050020A8
:107EA000704C002002E008C8121F08C1002AFAD155
:107EB00070477047002001E001C1121F002AFBD16A
:107EC00070472DE9F04788B081460C4615460027DB
:107ED000A2461EE004F12000A84202D24FF0200882
:107EE00001E0A5EB040843466A462146484600F0F7
:107EF00037F800260AE0FF2F05D01DF80600FF28FE
:107F000001D104EB060A1DF80670761C4645F2D333
:107F10002034AC42DED3FF2F03D1504608B0BDE879
:107F2000F0872846FAE70146487E08B100207047EE
:107F30008868001DFBE72DE9F04104460D46164612
:107F40000027607E10B10120BDE8F081324629464D
:107F5000A06803F03FFF002800DA01273846F3E766
:107F60002DE9F04104460D4616461F464FF0000825
:107F7000607E10B10220BDE8F0813B4632462946C2
:107F8000A06804F045F8002801DA4FF002084046E6
:107F9000F1E72DE9F04704460D4616461F46DDF889
:107FA00020904FF00008607E10B10320BDE8F087FC
:107FB0003B4632462946A06804F0EEF8002801DA74
:107FC0004FF003084046F1E72DE9FC5F83460E467B
:107FD00017461C464FF000080DF104094FF0010A46
:107FE000FF2251464846F8F7E9F844B100202346FD
:107FF0003A46314600905846FFF7CBFF8046251B96
:10800000B8F1000F0ED16DB1E1192A464846F8F7D4
:10801000C3F80020A11953464A4600905846FFF77E
:10802000B8FF80464046BDE8FC9F70B5024600237D
:10803000481E014604460AE002EBD100007801F038
:10804000070680253541284000B904E05B1C081E66
:10805000A1F10101F0D100BFE01A70BD2DE9F04798
:1080600004460F4615469846DDF8209064B953A0A3
:10807000FFF756FE54A0FFF753FE544A54A155A0F3
:10808000FFF74EFE00BFFEE767B94CA0FFF748FEC2
:108090004DA0FFF745FE4D4A56A14EA0FFF740FE0A
:1080A00000BFFEE765B945A0FFF73AFE46A0FFF71F
:1080B00037FE464A51A147A0FFF732FE00BFFEE758
:1080C000207E10B10020BDE8F087276084F804808E
:1080D000C4F82490607E002833D103F0F1FD2846D7
:1080E00003F030FFA06058B934A0FFF719FE36A0A6
:1080F000FFF716FE294643A0FFF712FE0420E2E731
:10810000A16801F11C0003F0E9FC066AE06808B907
:10811000E66012E0E068B0FBF6F106FB110060B12A
:1081200026A0FFF7FDFD28A0FFF7FAFD32463EA08E
:10813000E168FFF7F5FD0820C5E7A068806B2061C6
:1081400000BFE068411E084060B11CA0FFF7E8FDD9
:108150001DA0FFF7E5FD1D4A43A11EA0FFF7E0FDAE
:1081600000BFFEE7D4E90310B0FBF1F201FB1200FF
:1081700060B112A0FFF7D4FD13A0FFF7D1FD45A019
:10818000D4E90321FFF7CCFD08209CE7D4E90310D4
:10819000B0FBF1F002280FD208A0FFF7C1FD0AA042
:1081A000FFF7BEFDD4E90310B0FBF1F631464948B4
:1081B000FFF7B6FD082086E7002084E75B466C6188
:1081C000736844425D000000200000000D7101084A
:1081D000646200002825732920686173206173732D
:1081E000657274206661696C656420617420257312
:1081F0002E0A00006E616D650000000070617468F9
:10820000000000004572726F723A2050617274690A
:1082100074696F6E2028257329206E6F7420666F35
:10822000756E642E0A0000004572726F723A206407
:108230006220736563746F722073697A65202825E4
:108240007529204D55535420616C69676E207769FC
:10825000746820626C6F636B2073697A65202825CF
:108260007A75292E0A0000002864622D3E7365632A
:108270005F73697A652026202864622D3E736563EA
:108280005F73697A65202D20312929203D3D2030FA
:10829000000000004572726F723A20646220746FB1
:1082A00074616C2073697A652028257529204D55E5
:1082B000535420616C69676E207769746820736518
:1082C00063746F722073697A6520282575292E0AD8
:1082D00000000000947F0108F8B504460D46002D0B
:1082E0001CD1012020761A48007800282ED119A030
:1082F000FFF716FD1AA0FFF713FD1AA11BA0FFF749
:108300000FFD14A0FFF70CFD15A0FFF709FD204895
:10831000FFF706FD01200E49087017E0A07EA8B9FE
:108320000CA0FFF7FDFC0EA0FFF7FAFC2046FFF7BC
:10833000FAFD064600952079226808B915A000E0EC
:1083400016A00146334617A0FFF7EAFCF8BD00006F
:10835000880500205B466C61736844425D00000044
:1083600020000000322E322E39390000466C617335
:108370006844422056257320697320696E697469C8
:10838000616C697A6520737563636573732E0A0087
:10839000E07F01084B564442000000005453444221
:1083A000000000004572726F723A20257320282564
:1083B000734025732920697320696E697469616C43
:1083C000697A65206661696C20282564292E0A0077
:1083D00070B5A0B00446002500200390012084F869
:1083E00031000020244903AB0246CDE90041029050
:1083F00004A920460AF0F4F9A07E20B1039810B138
:10840000022020B070BDD4E90310B0FBF1F0039955
:10841000884211D119A0FFF783FC2046FFF783FDA6
:108420000646324619A02168FFF77AFC1AA0FFF72A
:1084300077FC204604F064F900202449CDE90001CE
:108440002346024604A9029020460AF0C9F900BF5B
:108450001F48002322460AA90090204605F03CF957
:1084600094F8300018B1204604F0ABFCF0E700208F
:1084700084F831002846C4E789A800085B466C618F
:10848000736844425D5B6B765D0000005B25735D45
:108490005B25735D20000000416C6C207365637484
:1084A0006F722068656164657220697320696E630C
:1084B0006F72726563742E20536574206974207422
:1084C0006F2064656661756C742E0A00E5A500086E
:1084D0000DA600082DE9F04106460F4615461C463C
:1084E00065B90DA0FFF71CFC10A0FFF719FC104A9E
:1084F00010A114A0FFF714FC00BFFEE7E01DC308A5
:108500002A4639463046FFF72BFD21462846FFF71D
:108510008CFDBDE8F08100005B466C6173684442ED
:108520005D5B7574696C735D0000000020000000E5
:10853000927501087374617475735F7461626C6520
:10854000000000002825732920686173206173737F
:10855000657274206661696C65642061742025739E
:108560002E0A00002DE9F04105460E4614464FF054
:10857000FF37F01DC108FF222846F7F71FFE44B160
:10858000601EC708E85D04F00702FF2111410840A2
:10859000E8553846BDE8F0812DE9F84F81460F4691
:1085A00015461E46DDE90A8A4FF0000BB0450CD394
:1085B00018A0FFF7B5FB1CA0FFF7B2FB1B4A1CA1DC
:1085C00022A0FFF7ADFB00BFFEE765B911A0FFF7E2
:1085D000A7FB15A0FFF7A4FB144A24A11BA0FFF7DB
:1085E0009FFB00BFFEE7424631462846FFF7BAFF31
:1085F0000446601C10B90020BDE8F88F2A1939190B
:1086000001234846CDF800A0FFF7C3FC8346584637
:10861000F2E700005B466C61736844425D5B757411
:10862000696C735D00000000200000008075010887
:108630007374617475735F696E646578203C207330
:1086400074617475735F6E756D0000002825732961
:108650002068617320617373657274206661696C50
:1086600065642061742025732E0A000073746174A0
:1086700075735F7461626C65000000002DE9FF5F37
:1086800082B00021DDE90430020DDDF840B0034383
:1086900018D044F61050A2F2FF324243151411983C
:1086A00001281FD0A5EB0B00401C5FEA000A4FF029
:1086B00000064E4FDFF83891B046504615D5CAF146
:1086C000000413E0119801244AA3012801D16FEAA4
:1086D0000B010298119AC0E90031C0E9024206B0CC
:1086E000BDE8F09FCBF10000DFE704460021404ADF
:1086F000491842EB0450CDE9001012E0E00707D022
:1087000032463B4640464946F8F72BFA80468946B2
:1087100032463B4610461946F8F723FA06460F46FE
:108720006410002CEAD1DDE90401DDE90023BAF18F
:10873000000F06DAF8F715FA42464B46F8F711FA39
:1087400005E0F8F7BDFC42464B46F8F7B9FC044695
:108750000E460022284BF8F705FB03D84FF0FF30F8
:10876000014607E00022254B20463146F8F752F932
:10877000F8F721FD102409E0002C0ADB0A2200236F
:10878000F8F728FB039B30321A55641E50EA0102A9
:10879000F2D1641C039AC4F111031444119A012A02
:1087A00003D0012208430DD10AE0084304D0002081
:1087B0004FF0110B119072E7A3EB0B056D1E0DE04E
:1087C0005B4504DD4FF0000205F1010504E003DA2A
:1087D0004FF00002A5F10105002AECD00298119992
:1087E000C0E90231C0E9004579E70000000014400B
:1087F0000000F03F300000000000F0430000E03FC8
:1088000030380A2801D2012070470020704700004C
:108810002DE9FF4F95B09A46884606460025EEE1C1
:10882000252877D100242746F94A0121039400E046
:10883000044316F8013F203B01FA03F01042F7D140
:1088400030782A2811D06FF02F033078A0F1300251
:10885000092A16D8039A44F0020402EB820203EBC1
:1088600042021044761C0390EFE758F8042B039261
:10887000002A03DA504244F40054039044F0020406
:10888000761C30782E2816D116F8010F44F0040417
:108890002A280DD06FF02F023078A0F13003092B79
:1088A00009D807EB870302EB4303C718761CF3E7ED
:1088B00058F8047B761C30786C280FD006DC4C28E6
:1088C00017D068280DD06A2814D104E0742810D07D
:1088D0007A280FD10DE044F400140AE044F4801427
:1088E00001E044F440147278824202D104F580140D
:1088F000761C761C307866280BD013DC582877D08D
:1089000009DC002875D04528F6D04628F4D0472841
:108910001AD193E118E0632835D0642879D065280E
:1089200012D18BE1702873D008DC6728F1D0692858
:108930006FD06E280DD06F2806D1ACE073282CD0F4
:10894000752874D0782853D05246179990476D1CDB
:1089500054E1C4F30250022809D003280DD0D8F8FE
:10896000001004280DD00D6008F1040846E1D8F885
:108970000010EA17C1E90052F6E7D8F800100D80A0
:10898000F2E70D70F0E718F8041B8DF800100020D6
:108990008DF80100EB46012003E058F804BB4FF0CE
:1089A000FF3061074FF0000102D40DE009F1010131
:1089B0008946B9420FDA8145F8DB1BF80910002916
:1089C000F4D108E009F1010189468142FADB1BF884
:1089D00009100029F6D103985346A0EB0907214658
:1089E0003846179A00F080FA284400EB090507E0A2
:1089F00044E008E10DE01BF8010B5246179990473F
:108A0000B9F10109F7D2534621463846179AF2E0E8
:108A100039E00A21C4F302524FF0000B0091022A00
:108A200006D058F8040BC117032A09D00AE023E046
:108A300008F1070020F00702F2E80201904605E085
:108A400000B2C117042A01D140B2C117002906DAC9
:108A50000A460021404261EB02012D2202E022057C
:108A600004D52B228DF80420012203E0E20701D077
:108A70002022F7E7914657E00A2100E010214FF04D
:108A8000000B00910BE010214FF0000B44F00404A8
:108A90000827009103E008204FF0000B0090C4F37A
:108AA0000252022A05D058F8040B0021032A08D0EC
:108AB00008E008F1070020F00702F2E80201904602
:108AC00003E080B2042A00D1C0B24FF000092207AF
:108AD0002AD53278702A07D0DDF800C08CF0100C4F
:108AE0005CEA0B0C05D00EE040228DF80420012238
:108AF00008E050EA010306D030238DF804308DF8E9
:108B0000052002229146009B83F0080353EA0B03E1
:108B10000AD150EA010201D1620705D530228DF851
:108B200004204FF001097F1E3278582A04D039A260
:108B30000C920CAA02920BE03BA2F9E75B46009A6A
:108B4000F8F748F90C9B9B5C029A521E0292137034
:108B500050EA0102F2D1029804A9081A00F1200B90
:108B6000600702D524F4803400E001275F4502DD70
:108B7000A7EB0B0000E0002000EB0B010090039836
:108B80004944401A0390E00306D453462146179AFD
:108B9000039800F0A9F90544002706E001A8524611
:108BA000C05D179990476D1C7F1C4F45F6DBE003B5
:108BB0000CD553462146179A039800F095F90544C1
:108BC00004E030205246179990476D1C0099481ECA
:108BD00000900029F5DC08E00298029952460078DE
:108BE000491C0291179990476D1CBBF10001ABF134
:108BF000010BF1DC5BE100F065F90544761C30788F
:108C000000287FF40DAE19B02846BDE8F08F0000B3
:108C10000928010030313233343536373839616252
:108C20006364656600000000303132333435363716
:108C3000383941424344454600000000600700D4F3
:108C4000062708F1070020F00700F0E8022380461D
:108C500003F0004C5FEA0C0001D097A009E020056A
:108C600001D596A005E0E00701D095A001E0AFF2A4
:108C70004C001390307823F0004365280CD006DCBC
:108C8000452809D046281DD047287FD13BE06628DB
:108C900018D067287AD136E00021112F01DB11208E
:108CA00000E0781CCDE9000104A90CA8FFF7E6FC60
:108CB000DDE90D010C9A4FF0000B07F1010910924C
:108CC00000914EE04FF000400097CDE9011004A95B
:108CD0000CA8FFF7D3FCDDE90D020C9B0F994FF0B8
:108CE000000B91461093009211B9791C00EB010919
:108CF000B7EB090003D4C0F1FF3B07F10109A9EB71
:108D00000700019042E0012F00DA01270021112F16
:108D100001DD112000E03846CDE9000104A90CA8CE
:108D2000FFF7ACFCDDE90D010C9A00914FF0000B50
:108D3000B946109221070FD4009A4A4503DA9146AA
:108D400001E0A9F10109B9F1010F05DD109AA9F1BE
:108D50000101515C3029F4D0B84202DA10F1040F5D
:108D600003DA0121CDE9011010E0002803DC83447F
:108D7000A9EB000102E0411C494500DD8946A0EB5A
:108D80000B00401C01904FF000400290200705D4DA
:108D90000198484502DB4FF0FF30019000208DF82C
:108DA0004B0002980DF14B07B0F1004F25D0022087
:108DB0000C902B200D90029800280CDA4042029073
:108DC0002D200D9007E00A210298F7F7EDFF3031D2
:108DD000029007F8011D0C99481E0C900029F2DC46
:108DE00002980028EFD1791E0D980870307800F0B5
:108DF000200040F0450007F8020D11A8C01BC01D5F
:108E000002901398007800B1012000EB090101984D
:108E100001EBE071029801440398401A401E039050
:108E2000E00306D453462146179A039800F05CF8F5
:108E300005441398007818B15246179990476D1C55
:108E4000E00323D553462146179A039800F04CF8C7
:108E500005441BE0BBF1000F07DB0098584504DD1B
:108E60001098179910F80B0001E01799302052461E
:108E7000904701980BF1010B401E05F1010501908F
:108E800004D12E205246179990476D1CB9F100016C
:108E9000A9F10109DEDC05E017F8010B524617992C
:108EA00090476D1C0299481E02900029F4DC53463D
:108EB0002146179A03989EE62D0000002B00000023
:108EC000200000002DE9F041044600251E4617460B
:108ED000880404D405E039462020B0476D1C641E88
:108EE000F9D52846BDE8F0812DE9F041044600257A
:108EF0001E469046C80301D5302700E0202788048D
:108F000004D505E041463846B0476D1C641EF9D5CE
:108F10002846BDE8F0814A68002A06D00A68531C3A
:108F20000B6010704868401E486070470A68531C08
:108F30000B60107070472DE9F04F8BB004460D4662
:108F400016461F46DDF86CB0DDE9179ADDF854804F
:108F5000DDE91C211E98CDE906B2CDE90810DDE956
:108F60001901CDE9029ACDE904011698CDE90080F6
:108F7000D4F808C03A4631462846149BE04718B159
:108F800001200BB0BDE8F08F0020FAE72DE9F04199
:108F90008AB004460D4616461F46DDF84080012083
:108FA000CDE9077806960990002002900390CDE95C
:108FB000040500900190034602460146D4F808C01B
:108FC000E04718B101200AB0BDE8F0810020FAE7BF
:108FD0002DE9FE4F0646894617461C46002506F138
:108FE00020084FF0010B56B9534854A355A24FF433
:108FF000147100905BA00AF063FE00BFFEE796F8D4
:10900000340050B94C485DA34EA240F2512100906B
:1090100054A00AF055FE00BFFEE709EB07013069D6
:10902000814205D959A00AF075FE0520BDE8FE8FE2
:10903000D8F8080018B14046D8F80810884709F059
:10904000010070B12046641C494609F10109012361
:109050001A460090304606F025FD054605B15CE055
:109060007F1E012130460AF03DFB054605B154E064
:10907000AD208DF804003DE0BBF1000F18D00DF1DC
:1090800005024946304604F0F1FC96F8350008B177
:10909000052000E004208246207801A901F80A009A
:1090A000617801AA0AF1010011544FF0000B07E0AA
:1090B0004FF0010A20788DF8050060788DF80600E1
:1090C0000020009003460AF1020201A94046D8F8A8
:1090D00004C0E04705461DB136A00AF01BFE1CE0A7
:1090E00030460DF0F1F8054605B116E0BF1E09F156
:1090F0000209A41C022FBFD2002130460AF0F2FA66
:1091000005464DB9012F07D101231A46494630467D
:10911000009406F0C7FC054600BF1DB10021304693
:109120000AF0E0FAD8F80C0018B14046D8F80C1054
:10913000884728467AE7000011700108666C617361
:10914000680000002825732920686173206173730B
:10915000657274206661696C656420617420257392
:109160002E0000002E2E5C4253505C736675645CCA
:109170007372635C736675642E630000666C617362
:10918000682D3E696E69745F6F6B00004572726F87
:10919000723A20466C61736820616464726573730F
:1091A000206973206F7574206F6620626F756E641E
:1091B0002E0000004572726F723A20466C6173682F
:1091C0002077726974652053504920636F6D6D7507
:1091D0006E6963617465206572726F722E000000A3
:1091E00070B505460C46002614B10DB1A54201D15B
:1091F000002070BDAE6826B9AC60646000202060BD
:1092000007E0706828B1214670680BF0A9F9A868DA
:1092100044600120EDE72DE9F04705460E4614466F
:109220001F46DDF820904FF00008C2461DB116B170
:109230000CB1A54202D10020BDE8F087B9F1000FC2
:1092400007D0304601F01CF98046E06840F4007A0F
:109250000CE03946304601F0D3F88046B8F1000FF3
:1092600001D10020E8E7E06820F4007AA08900F44A
:10927000007020B9206A10B1206A79688847C4F864
:109280002080C4F80CA021462846FFF7A9FFD3E7A9
:10929000F0B589B004460E4615464FF0FF300890F1
:1092A0000020079006900394049508A805900020DC
:1092B000264906AA07ABCDE90021029002463146B5
:1092C000204609F08DFA069858B101202049002265
:1092D00003ABCDE90021029002223146204609F07D
:1092E0007FFA079800282ED00898401C00282AD121
:1092F0000798012802D894F8300060B10120144981
:10930000002203ABCDE900210290024631462046FF
:1093100009F066FA17E00FA0FEF702FD2046FEF7FF
:1093200002FE07463A460FA02168FEF7F9FC4FF40B
:1093300069720FA116A0FEF7F3FC18A0FEF7F0FC6F
:10934000012084F83000089809B0F0BD53280108C6
:10935000C99300085B466C61736844425D5B6B7641
:109360005D0000005B25735D5B25735D20000000E0
:109370002E2E5C4253505C466C61736844425C73B1
:1093800072635C6664625F6B7664622E63000000E9
:109390002825733A2564292000000000547269676B
:1093A000676572206120474320636865636B2061B5
:1093B0006674657220616C6C6F63204B5620666129
:1093C000696C65642E0A000030B503460C462146E0
:1093D000187898B11D694868583085420ED9987838
:1093E000012806D09878022808D1086890F8300043
:1093F00020B958698D682860012030BD0020FCE745
:10940000F0B585B004460E4617460CB106B11FB93B
:109410004FF0FF3005B0F0BD3A463146684603F0E4
:10942000A9F86A462146044803F0BEF805460DB97E
:109430000020EFE72846EDE7043900200EB500F0E4
:10944000EBF80AF0E1FB02F03BFC002001900290F7
:1094500001AB13A215A10090164803F0BBF900BFA1
:10946000232215A11CA0FEF75BFC00BF04222849A3
:1094700028A0FFF7C5FF26480068401C2449086063
:1094800000BF084627220CA1036824A0FEF748FC71
:1094900000BF04221E491FA000F054F80EBD0000BA
:1094A0006664625F6B766462310000006D795F6BA9
:1094B00076646200043900202E2E5C4253505C46D4
:1094C0006C61736844425C6170705F666C61736864
:1094D00064622E63000000005B20466C6173684488
:1094E00042205D5B25733A25645D20466C6173689C
:1094F000444220696E697469616C697A656420739D
:1095000075636365737366756C6C792E0D0A0A005A
:10951000D4050020626F6F74000000005B20466C71
:109520006173684442205D5B25733A25645D20E4E5
:10953000B88AE794B5E6ACA1E695B03A25640D0A81
:109540000A00000070B586B004460D4616460CB100
:1095500005B11EB94FF0FF3006B070BD3246294646
:1095600001A803F007F801AA2146044803F074F8A3
:1095700010B14FF0FF30EFE70020EDE70439002095
:1095800010B509A0FEF7CCFB14480BF081FE044691
:1095900024B113A0FEF7C4FB012010BD17A0FEF7F5
:1095A000BFFB0020F9E700007732357178783A2068
:1095B0006368697020657261736520737461727489
:1095C00020286D61792074616B6520757020746F3F
:1095D0002031303073292E2E2E0A0000740B00200B
:1095E0007732357178783A206368697020657261E6
:1095F0007365206661696C65642E0A007732357187
:1096000078783A20636869702065726173652064B8
:109610006F6E652E0A00000070B501244EF61775B6
:1096200000260022314628460BF07CFD04462046E9
:1096300070BD000010B54FF0FF340120054988616E
:109640000846027B044B05A11048FDF715F80446B7
:10965000204610BD4801002015E5000824737973E9
:109660002F324974733577713861332F6C6F745FA3
:109670006465766963652F7468696E672F70726FB1
:1096800070657274792F736574000000D435002002
:1096900010B54FF0FF3407490748FCF73BFC044680
:1096A00000BF2346A92205A10F48FEF739FB00BFE2
:1096B000204610BD64010020D43500202E2E5C42CF
:1096C00053505C696F4C6962726172795F44726970
:1096D0007665725C6170705F77353530305F6D71C3
:1096E00074742E63000000000879010810B5034867
:1096F000018B0348FDF734F810BD00006401002021
:10970000D43500200EB503211448FDF79BFA4FF421
:1097100000601349CDE90001124B4FF47A720F49F2
:1097200002901148FCF7CCFB00201049C876104885
:109730000068C8600E48006908640D484069C86444
:10974000042008723C2008830120887609490420FF
:10975000F8F7EAF90020084908700EBDC43500206A
:10976000C4250020C42D0020D43500206401002031
:1097700048010020C4240020460100201FB54D48A8
:10978000007807280AD2DFE800F0040A386C7D81EF
:109790009100FFF7B7FF01204649087087E046486F
:1097A0000078002825D1454A45494648F8F7CCF9C4
:1097B000012817D100BF4148C078404989783F4A05
:1097C00052783E4B1B78CDE90032CDE902103C4B7C
:1097D000F2223DA147A0FEF7A3FA00BF01203649BF
:1097E000087009E000BFF72237A14FA0FEF798FAF2
:1097F00002E002202F49087059E0574802882F499B
:109800005648F7F7D3FF012822D1FFF741FFB8B937
:1098100000BF514803882948C1788078274A527888
:1098200001AC0BC400922548037840F2071226A130
:109830004B48FEF775FA00BF04201E4908700FE080
:1098400000BF4FF4867220A146A0FEF769FA07E038
:1098500000BF40F211121CA14DA0FEF761FA00BF3B
:1098600025E0FFF7E7FE00280BD100BF53A34FF41C
:109870008D7215A15DA0FEF753FA00BF04200D49BB
:10988000087014E005200B49087010E0FFF72EFF68
:109890006348006A48B900F0E1F800BF4FF49672DF
:1098A00009A160A0FEF73CFA00BF00E000BF00BFC6
:1098B0001FBD0000BC010020460100203C0100202B
:1098C000FC000020420100202E2E5C4253505C69B7
:1098D0006F4C6962726172795F4472697665725C1D
:1098E0006170705F77353530305F6D7174742E63E1
:1098F000000000005B204D5154542D436C69656E8F
:1099000074205D5B25733A25645D20444E53204FDF
:109910004B3A202573202D3E2025642E25642E25CC
:10992000642E25640A0000005B204D5154542D43E1
:109930006C69656E74205D5B25733A25645D204417
:109940004E53206661696C65642C2072657472796F
:10995000696E672E2E2E0A0040010020C4350020BB
:10996000847901085B204D5154542D436C69656E18
:1099700074205D5B25733A25645D206D71747420DD
:10998000636F6E6E656374206661696C0D0A0A0010
:109990005B204D5154542D436C69656E74205D5BA2
:1099A00025733A25645D20697020636F6E6E656370
:1099B00074206661696C0D0A0A00000024737973D3
:1099C0002F324974733577713861332F6C6F745F40
:1099D0006465766963652F7468696E672F70726F4E
:1099E00070657274792F7365740000005B204D51AF
:1099F00054542D436C69656E74205D5B25733A2564
:109A0000645D205375622053756363657373202C06
:109A100020746F7069633A25730D0A0A0000000014
:109A2000D43500205B204D5154542D436C69656E34
:109A300074205D5B25733A25645D20444953434F90
:109A40004E4E4543542C7265736574204D515454E9
:109A50002073746174650D0A0A00000010B50120BE
:109A6000094908700949087800F09CFF4FF400612B
:109A70000748F6F7AAFB4FF400610648F6F7A5FB86
:109A800000200549087010BDBC010020C43500202D
:109A9000C42D0020C4250020460100202DE9F04FF0
:109AA00089B04FF0FF36202101A8F6F78EFB01A800
:109AB000F8F7C2F800F0A8FB054600F0A5FB8146C8
:109AC00000F0A2FB824600F09FFB83465B490868DA
:109AD0000968491C594B1960F7F7D4F807463A460C
:109AE0000B4657A1284600F015FB56A25BA128465D
:109AF00000F02EFB5BA25EA1284600F029FB01AA24
:109B00005DA1504600F024FB5C490869F7F7FFF8B7
:109B100007463A460B465AA1504600F0FBFA5A480F
:109B20000088F7F7AFF807463A460B4657A150466C
:109B300000F0F0FA5148007808B1012000E0002060
:109B4000024655A1484600F0BBFA4C48407808B19F
:109B5000012000E00020024650A1484600F0B0FA83
:109B60004648807808B1012000E0002002464CA160
:109B7000484600F0A5FA4148C07808B1012000E04D
:109B80000020024647A1484600F09AFA3B48007D73
:109B900008B1012000E00020024643A1484600F041
:109BA0008FFA36494868F7F7B2F807463A460B4647
:109BB0003FA1584600F0AEFA30498868F7F7A7F899
:109BC00007463A460B463BA1584600F0A3FA2B49FC
:109BD000C868F7F79CF807463A460B4636A1584640
:109BE00000F098FA524635A1284600F083FA4A461A
:109BF00034A1284600F07EFA5A4634A1284600F0E7
:109C000079FA284600F0F2FB04462046F6F710FBEE
:109C100087B230480388304A3946204600F05EF863
:109C2000064614B12046FEF7E7F815B1284600F0C5
:109C300011FB304609B0BDE8F08F0000D8000020CD
:109C4000696400007463705F7365727665725F7338
:109C5000656E645F726571756573740074797065A3
:109C60000000000054435020534552564552000016
:109C70006E6574776F726B00554944009C1C002020
:109C800074656D7000000000C8000020696E746586
:109C90007276616C00000000444F3100444F320086
:109CA00044493100444932004265657000000000BB
:109CB0004149310041493200414F32004465764903
:109CC0006E666F004469676974616C00416E616C17
:109CD0006F670000CA000020CC0000202DE9FF5F64
:109CE00006460F4692469B464FF0FF3800200090F4
:109CF0000190029003902E48007817284AD16A46B6
:109D0000394630460AF076FC304600F0E9FA05465E
:109D10004DB900BF482227A132A0FEF701F800BFCD
:109D20006FF0010835E06A463AA1284600F010FAC3
:109D3000284600F05BFB04464CB900BF52221DA12F
:109D400035A0FDF7EDFF00BF6FF002081DE04FF4F6
:109D50005270FDF7E7FE17280BD12046F6F768FA98
:109D60001FFA80F94A462146022008F089FD804604
:109D700008E04FF0FF3800BF5E220EA132A0FDF7D1
:109D8000CFFF00BF2046FEF737F8284600F062FA02
:109D900000BF08E000BF682206A139A0FDF7C0FFA0
:109DA00000BF4FF0FF38404604B0BDE8F09F000010
:109DB000D20000202E2E5C4253505C696F4C6962C9
:109DC000726172795F4472697665725C6170705F0E
:109DD00077353530305F7463705F736572766572A6
:109DE0002E6300005B205443502D5345525645527C
:109DF000205D5B25733A25645D2073656E64206485
:109E000061746120666F726D6174206572726F7229
:109E10000D0A0A006D6435005B205443502D5345F4
:109E200052564552205D5B25733A25645D2073656B
:109E30006E642064617461206D616C6C6F63206678
:109E400061696C0D0A0A00005B205443502D534594
:109E500052564552205D5B25733A25645D2074633C
:109E6000702073657276657220736F636B65742002
:109E70007374617465206572726F720D0A0A000056
:109E80005B205443502D534552564552205D5B256F
:109E9000733A25645D207374617465206572726F16
:109EA000720D0A0A000000002DE9F84304460D4631
:109EB00016461F46DDF820804FF0FF394FF44A70F8
:109EC000FDF730FE222809D13B463246294620467E
:109ED000CDF8008009F004FA814601E04FF0FF3927
:109EE0004846BDE8F88300000548406E044991F8F3
:109EF000601090FBF1F0024988660846806E70475A
:109F00003C37002010B5002004498866486681F877
:109F1000600060210148F6F758F910BD3C37002079
:109F200001461348024692F86020182A0BDA10F80E
:109F3000603F0278521C00F8602940F82310426EFE
:109F40000A44426612E00368426ED21A4266426ECA
:109F50000A444266002206E0531C50F8233040F8C1
:109F60002230531CDAB2172AF6DBC16570470000B5
:109F70003C37002010B51021FF20F7F7B7FB01494F
:109F8000088010BD640400202DE9F041FFF7F2FFC6
:109F90000E480088F6F760FE07460D49F6F7CAFC42
:109FA00006460C49F6F7F8FC04460B492046F6F73E
:109FB000BBFC07460949F6F7EFFC06460849F6F7E9
:109FC000B6FC05462846BDE8F08100006404002088
:109FD0003333534000F07F453D0AB73F04E78C3BE5
:109FE0000000C84110B507480068806840F40000D0
:109FF0000449096888600A20F8F792FE0148F7F7DB
:10A0000091FE10BDE407002030B5024600231BE09E
:10A01000002013E052F82050441C52F82440A5427E
:10A020000ADD52F82040451C52F8255042F82050D5
:10A03000451C42F8254000BF441CE0B24C1EE41A07
:10A040008442E7DC581CC3B2481E9842E0DC30BDB5
:10A0500010B50246002309E0064800680078107039
:10A0600004480068401C034C20605B1C8B42F3DBFF
:10A07000084610BDF8000020014609B1086808B97B
:10A080000020704719B1D1E90120904201D3084660
:10A09000F7E702E08868401C886041B1D1E90120FF
:10A0A000904204D28A680868805C2028F2DDD1E9F9
:10A0B0000120904202D18868401E88600846E0E78F
:10A0C000F8B505460E461446204600F05BF80746F4
:10A0D0000020074B3A46314600902846FFF79BF890
:10A0E00008B13846F8BD384600F0B4F80020F9E76A
:10A0F00070040020F8B504460D4616460020044BB7
:10A100003246294600902046FFF785F8F8BD00004A
:10A11000700400202DE9F84306460F4614461D46FC
:10A120002046294600F03EF880460020074B424674
:10A13000394600903046FFF76EF810B14046BDE852
:10A14000F883404600F086F80020F8E7700400200D
:10A15000F8B505460E461446204600F061F807465D
:10A160000020074B3A46314600902846FFF753F847
:10A1700008B13846F8BD384600F06CF80020F9E721
:10A180007004002070B50546054800F09CF80446B0
:10A1900024B10DB1022000E00120E060204670BD36
:10A1A0007004002070B505460E46134800F08BF889
:10A1B0000446F4B10820E060C4E906560F4A104B8B
:10A1C00028463146F6F7CEFD03D86FF000406061B7
:10A1D0000FE000220B4B28463146F6F7ABFD03D8C3
:10A1E0004FF00040606104E028463146F6F770FD0C
:10A1F0006061204670BD0000700400200000C0FFB8
:10A20000FFFFDF410000E0C110B5044800F05BF83B
:10A2100004460CB14020E060204610BD70040020D0
:10A2200070B505460A4800F04EF804466CB110209F
:10A23000E0600749284600F0E3F82061206920B972
:10A24000204600F007F8002070BD2046FCE7000023
:10A250007004002070B50446002526E02568A0891A
:10A2600000F4807020B9A06810B1A068FFF7F2FF79
:10A27000A08900F4807038B9206928B10C4A20699F
:10A280005168884700202061A08900F4007038B927
:10A29000206A28B1064A206A516888470020206257
:10A2A00003484168204688472C46002CD6D170BD13
:10A2B0007004002070B504460D4600222946204651
:10A2C00002F0AEFF70BD70B50446282021688847B3
:10A2D00005461DB128212846F5F777FF284670BDB1
:10A2E00010B5044600221146204600F06BF810BD60
:10A2F0002DE9F0478AB004460E46154698461C21C3
:10A3000003A8F5F762FF002700202C490860486089
:10A3100004B106B932E00394049600200590284A5F
:10A3200007CA07AB07C32648FFF7CDFF074607B9A3
:10A3300024E003A809F076FF8246FFF79DFE8146E0
:10A340004946384606F0A4F900B917E0B8F1000F05
:10A350000BD003A8FFF790FEDDE90410884203D27A
:10A3600005990398405C00B108E01DB10599039878
:10A370000844286038460AB0BDE8F08717B138466F
:10A38000FFF768FFC4B1019400200290DDE90410DA
:10A39000884202D20598029004E0049810B1049813
:10A3A000401E02901DB1DDE9010108442860034808
:10A3B000DDE9011206C000BF0020DCE768040020D0
:10A3C000700400202DE9F04104460D46164614B9EC
:10A3D0000020BDE8F0812046F5F72AFF471C3346F0
:10A3E0002A4639462046FFF783FFF2E710B50446B8
:10A3F000024A0021204606F0E9F910BD7004002051
:10A400002DE9F04104460D460026002714B900202E
:10A41000BDE8F0812046F5F70BFF461C3046296861
:10A42000884707460FB90020F2E7324621463846F2
:10A43000F5F7B2FE3846EBE770B504460D4604B1B9
:10A440000DB9012070BDAC4201D10020FAE705E052
:10A45000207808B90020F5E7641C6D1C2078F5F71A
:10A4600095FE06462878F5F791FE8642F0D02078D2
:10A47000F5F78CFE06462878F5F788FE301AE1E7F6
:10A480007047000038B54FF4D850FDF74BFB054638
:10A4900003214FF4D850FDF7C5FB41F288300F4B34
:10A4A00011220FA100901348007808F019FF04460C
:10A4B00029464FF4D850FDF7B5FB04F10D0008B95B
:10A4C000012038BD08F0CCFA0B48046800BF0A48E8
:10A4D0000068001B0228FAD30020F2E78500002064
:10A4E000434845434B5F49505F434F4E464C4943B9
:10A4F00054000000780000209C00002010B50124CA
:10A50000254890F90000022829DA244800682449E7
:10A51000096888423DD2234890F90000012804D000
:10A52000022805D0042809D105E008F099FB06E0CF
:10A5300008F0E2FC03E008F0DFFC00E000BF00BF31
:10A54000002017490860084600680A30134908606F
:10A5500011480078401C40B20F49087019E01148BA
:10A5600090F90000012804D0022807D004280CD15B
:10A5700005E000200B490870002407E000BF08F048
:10A580006FFB01200749087000E000BF00BF08F022
:10A5900003F9204610BD000096000020A000002016
:10A5A0009C000020950000200C480068032812D36E
:10A5B00000200A4908600A480078022804DB0020CD
:10A5C00007490870401E704705480078401C044940
:10A5D00008700020F7E70120F5E70000C80100201F
:10A5E000CC0100202DE9F04104460D4617462E46C9
:10A5F000207840B1A078032805D1012086F83000EA
:10A60000304602F0DEFB0020BDE8F0812DE9FE437C
:10A6100004460E46174635466078002849D0207813
:10A62000032846D131A0FDF77BFB2846FDF77BFCD4
:10A630008046424631A02968FDF772FBA17804F1FB
:10A6400010023148FDF76CFB2146284603F0E0FF7D
:10A65000002815D125A0FDF763FB2846FDF763FC14
:10A660008046424625A02968FDF75AFB40F2446225
:10A6700026A12EA0FDF754FB2FA0FDF751FB32E0E1
:10A680001AA0FDF74DFB2846FDF74DFC80464246DB
:10A690001AA02968FDF744FB40F246621BA123A0E3
:10A6A000FDF73EFB2C48A168FDF73AFB0120BDE811
:10A6B000FE83207801280AD10521CDE90010062368
:10A6C00002AA2846216DFDF767FF0120EFE76078B9
:10A6D00048B12078022806D1A27804F1100128465A
:10A6E000236D0AF03FFB0020E1E700005B466C6150
:10A6F000736844425D5B6B765D0000005B25735DB3
:10A700005B25735D200000006C8001082E2E5C42EA
:10A7100053505C466C61736844425C7372635C6660
:10A7200064625F6B7664622E630000002825733AD2
:10A7300025642920000000005265636F76657279F8
:10A7400020746865204B5620737563636573736668
:10A75000756C2E0A00000000FC8001082DE9F04114
:10A7600005460F46002600243AE005EB841101F16E
:10A770001C0001F0B3F906467EB98A221A491BA0D3
:10A78000FDF7CEFA05EB841000F11C011CA0FDF7CB
:10A79000C7FA26A0FDF7C4FA21E005EB8410406B50
:10A7A000F169884217DB90220F4921A0FDF7B8FA22
:10A7B00005EB8410F369426B05EB8410011D2348FF
:10A7C000FDF7AEFA22A0FDF7ABFA0020224908609F
:10A7D000401EBDE8F081214840F8246000BF641CA1
:10A7E000BC42C2D30020F4E7A87601085B442F46A0
:10A7F000414C5D202825733A256429200000000083
:10A800005761726E696E673A20446F204E4F542034
:10A81000666F756E642074686520666C617368206D
:10A82000646576696365282573292E000A00000097
:10A830001B5B33313B32326D5B452F46414C5D2013
:10A840002825733A2564292000000000F4810108BE
:10A850001B5B306D0A000000D0050020F838002096
:10A8600030B503460D4614462078012807D15878A4
:10A87000032802D05878022801D1586828605878F7
:10A880002070002030BD00002DE9F04704460D4641
:10A8900016462078002828D1A8463746D8F8000068
:10A8A000401CC8F80000B87E10B10120BDE8F08758
:10A8B0000FA0FDF735FA3846FDF735FB81464A46CD
:10A8C0000FA03968FDF72CFA40F225620FA117A0FE
:10A8D000FDF726FA18486168FDF722FA4FF0FF32BB
:10A8E0003846616802F0C4F900BF0020DEE70000CE
:10A8F0005B466C61736844425D5B6B765D00000093
:10A900005B25735D5B25735D200000002E2E5C428D
:10A9100053505C466C61736844425C7372635C665E
:10A9200064625F6B7664622E630000002825733AD0
:10A9300025642920000000002880010801480069E2
:10A9400070470000A837002005480021016101730D
:10A950004FF4C80141600021816001607047000030
:10A96000A8370020014600220D4843688B4202DBD5
:10A9700083688B4204DD0022037B5B1C037302E0CF
:10A98000012200230373037B052B01DD016105E038
:10A9900012B90368036101E00161016070470000C2
:10A9A000A837002010B5044600BF082C02DD4FF088
:10A9B000FF3010BD00BFA100491C4FF4807202EBB4
:10A9C000C1001021FDF72EF900BFA100491C4FF472
:10A9D000807202EBC100FDF7A5F80028F5D1A100B7
:10A9E000491C4FF4007202EBC1001F21FDF71AF958
:10A9F0000120A0400F49098881430E4801800120B1
:10AA0000A0400D49098881430B48018000200B4973
:10AA100021F814000A49085500BFA100491C4FF451
:10AA2000407202EBC100FDF77DF80028F5D101204E
:10AA3000BFE700003600002038000020B4240020CA
:10AA40003A0000202DE9FC5F04460D4616461F46DD
:10AA500027F00043B24625F000405246CDE90040C1
:10AA600020460199F6F77EF903D225F000412046F1
:10AA700002E027F0004130468046894600220D4B17
:10AA800040464946F6F76DF882468B4632463B46CD
:10AA900020462946F6F75FF821F0004152465B4612
:10AAA000CDE90001F6F746F902D80120BDE8FC9F88
:10AAB0000020FBE70000B03C0148806870470000C0
:10AAC000EC37002000200349886008604FF4803094
:10AAD00048607047EC37002010B5014605484268D1
:10AAE00081FB0232140444EA134203681A44826070
:10AAF00010BD0000EC37002070B504460D46164628
:10AB000000BF082C02DD4FF0FF3070BD00BF00BF5A
:10AB1000A100491C002202EBC100FDF703F800F080
:10AB20000F00012802D06FF00400EEE700BF00BF65
:10AB3000A100491C4FF4407202EBC100FCF7F2FF88
:10AB4000132802D06FF00200DFE700BF2978687891
:10AB500061F31F200146A87861F31F200146E878C1
:10AB600061F31F200146481C00B111B96FF00B00C2
:10AB7000CBE716B96FF00A00C7E7A100491C4FF4F4
:10AB8000406202EBC10004222946FDF785F831122C
:10AB9000A200521C4FF4805303EBC200FDF742F8B1
:10ABA000F1B2A200521C4FF4805303EBC20202F533
:10ABB0008070FDF737F8A100491C4FF4807202EB5A
:10ABC000C1000421FDF72EF800BFA100491C4FF47D
:10ABD000807202EBC100FCF7A5FF0028F5D101202F
:10ABE000A0401B490988084008B100208DE722E0F9
:10ABF000A100491C4FF4007202EBC100FCF792FF68
:10AC000000F0080058B1A100491C4FF4007202EB9B
:10AC1000C1000821FDF706F86FF00C0075E7A100F0
:10AC2000491C4FF4407202EBC100FCF77BFF10B9E6
:10AC30006FF0030069E7A100491C4FF4407202EB7A
:10AC4000C100FCF76FFF1728D2D101205DE700009B
:10AC5000360000202DE9F04F89B005460F4690469A
:10AC60009946DDF848B00024002002907E694046F5
:10AC7000F5F7DEFA402813D97BA0FDF751F82846F6
:10AC8000FDF751F9824652467BA02968FDF748F846
:10AC900040217CA0FDF744F8052009B0BDE8F08F05
:10ACA000FF22182103A8F5F789FA8148049040464D
:10ACB000F5F7BEFAC0B28DF81C00CDF820B09DF8B3
:10ACC0001C00014618310898084405900599E86869
:10ACD0001038814210D964A0FDF722F82846FDF70C
:10ACE00022F98246524664A02968FDF719F871A03E
:10ACF000FDF716F80720D0E7701C40B93946284602
:10AD0000059A04F02FFE0646401C00287ED034B978
:10AD100002AB39462846059A0AF0C6F80446002CCC
:10AD200045D1FF20019000200690042207A9069833
:10AD300001F024FC0690042208A9069801F01EFCEC
:10AD400006909DF81C204146069801F017FC0690DD
:10AD50009DF81C009DF81C10A0EB010A05E00122E3
:10AD600001A9069801F00AFC0690BAF10000AAF1C8
:10AD7000010AF4D14946089A069801F0FFFB0690B3
:10AD800008990898A0EB010A05E0012201A906989C
:10AD900001F0F4FB0690BAF10000AAF1010AF4D127
:10ADA00003AA314628460BF0BCFF044600BFF4B9A5
:10ADB0009DF81C30424606F118012846FDF704F9BB
:10ADC00004469DF8080058B99DF81C00034606F19A
:10ADD0001800034408981A18284679680AF0E9F818
:10ADE0009DF81C2033464146284609F0BBFF5CB95C
:10ADF0009DF81C00024606F1180011184A46284624
:10AE0000089BFDF7E1F8044664B900E029E0012061
:10AE10000221062303AACDE9001031462846FDF79A
:10AE2000BBFB0446002C1BD19DF80800002817D05E
:10AE30000DA0FCF775FF2846FDF775F80190024656
:10AE40000DA02968FCF76CFF40F2E94221A129A07E
:10AE5000FCF766FF2AA0FCF763FF012085F83000AD
:10AE600000E00724204618E75B466C6173684442A3
:10AE70005D5B6B765D0000005B25735D5B25735D3C
:10AE8000200000004572726F723A20546865204BB2
:10AE900056206E616D65206C656E677468206973FD
:10AEA000206D6F7265207468616E2025640A000051
:10AEB0004B5630304572726F723A20546865204BA1
:10AEC000562073697A6520697320746F6F206269F8
:10AED000670A00002E2E5C4253505C466C6173681A
:10AEE00044425C7372635C6664625F6B7664622E7C
:10AEF000630000002825733A256429200000000023
:10AF000054726967676572206120474320636865F2
:10AF1000636B206166746572206372656174656439
:10AF2000204B562E0A0000002DE9FC4106460C4637
:10AF30000025002000900190102E7CD2DFE806F062
:10AF4000080B1A161E2226323F54575B5F6064704E
:10AF50000BF0E5FC72E01CB1009400980830019001
:10AF6000DDE900010BF0D6FBBDE8FC8120880BF089
:10AF700049FB63E00BF076FB20805FE020880BF05C
:10AF80006BFC5BE00BF083FB208057E02088011214
:10AF90004FF49850FCF746FE21784FF4A050FCF790
:10AFA00041FE4BE04FF4A050FCF7BCFD07464FF4C8
:10AFB0009850FCF7B7FD07EB002020803EE02148C9
:10AFC000807820701F48C07860701E480079A0709B
:10AFD0001C484079E0701B48807920711948C0797D
:10AFE00060710020A07129E00BF081FD26E0204671
:10AFF0000BF097FD22E020460BF022FD1EE01DE045
:10B0000020780BF0BAFDAFE70BF062FDC5B268B275
:10B01000401C18B94FF0FF30A6E70CE025700DE09A
:10B020000BF04AFDC5B268B2401C10B94FF0FF30BA
:10B030009AE7257002E04FF0FF3095E700BF00204F
:10B0400092E70000440000202DE9F0418EB0044654
:10B050000E463146204606F090F887B24FF00008C1
:10B060000025B81E0C2809D2DFE800F006090755B4
:10B07000827E82088282827F00BF00BF78E00AAAB7
:10B0800009AB6169E068CDE90132CDE903100BA895
:10B0900008AB0B3A06A900900E38FBF700F8012820
:10B0A00000D06AE00698C0B28DF81C0007AA0BA970
:10B0B000204600F0A5F99DF81C0058B39DF81C002F
:10B0C00001280AD1BDF82000009000230422A168C5
:10B0D0002069FBF70BF980460DE09DF81C00022863
:10B0E00009D1BDF82000009000230522A168206945
:10B0F000FBF7FCF88046B8F1000F02DC4FF0FF359B
:10B1000005E032464146204607F07AFC0546681CB9
:10B1100000B932E02CE0E06800900DAA0CA90BA861
:10B120006369FAF74BFF012802D04FF0FF3517E0B3
:10B13000BDF83400009000230622A1682069FBF7C7
:10B14000D5F8B0F1000802DC4FF0FF3508E03246D8
:10B150004146204607F054FC051E01D04FF0FF3554
:10B16000681C00B909E003E002E00020207700BF7E
:10B1700000BF204602F085FA00BF05B93D462846CB
:10B180000EB0BDE8F0812DE9F84F05460C46164695
:10B1900001274FF000084FF0040A0020206000BF94
:10B1A0004FF0FF3908F101008046042801DD00BF9F
:10B1B0001BE0286D334601226946D0F804C0E04701
:10B1C0008146B9F1010F00D00FE09DF8001001F0A9
:10B1D0007F01206801FB07002060FF019DF800004F
:10B1E00000F080000028DBD100BF4046BDE8F88FAA
:10B1F00010B5042208494FF47060FCF74DFD04229D
:10B2000006494FF4A060FCF747FD04220449900171
:10B21000FCF742FD10BD0000850000208D000020DD
:10B220008900002010B580210020FCF7FBFC0020E5
:10B23000FCF778FC062203494FF41060FCF72CFD64
:10B2400010BD0000B400002010B580210020FCF7E4
:10B25000E9FC0020FCF766FCFFF7CAFF0622034961
:10B260004FF41060FCF718FD10BD0000B400002082
:10B270002DE9F04F99B004460E4615469846002732
:10B28000582103A8F4F7A1FF002D21D103AA3146CC
:10B29000204601F0D3FB08B103AD19E040A0FCF754
:10B2A0003FFD2046FCF73FFE8246524640A0216803
:10B2B000FCF736FD40F2BE3240A148A0FCF730FD5D
:10B2C000314649A0FCF72CFD052019B0BDE8F08FF0
:10B2D000B8F1000F0ED100200321CDE900100623A4
:10B2E00002AA2046296DFDF757F90746012084F888
:10B2F000A40027E001200421CDE90010062302AAC2
:10B300002046296DFDF748F9074694F8A400B0B926
:10B31000AFB95EB13046F4F78BFF82464FF0FF3392
:10B3200052463146204609F01DFD08E03DB1AA789D
:10B330004FF0FF3305F11001204609F013FD002006
:10B3400084F8A400286DE168B0FBF1F0484300F1F7
:10B3500001091FBB042302AA49462046FDF7BAF89B
:10B3600001281BD10221042302AACDE9001049467D
:10B370002046FDF711F90746286DE168B0FBF1F0B2
:10B3800000FB01FB5946204601F073FF8246BAF1EB
:10B39000000F02D002218AF8021000BF384694E75D
:10B3A0005B466C61736844425D5B6B765D000000D8
:10B3B0005B25735D5B25735D200000002E2E5C42D3
:10B3C00053505C466C61736844425C7372635C66A4
:10B3D00064625F6B7664622E630000002825733A16
:10B3E00025642920000000004E6F7420666F756E82
:10B3F00064202725732720696E204B562E0A0000F3
:10B400002DE9FC4104460E4690464FF0FF370025DB
:10B4100029E004F1240050F8350018B304F12400A9
:10B4200050F835103046FAF72CFF38B904F12401F2
:10B4300051F83500314602F0E9F898B104F12400E2
:10B4400000EBC500406868B1424631466846FBF7EC
:10B45000F5FB04F1240000EBC5004168684688470D
:10B46000002700BF6D1C052DD3DB781C58B9E06C9C
:10B4700048B1424631466846FBF7E0FB6846E16C5E
:10B480008847002700BF3846BDE8FC8170B50446F8
:10B490000D4629462046F7F7F7FD70BD70B5044606
:10B4A0000D461646324629462046F7F7F5FD70BD93
:10B4B00010B5044600BF082C02DD4FF0FF3010BD70
:10B4C00000BF00BFA100491C002202EBC100FCF735
:10B4D00029FB00F00F00012802D06FF00400EEE716
:10B4E00000BFA100491C4FF4807202EBC10008218B
:10B4F000FCF798FB00BFA100491C4FF4807202EBDF
:10B50000C100FCF70FFB0028F5D10120A040154930
:10B5100009888143134801800120A040124909880D
:10B52000084008B10020CAE710E0A100491C4FF410
:10B53000007202EBC100FCF7F5FA00F0080028B138
:10B540002046FFF72FFA6FF00C00B8E7A100491C66
:10B550004FF4407202EBC100FCF7E4FA0028E4D19A
:10B560000120ACE738000020360000202DE9F04132
:10B57000B0B080460C461646C0236A462146404677
:10B5800004F014FE0546681C18B9002030B0BDE870
:10B59000F0812C44204601F09FFC0746A41CA41C0B
:10B5A000241DA41C112F5DD2DFE807F05C091A5C92
:10B5B0005C163D1718195C5C1B285C2F5B0014F8A7
:10B5C000010B307014F8010B707014F8010BB0709F
:10B5D00014F8010BF07046E000BF00BF00BF00BFD1
:10B5E00000BFC0236A462146404604F0DFFD054601
:10B5F000681C08B90020C9E72C4434E014F8015B4A
:10B600002C4414F8015B2C442DE0A41CC0236A4692
:10B610002146404604F0CAFD0546681C08B90020D2
:10B62000B4E72C441FE0C0236A462146404604F09C
:10B63000BDFD0546681C08B90020A7E72C44C023BF
:10B640006A462146404604F0B1FD0546681C08B92B
:10B6500000209BE72C44241D241D241D241D241D93
:10B6600001E000E000BF00BF20468FE72DE9F04F6A
:10B67000B1B081468B4690461C464546324800880C
:10B68000401C3149088008460188284605F0F2FC34
:10B6900005464FF4807040EAC92080B200902846E9
:10B6A000009905F0E7FC05460121284605F0E2FC7B
:10B6B00005460021284605F0DDFC05460021284608
:10B6C00005F0D8FC05460021284605F0D3FC0546C8
:10B6D000594601A8F4F7CEFD01AF3846F4F7A8FDAE
:10B6E0001FFA80FA00BF2E213846F4F797FD064670
:10B6F00016B1F01B84B200E0544605F8014B04B9C2
:10B7000011E0224639462846F4F77CFD25441EB94F
:10B71000002005F8010B06E0601C0744AAEB0000BE
:10B720001FFA80FADFE700BF0121284605F0A2FCDE
:10B7300005460121284605F09DFC0546A5EB0800BD
:10B7400000B231B0BDE8F08FC601002070B5B0B0D6
:10B7500006460C46C0236A462146304604F026FDC4
:10B760000546681C10B9002030B070BD2C44A41CE4
:10B77000A41C2046F8E700002DE9F047A0B00446DD
:10B780000F4691463E4635684FF000082078002865
:10B790007ED0A078022802D0A078032878D101209A
:10B7A0000321CDE900106068411C042309AA284642
:10B7B000FCF7F2FE606810301E9000BF0AA9284610
:10B7C00006F052F99DF82900002820D09DF82800A5
:10B7D000022803D09DF82800032818D10AA928467A
:10B7E00002F016FF00282AD036A0FCF799FA284666
:10B7F000FCF799FB8246524636A02968FCF790FA7E
:10B800009DF82A100EAA36A0FCF78AFA17E02DA0A0
:10B81000FCF786FA2846FCF786FB824652462DA0A6
:10B820002968FCF77DFA40F26D4238A13FA0FCF791
:10B8300077FA9DF82A100EAA3FA0FCF771FA0AAA1F
:10B840002146284601F092FC1E90401C0028B5D1EC
:10B85000421E2846616801F00BFAD6F8088060683D
:10B86000B06000222146284601F0BDFC686115A0A9
:10B87000FCF756FA2846FCF756FB8246524615A0BE
:10B880002968FCF74DFA40F2754220A127A000E09C
:10B8900015E0FCF745FA35A06168FCF741FA012391
:10B8A00003AA4146284606F0E9F938B907987168B5
:10B8B000884203D9012020B0BDE8F08700BF0020F6
:10B8C000F9E700005B466C61736844425D5B6B7630
:10B8D0005D0000005B25735D5B25735D200000004B
:10B8E0004572726F723A204D6F7665642074686598
:10B8F000204B562028252E2A732920666F72204758
:10B9000043206661696C65642E0A00002E2E5C423D
:10B9100053505C466C61736844425C7372635C664E
:10B9200064625F6B7664622E630000002825733AC0
:10B9300025642920000000004B562028252E2A735C
:10B94000292069732067617262616765204E4F54D8
:10B95000206E656564206D6F76652C20636F6C6C5E
:10B960006563742069742E0A00000000436F6C6CDC
:10B97000656374206120736563746F722040307852
:10B98000253038580A0000002DE9F04104460D46E4
:10B99000002600270CB1206810B90020BDE8F08116
:10B9A000606828B1D4E90110884201D30020F5E78E
:10B9B000B5F1004F01D30020F0E7A068401C05441A
:10B9C0006068A84203D3A16820680844E6E72069BC
:10B9D00008B10020E2E7B5F1804F07D3B5F1004F81
:10B9E00002D26FF0004702E00020D7E76F00206A24
:10B9F00060B13946226A206890470646DEB9E1699F
:10BA000020688847002060602060C7E73846A16949
:10BA10008847064636B9E16920688847002060609B
:10BA20002060BBE7A068421C30462168F4F7B4FBF5
:10BA3000E1692068884767602660A0683044ADE708
:10BA400070B505460C461248006830B9114A12A17B
:10BA500014A0FCF765F900BFFEE70D48006890F8F8
:10BA6000340030B90B4A17A10EA0FCF759F900BFFA
:10BA7000FEE719488069411922460548006807F029
:10BA8000A7FF10B14FF0FF3070BD2046FCE700006B
:10BA90008C050020E0750108736675645F64657647
:10BAA00000000000282573292068617320617373EA
:10BAB000657274206661696C656420617420257309
:10BAC0002E0A0000736675645F6465762D3E696EAC
:10BAD00069745F6F6B0000009005002070B505462B
:10BAE0001248007830B9124A12A114A0FCF718F9D4
:10BAF00000BFFEE735B90E4A18A110A0FCF710F9F7
:10BB000000BFFEE700240CE0164850F8241018226D
:10BB10002846F4F7B8FB18B9124850F8240070BD55
:10BB2000641C002CF0D00020F9E700008A050020FA
:10BB3000BF750108696E69745F6F6B0028257329F2
:10BB40002068617320617373657274206661696C2B
:10BB500065642061742025732E0A00006E616D6596
:10BB600000000000AC7501083EB52E48007808B111
:10BB700000203EBD00244DE02B4850F82400806A90
:10BB800030B92A4A2AA131A0FCF7CAF800BFFEE763
:10BB9000254850F82400C06A30B9244A33A12BA0AC
:10BBA000FCF7BEF800BFFEE71F4850F82400006B0A
:10BBB00030B91E4A34A125A0FCF7B2F800BFFEE759
:10BBC000194850F82400406A20B1174951F8241050
:10BBD000486A80472F22154932A0FCF7A1F8124885
:10BBE00050F82400006A104951F82410C9690E4A1F
:10BBF00052F824209269CDE9002102900A4850F8B9
:10BC00002430182211462C48FCF78AF82BA0FCF7A8
:10BC100087F8641C002CAFD0012002490870002076
:10BC2000A7E700008A050020AC750108B07501087F
:10BC30006465766963655F7461626C655B695D2DDF
:10BC40003E6F70732E7265616400000028257329B1
:10BC50002068617320617373657274206661696C1A
:10BC600065642061742025732E0A0000646576697E
:10BC700063655F7461626C655B695D2D3E6F7073B7
:10BC80002E777269746500006465766963655F7418
:10BC900061626C655B695D2D3E6F70732E657261CC
:10BCA000736500005B442F46414C5D202825733AA4
:10BCB0002564292000000000988101080A00000086
:10BCC00010B5FFF751FF0446002C00DA03E000F046
:10BCD00079F9044600BF002C10DD1248007868B9DD
:10BCE00001201049087010A0FCF71AF813A115A044
:10BCF000FCF716F820A0FCF713F810E0002C0EDC7F
:10BD000000200849087030221D491EA0FCF708F8E1
:10BD10000AA123A0FCF704F817A0FCF701F82046BD
:10BD200010BD0000890500201B5B33323B32326DB1
:10BD30005B492F46414C5D2000000000302E352E1F
:10BD400039390000466C6173682041627374726116
:10BD50006374696F6E204C61796572202856257373
:10BD60002920696E697469616C697A6520737563ED
:10BD7000636573732E0000001B5B306D0A000000CA
:10BD8000A37501081B5B33313B32326D5B452F4697
:10BD9000414C5D202825733A2564292000000000CD
:10BDA000466C617368204162737472616374696F79
:10BDB0006E204C6179657220285625732920696EA2
:10BDC000697469616C697A65206661696C65642E65
:10BDD000000000002DE9F04104460D4616460027FC
:10BDE000B84634B9264A27A128A0FBF799FF00BF1F
:10BDF000FEE7A819A16B88420FD94FF4F7722049CA
:10BE00002AA0FBF78DFF30A0FBF78AFF3CA0FBF7D1
:10BE100087FF4FF0FF30BDE8F081204600F0C4FE00
:10BE20008046B8F1000F11D140F2F51214491FA05D
:10BE3000FBF776FF221D04F11C013348FBF770FF6E
:10BE40002FA0FBF76DFF4FF0FF30E4E7616B48195F
:10BE50003146D8F8302090470746002F0DDA4FF4CE
:10BE6000FE72074911A0FBF75BFF04F11C0127A03C
:10BE7000FBF756FF22A0FBF753FF3846CBE7000045
:10BE80004D77010870617274000000002825732945
:10BE90002068617320617373657274206661696CD8
:10BEA00065642061742025732E0A00001B5B33310A
:10BEB0003B32326D5B452F46414C5D202825733A5D
:10BEC0002564292000000000506172746974696F54
:10BED0006E206572617365206572726F72212050E9
:10BEE0006172746974696F6E2061646472657373E2
:10BEF000206F7574206F6620626F756E642E00006F
:10BF00001B5B306D0A000000DC8201085061727416
:10BF10006974696F6E206572617365206572726FF6
:10BF2000722120466C6173682064657669636528B8
:10BF3000257329206572617365206572726F7221A5
:10BF40000000000070B505461048007830B9104A6E
:10BF500010A112A0FBF7E4FE00BFFEE700240EE0F4
:10BF60001648006800EB8410011D2846F4F767F9B5
:10BF700020B91248006800EB841070BD641C1048A2
:10BF800000688442ECD30020F7E70000CC050020D5
:10BF9000C4760108696E69745F6F6B002825732988
:10BFA0002068617320617373657274206661696CC7
:10BFB00065642061742025732E0A0000C8050020E6
:10BFC000D005002010B50E48007810B10D4800686B
:10BFD00010BD0D480D49086003200A490860084655
:10BFE00001680A480068FEF7B9FB00B103E00120D0
:10BFF0000349087000BF00F095F902480068E7E7C0
:10C00000CC050020D0050020E8750108C8050020F7
:10C010002DE9F04704460D4616461F464FF000082E
:10C02000C14634B92B4A2CA12DA0FBF779FE00BFE5
:10C03000FEE736B9274A32A129A0FBF771FE00BFFF
:10C04000FEE7E819A16B88420FD94FF4CF7221495E
:10C050002CA0FBF765FE32A0FBF762FE3EA0FBF7CB
:10C060005FFE4FF0FF30BDE8F087204600F09CFDFA
:10C070008146B9F1000F11D140F2A512154921A056
:10C08000FBF74EFE221D04F11C013548FBF748FE6C
:10C0900031A0FBF745FE4FF0FF30E4E7616B481934
:10C0A0003A463146D9F8283098478046B8F1000F13
:10C0B0000DDA4FF4D672074912A0FBF731FE04F1F6
:10C0C0001C0128A0FBF72CFE23A0FBF729FE40460D
:10C0D000C9E7000026770108706172740000000053
:10C0E0002825732920686173206173736572742039
:10C0F0006661696C65642061742025732E0A0000F6
:10C10000627566001B5B33313B32326D5B452F46F7
:10C11000414C5D202825733A256429200000000049
:10C12000506172746974696F6E2072656164206514
:10C1300072726F722120506172746974696F6E201F
:10C1400061646472657373206F7574206F6620621A
:10C150006F756E642E0000001B5B306D0A000000DE
:10C1600090820108506172746974696F6E20726503
:10C170006164206572726F722120466C6173682061
:10C18000646576696365282573292072656164207A
:10C190006572726F722100002DE9F04704460D466A
:10C1A00016461F464FF00008C14634B92B4A2CA151
:10C1B0002DA0FBF7B5FD00BFFEE736B9274A32A137
:10C1C00029A0FBF7ADFD00BFFEE7E819A16B88428F
:10C1D0000FD940F2C71221492CA0FBF7A1FD32A0D4
:10C1E000FBF79EFD3EA0FBF79BFD4FF0FF30BDE847
:10C1F000F087204600F0D8FC8146B9F1000F11D13C
:10C200004FF4E772154921A0FBF78AFD221D04F1C6
:10C210001C013548FBF784FD31A0FBF781FD4FF091
:10C22000FF30E4E7616B48193A463146D9F82C30C3
:10C2300098478046B8F1000F0DDA40F2D512074951
:10C2400012A0FBF76DFD04F11C0128A0FBF768FDAF
:10C2500023A0FBF765FD4046C9E7000039770108D8
:10C2600070617274000000002825732920686173D2
:10C2700020617373657274206661696C6564206106
:10C28000742025732E0A0000627566001B5B333133
:10C290003B32326D5B452F46414C5D202825733A79
:10C2A0002564292000000000506172746974696F70
:10C2B0006E207772697465206572726F72212050EA
:10C2C0006172746974696F6E2061646472657373FE
:10C2D000206F7574206F6620626F756E642E00008B
:10C2E0001B5B306D0A0000004482010850617274CB
:10C2F0006974696F6E207772697465206572726FF8
:10C30000722120466C6173682064657669636528D4
:10C31000257329207772697465206572726F7221A6
:10C32000000000002DE9F04385B03EA70FF2FC08A5
:10C330003846F3F77DFF81464046F3F779FF06461E
:10C340003D480068F0B1002518E03C48006800EB6B
:10C350008514201DF3F76CFF484503D9201DF3F722
:10C3600067FF814604F11C00F3F762FFB04204D975
:10C3700004F11C00F3F75CFF06466D1C2E480068B4
:10C380008542E2D32EA0FBF7CBFC32A0FBF7C8FC22
:10C3900040A0FBF7C5FC2AA0FBF7C2FC18203B46D7
:10C3A00002464946CDE9010800963CA0FBF7B8FCDF
:10C3B00038A0FBF7B5FC22A0FBF7B2FC43A0FBF7CB
:10C3C000AFFC34A0FBF7ACFC00251AE01B4800686A
:10C3D00000EB85141AA0FBF7A3FC04F11C02182340
:10C3E000D4E90D10CDE90063CDE902210490231DAD
:10C3F0001822494645A0FBF793FC26A0FBF790FCCA
:10C400006D1C0D4800688542E0D30DA0FBF788FC49
:10C4100048A0FBF785FC1FA0FBF782FC05B0BDE838
:10C42000F08300006E616D6500000000666C617352
:10C43000685F646576000000D0050020C805002014
:10C440001B5B33323B32326D5B492F46414C5D20E2
:10C45000000000003D3D3D3D3D3D3D3D3D3D3D3D00
:10C460003D3D3D3D3D3D3D3D2046414C207061728E
:10C47000746974696F6E207461626C65203D3D3D26
:10C480003D3D3D3D3D3D3D3D3D3D3D3D3D3D3D3DDC
:10C490003D0000001B5B306D0A0000007C20252D54
:10C4A0002A2E2A73207C20252D2A2E2A73207C20D8
:10C4B00020206F66667365742020207C2020202059
:10C4C0006C656E67746820207C0000002D2D2D2D7A
:10C4D0002D2D2D2D2D2D2D2D2D2D2D2D2D2D2D2D8C
:10C4E0002D2D2D2D2D2D2D2D2D2D2D2D2D2D2D2D7C
:10C4F0002D2D2D2D2D2D2D2D2D2D2D2D2D2D2D2D6C
:10C500002D2D2D2D2D2D2D2D2D0000007C20252DA8
:10C510002A2E2A73207C20252D2A2E2A73207C2067
:10C5200030782530386C78207C2030782530387889
:10C53000207C00003D3D3D3D3D3D3D3D3D3D3D3D83
:10C540003D3D3D3D3D3D3D3D3D3D3D3D3D3D3D3D1B
:10C550003D3D3D3D3D3D3D3D3D3D3D3D3D3D3D3D0B
:10C560003D3D3D3D3D3D3D3D3D3D3D3D3D3D3D3DFB
:10C570003D000000016042607047000030B5034696
:10C580000C46DB4308E014F8010B5840C0B2054DDF
:10C5900055F8200080EA1323101EA2F10102F2D107
:10C5A000D84330BD807101082DE9F84304460E469A
:10C5B00015460027207E90B916A0FBF7B1FB204658
:10C5C000FBF7B1FC8046424616A02168FBF7A8FBAA
:10C5D00017A02168FBF7A4FB0020BDE8F88300BF8B
:10C5E000E06910B12046E169884700BF05F11000FD
:10C5F000009031462046D5E9002300F02FFD074684
:10C6000000BF206A10B12046216A884700BF384623
:10C61000E3E700005B466C61736844425D5B6B76E8
:10C620005D0000005B25735D5B25735D20000000ED
:10C630004572726F723A204B562028257329206963
:10C64000736E277420696E697469616C697A6520FC
:10C650004F4B2E0A000000002DE9F04104460E4623
:10C6600015460027207E90B914A0FBF759FB204601
:10C67000FBF759FC8046424614A02168FBF750FBAB
:10C6800015A02168FBF74CFB0820BDE8F08100BF36
:10C69000E06910B12046E169884700BF3146204675
:10C6A000D5E9002306F0B8FF074600BF206A10B1A5
:10C6B0002046216A884700BF3846E6E75B466C6142
:10C6C000736844425D5B6B765D0000005B25735DC3
:10C6D0005B25735D200000004572726F723A204B3B
:10C6E0005620282573292069736E277420696E6986
:10C6F0007469616C697A65204F4B2E0A0000000056
:10C700002DE9F04188B00446002700BFE06910B170
:10C710002046E169884700BF002507E04FF0FF3160
:10C7200004F1A80000EBC50041606D1C402DF5D35D
:10C7300000260AE04FF0FF323146204600F098FA1A
:10C74000074607B139E0E06806442069B042F1D8F5
:10C7500000252EE005EB4501A06A00EB8100806812
:10C7600048B905EB4502A16A01EB82014868F3F77D
:10C770005FFD804606E005EB4501A06A00EB810005
:10C78000D0F808804FF0FF300790CDF8008005EB1F
:10C790004501A06A00EB8100436805EB4501A06AF2
:10C7A00050F8212002A92046FEF754FA07B104E010
:10C7B0006D1CE06AA842CDD800BF0020606100BFB8
:10C7C000206A10B12046216A884700BF384608B069
:10C7D000BDE8F0812DE9F04F8BB0044688469146C4
:10C7E0001E46DDF850A0002700234A464146204659
:10C7F000CDF800A0FBF732FC074607B1AAE000BF66
:10C80000E06910B12046E169884700BF002084F844
:10C81000300084F8310026B1D6E90001C4E90A01EC
:10C8200003E00021E1620020A06200200490039058
:10C8300060614C4903AA04ABCDE900210290024695
:10C8400005A9204605F0CCFF0498606146A0FBF7DF
:10C8500067FA2046FBF767FB83465A4646A02168E5
:10C86000FBF75EFA40F2F26246A14EA0FBF758FADF
:10C870004FA06169FBF754FAD4E90310B0FBF1F063
:10C88000012812D838A0FBF74BFA2046FBF74BFBE8
:10C8900083465A4638A02168FBF742FA4B4A4C4976
:10C8A0004CA0FBF73DFA00BFFEE7002514E0002195
:10C8B00005EB450204F52A7000F83210491E05EB1D
:10C8C000450200EBC200416105EB450204F52A7008
:10C8D00000EBC20041606D1C082DE8D3002507E085
:10C8E0004FF0FF3104F1A80000EBC50041606D1C62
:10C8F000402DF5D31CA0FBF713FA2046FBF713FBE2
:10C9000083465A461CA02168FBF70AFA40F20272DD
:10C910001CA124A0FBF704FA36A02169FBF700FA5A
:10C9200000BF206A10B12046216A884700BF204618
:10C93000FBF74EFD074600BFE06910B12046E169F4
:10C94000884700BF00BF206A10B12046216A88478F
:10C9500000BF00BF39462046FBF7BEFC38460BB08F
:10C96000BDE8F08F61A800085B466C6173684442C3
:10C970005D5B6B765D0000005B25735D5B25735D21
:10C98000200000002E2E5C4253505C466C617368A0
:10C9900044425C7372635C6664625F6B7664622EB1
:10C9A000630000002825733A256429200000000058
:10C9B000546865206F6C64657374206164647220D0
:10C9C000697320403078253038580A0071710108A9
:10C9D0004C810108282573292068617320617373D5
:10C9E000657274206661696C6564206174202573CA
:10C9F0002E0A00004B5644422073697A6520697301
:10CA00002025752062797465732E0A0010B50A49D5
:10CA100009680868804708494968086880470649E6
:10CA2000C9680868804704498968086880470249DE
:10CA300009690868804710BDA00400202DE9F04175
:10CA400007460D46144600262846F3F7F1FB8046BC
:10CA500004F1500342462946384600F026FB30B127
:10CA60002146384605F000F80120BDE8F081224655
:10CA70002946384600F02EF806462EB14246294691
:10CA80003846236D08F06EF93046EEE72DE9F047A1
:10CA900004460D4616462F46B1463846F3F7C8FB06
:10CAA0008046A078404502D00020BDE8F08760783D
:10CAB00068B1207802280AD14246394604F11000B4
:10CAC000F3F7E1FB18B9012089F80000EDE7002039
:10CAD000EBE700007CB506460C46154600200190A9
:10CAE000054801AB224629460090304600F0F4FD8F
:10CAF0009DF804007CBD00008DCA00082DE9F04FB0
:10CB000089B007460C461646A046F868B4FBF0F01C
:10CB1000F96800FB01FB5946384600F0AAFB824643
:10CB2000BAF1000F08D0DAF81400A04204D14FF097
:10CB3000FF3009B0BDE8F08F2BE0202301AA214689
:10CB40003846FBF70DFA10B14FF0FF30F1E7002542
:10CB500019E001A8415D01AA681C105C01EB0021ED
:10CB6000A81C105C01EB0041E81C105C01EB0069A3
:10CB70000C48814506D16019001F404502D3601959
:10CB8000001FD6E76D1C1C2D02D26019B042E0D305
:10CB90001C34B44203D204F12000B042CDD34FF094
:10CBA000FF30C6E74B56303010B5044611480068D8
:10CBB000844206D2104A11A116A0FBF7B1F800BFBB
:10CBC000FEE71C480068401E0A49096801EB801016
:10CBD000A04206D2084A18A10EA0FBF7A1F800BF98
:10CBE000FEE704480068201A8011204951F820000F
:10CBF00010BD0000C8050020D7760108706172746E
:10CC0000203E3D20706172746974696F6E5F74615B
:10CC1000626C650028257329206861732061737335
:10CC2000657274206661696C656420617420257387
:10CC30002E0A0000D005002070617274203C3D2057
:10CC400026706172746974696F6E5F7461626C657D
:10CC50005B706172746974696F6E5F7461626C6538
:10CC60005F6C656E202D20315D000000F8380020DB
:10CC70002DE9F0418AB004460D46164600270020F3
:10CC80000690079008900990E068B5FBF0F100FB72
:10CC90001150002812D024A0FBF742F82046FBF7E1
:10CCA00042F98046424624A02168FBF739F8254A1C
:10CCB00025A12CA0FBF734F800BFFEE7294620464B
:10CCC000E268FBF738F907464FBBFF22102106A8A0
:10CCD000F3F774FA0122042106A8FBF743FC0122B2
:10CCE00004210DF11900FBF73DFC2648079008963A
:10CCF0004FF0FF3009900120102306AA294600902A
:10CD00002046FBF746F9074618221F496846F3F705
:10CD100043FA01956946204608F005F900BF3846F8
:10CD20000AB0BDE8F08100005B466C617368444264
:10CD30005D5B6B765D0000005B25735D5B25735D5D
:10CD400020000000397101086164647220252064AC
:10CD5000625F7365635F73697A6528646229203D49
:10CD60003D2030002825732920686173206173738A
:10CD7000657274206661696C656420617420257336
:10CD80002E0A0000464442304871010813B50C4693
:10CD90004FF0FF33012269460248F8F739FD009849
:10CDA0001CBD0000D009002030B503460C461546D6
:10CDB000187820B12068401C206058682860002046
:10CDC00030BD10B504462046216900F001F810BDC1
:10CDD00070B58EB004460D460020079006901D49A0
:10CDE00006AA07ABCDE900210290012208A920463E
:10CDF00005F0F6FC18A0FAF793FF2046FBF793F82E
:10CE00000646324618A02168FAF78AFF40F28C42A3
:10CE100018A120A0FAF784FF012221A00799FAF7B0
:10CE20007FFF079801280FD8039404950698059072
:10CE300000202849CDE9000103AB024608A9029071
:10CE4000204605F0CDFC00BF002084F830000EB075
:10CE500070BD0000A9CD00085B466C617368444258
:10CE60005D5B6B765D0000005B25735D5B25735D2C
:10CE7000200000002E2E5C4253505C466C617368AB
:10CE800044425C7372635C6664625F6B7664622EBC
:10CE9000630000002825733A256429200000000063
:10CEA0005468652072656D61696E20656D70747976
:10CEB00020736563746F722069732025752C204779
:10CEC00043207468726573686F6C642069732025F1
:10CED000642E0A0079B70008014611F8013B1802D8
:10CEE0000A78024490B270470649097801700549F2
:10CEF000497841700349897881700249C978C170C5
:10CF0000704700009100002006490978017005492A
:10CF1000497841700349897881700249C978C170A4
:10CF20007047000089000020064909780170054912
:10CF3000497841700349897881700249C978C17084
:10CF4000704700008500002001464FF6FF72086818
:10CF5000904201D1012001E00868401C0860704740
:10CF60000649097801700549497841700349897873
:10CF700081700249C978C170704700008D0000209F
:10CF800070B504460025002600BFA100491C4FF4DF
:10CF9000185202EBC100FAF7C5FD0646A100491C74
:10CFA0004FF4185202EBC10101F58070FAF7BAFD97
:10CFB00000EB062086B2AEB1A100491C4FF4185216
:10CFC00002EBC100FAF7AEFD0546A100491C4FF483
:10CFD000185202EBC10101F58070FAF7A3FD00EBD6
:10CFE000052085B2B542D0D1284670BD70B5044643
:10CFF0000025002600BFA100491C4FF4005202EB9F
:10D00000C100FAF78FFD0646A100491C4FF40052FB
:10D0100002EBC10101F58070FAF784FD00EB0620F8
:10D0200086B2AEB1A100491C4FF4005202EBC10020
:10D03000FAF778FD0546A100491C4FF4005202EBB7
:10D04000C10101F58070FAF76DFD00EB052085B296
:10D05000B542D0D1284670BD2E2070472DE9F0434F
:10D0600097B08046894616461D461E9C002701AA99
:10D0700049464046FFF7E2FC80B10CB104982060BD
:10D080000498A84201D2049F00E02F464EB13B46CF
:10D09000324640461699FAF763FF02E00CB10020D1
:10D0A0002060384617B0BDE8F0832DE9F04391B019
:10D0B00005460E4690461F46424631460020FFF781
:10D0C0005DFA4FEA104900244CE005F1A80000EB9E
:10D0D000C4004068401C90B305F1A80030F834004B
:10D0E00048453ED1402101A8F3F76FF805F1A800AB
:10D0F00000EBC400406800F11801402301AA284653
:10D10000FAF72EFF424601A93046F3F7BCF838BBC8
:10D1100005F1A80000EBC4004068386005F1A800E4
:10D1200000EBC40040884FF6BF71884208DB4FF621
:10D13000FF7105F1A80000EBC40041800CE010E095
:10D1400005F1A80000EBC4004088403081B205F131
:10D15000A80000EBC4004180012011B0BDE8F083BD
:10D1600000BF641C402CB0D30020F6E72DE9F0414D
:10D1700006460D4614464FF0FF376878012802D165
:10D18000801EBDE8F081206D401C18B9686800F170
:10D19000100726E06868F1680844216D88421DD3B5
:10D1A000607818B1A168206D471801E0206D471C18
:10D1B0006868F1680844A0F1100239463046FFF76C
:10D1C0009DFC0746781C30B16868F1680844B84295
:10D1D00001D3A06828B94FF0FF30D2E74FF0FF30FD
:10D1E000CFE73846CDE730B503461446C868401C43
:10D1F00008B9DA6803E0C868DD6800FB05F2A0182A
:10D200001D69A84209D8486810441D69A84202D285
:10D210004868104430BD0020FCE74FF0FF30F9E7CC
:10D220002DE9F04105460E461746002405B116B912
:10D230000020BDE8F081AC685FB100E024688CB1EB
:10D24000206A78B13046216AF2F7F9FF0028F5D15B
:10D2500008E000E024682CB13046216AFDF7ECF8C4
:10D260000028F7D10CB1206A08B90020E1E7204678
:10D27000DFE710B502460B46002110E001EB410448
:10D2800002F52A7000EBC4004068984206D101EB19
:10D29000410402F52A7000EBC40010BD491C0829A6
:10D2A000ECD30020F9E70000F8B5044600264CB99D
:10D2B00079487AA37BA2A221009082A006F000FD0B
:10D2C00000BFFEE7204606F0F1FE06460EB13046EE
:10D2D000F8BD606A48B9704880A372A2AA21009084
:10D2E00078A006F0EDFC00BFFEE7206930B1A08A0F
:10D2F00020B1A06910B1207F00287AD1204604F027
:10D300003FFB06460EB13046E2E7204606F0CEFD72
:10D3100060B30020A060216D21614820005B0128DE
:10D3200002D10221A18201E00121A182616DA161EE
:10D3300094F858102177012515E004F1540050F8B5
:10D34000350078B104F1540050F83500A1698142EC
:10D3500008D904F1540050F83510A16100EBC50064
:10D36000017921776D1C042DE7D342E000253DE0D3
:10D3700005EB45005D4901EBC0000179207B81424E
:10D3800033D105EB4500594901EBC0004179607B81
:10D3900081422AD105EB4500544901EBC000817957
:10D3A000A07B814221D105EB4500504951F8300066
:10D3B000A06005EB450001EBC0008168216105EB31
:10D3C00045004A4901EBC0008189A18205EB450077
:10D3D000464901EBC0000169A16105EB45004349E5
:10D3E00001EBC000017D217702E06D1C0B2DBFD346
:10D3F00000BF206928B1A08A18B1A06908B1207FB8
:10D4000020B93BA006F086FC012061E7002700253B
:10D410000BE0454800EBC5000179207B814203D138
:10D42000414850F8357002E06D1C0F2DF1D300BF5C
:10D4300047B1A06830B139463CA02369A26806F024
:10D4400069FC05E027B1394643A0226906F062FC79
:10D4500000BF204605F02AF906460EB1304637E7F0
:10D46000207D00F0040040B100220121204606F09A
:10D4700063FE06460EB130462AE72069B0F1807F90
:10D4800005D90121204606F031F8064602E00020C9
:10D4900084F8350030461BE7B86F0108666C61738D
:10D4A0006800000028257329206861732061737368
:10D4B000657274206661696C6564206174202573EF
:10D4C0002E0000002E2E5C4253505C736675645C27
:10D4D0007372635C736675642E630000666C6173BF
:10D4E000682D3E7370692E7772000000B06E0108DF
:10D4F0005761726E696E673A205468697320666C72
:10D5000061736820646576696365206973206E6F56
:10D510007420666F756E64206F72206E6F74207356
:10D520007570706F72742E00386E010846696E64F3
:10D53000206120257320257320666C617368206349
:10D540006869702E2053697A6520697320256C64A0
:10D550002062797465732E0046696E64206120250F
:10D560007320666C61736820636869702E2053694C
:10D570007A6520697320256C642062797465732E46
:10D580000000000010B5002006F02AFB09490860E1
:10D590000846006810B94FF0FF3010BD054800681C
:10D5A000806905490862034800680069C861002075
:10D5B000F3E700008C050020900500202DE9F041E4
:10D5C0000B3020F00706104D19E02068B04215D34B
:10D5D000B0420AD9871B201DD4F80480F2F7DCFD85
:10D5E000A019C0E90078286004E060682860201D68
:10D5F000F2F7D2FD201D2660BDE8F081251D2C68C4
:10D60000002CE2D10020F7E7DC05002070B50546CC
:10D610000C462946A2686068831825E010782F28F8
:10D6200003D108782F2800D022E008782B2807D0D3
:10D630000878232804D008781678B04200D017E084
:10D6400008782B280AD1501C02E0561C3246701C68
:10D65000984202D206782F2EF7D103E008782328CB
:10D6600000D15A1E491C521C087808B19A42D5D3E1
:10D6700000BF9A4203D1087808B9012070BD00208C
:10D68000FCE77CB504464FF0FF36A06908B90026D8
:10D6900020E004F15400F9F735FFD0B1207FC0B984
:10D6A0006846F9F72BFF4FF47A716846F9F71EFFC9
:10D6B000A1682069F8F743FF0546002D08DD6A469A
:10D6C0002946204605F09CF9061E01D1012020774D
:10D6D00000BF00BF30467CBD2DE9F04786B005464F
:10D6E0000C4616461F46DDF838804FF00009D5F885
:10D6F00014A000BFE868814400236A4651462846CA
:10D7000004F0BCFA00B125E0B8F1000F00D121E02F
:10D710009DF80100022803D09DF80100032818D1CC
:10D7200001981030206500BF2146284604F09CF97E
:10D730003A4631462046C04710B106B0BDE8F087F2
:10D74000224669462846FFF711FD2065401C002847
:10D75000EAD100BF4A4669462846FFF744FD8246A3
:10D76000401C0028C6D100BFE7E710B5044600BF43
:10D77000082C02DD4FF0FF3010BD00BF00BFA1003C
:10D78000491C002202EBC100FAF7CCF900F00F00AF
:10D79000012802D06FF00400EEE700BF00BFA10037
:10D7A000491C4FF4407202EBC100FAF7BBF9132891
:10D7B00002D06FF00200DFE700BFA100491C4FF468
:10D7C000807202EBC1000221FAF72CFA00BFA1001F
:10D7D000491C4FF4807202EBC100FAF7A3F900284C
:10D7E000F5D105E02046FDF7DDF86FF00300C3E753
:10D7F000A100491C4FF4407202EBC100FAF792F904
:10D800001428EFD10120B7E7F5F7F2FFF9F798FCFC
:10D81000F9F73AF8F9F70EF8F9F7E4F8F9F704F937
:10D82000F9F7ACF9F9F7C6F9F9F7E0F9F8F7E6FF17
:10D83000F9F71CF9F8F7B4FFF9F768F9F9F7B4F854
:10D840004FF480721E491F48F7F7C7FC4FF48072EF
:10D850001D491E48F7F7C1FC1D48F7F7BFF9042121
:10D860001C48F7F72FFC1C48F4F744FDFCF7BAFB03
:10D8700001F0BCFA08F096FFFFF7C8F8FBF7DEFDF1
:10D880001CE001210020F9F70BFC00210120F9F731
:10D8900007FC01210220F9F703FC00210320F9F71E
:10D8A000FFFB01F0DFFBF9F719FC01F0EBFD3C2079
:10D8B0000849096888630A20F5F732FAE1E70000B1
:10D8C000E4050020D0090020E4060020600A0020C2
:10D8D0008809002040090020E40700207CB50622CA
:10D8E00069464FF41060FAF757F901205C4909685E
:10D8F00008705B49096848700620594909688870B2
:10D90000002057490968C87055480068051D5548EA
:10D910000068000E287053480068000C6870514879
:10D920000088000AA8704F480078E87000204C4931
:10D93000096808814A48006800F10A0580202870BB
:10D94000002068704649096808730021444800684F
:10D95000417343480068817341480068C1730020E7
:10D960003F490968087400213D48006841743C48FB
:10D97000006881743A480068C17400203849096819
:10D980000875002136480068417535480068817582
:10D9900033480068C17500203149096808760021C4
:10D9A0002F48006841762E48006881762C48006830
:10D9B000C1762D4800782A49096808772A484178B5
:10D9C0002748006841772848817825480068817792
:10D9D0002548C17822480068C1772348017920484A
:10D9E000006880F82010204841791D48006880F8C0
:10D9F0002110062406E00021194800681C3001555A
:10DA0000601CC4B2102CF6DB002406E00021144890
:10DA100000682C300155601CC4B2402CF6DB002499
:10DA200006E000210E4800686C300155601CC4B24D
:10DA3000802CF6DB63200A49096881F8EC0082211A
:10DA40000748006880F8ED1053210548006880F809
:10DA5000EE1063210248006880F8EF107CBD0000E2
:10DA6000A8000020A4000020B40000202DE9F84305
:10DA700005460F46164655B9164817A318A240F298
:10DA80006F3100901EA006F01BF900BFFEE756B9EB
:10DA9000104821A312A24FF45C71009018A006F068
:10DAA0000FF900BFFEE795F8350008B1042000E04B
:10DAB00003208046002408E0601CA8EB0000C000A2
:10DAC00027FA00F03055601CC4B24445F4DBBDE8D1
:10DAD000F883000074700108666C617368000000D0
:10DAE000282573292068617320617373657274201F
:10DAF0006661696C65642061742025732E000000E6
:10DB00002E2E5C4253505C736675645C7372635C6A
:10DB1000736675642E6300006172726179000000A3
:10DB2000F0B590B005460C462678677846EA072699
:10DB3000A77846EA0746E77846EA07660096267918
:10DB4000677946EA0726A77946EA0746E77946EA6B
:10DB500007660196267A677A46EA0726A77A46EA92
:10DB60000746E77A46EA07660296267B677B46EA1F
:10DB70000726A77B46EA0746E77B46EA0766039641
:10DB8000267C677C46EA0726A77C46EA0746E77CB0
:10DB900046EA07660496267D677D46EA0726A77D46
:10DBA00046EA0746E77D46EA07660596267E677ED3
:10DBB00046EA0726A77E46EA0746E77E46EA076664
:10DBC0000696267F677F46EA0726A77F46EA07462E
:10DBD000E77F46EA0766079694F8206094F821707C
:10DBE00046EA072694F8227046EA074694F823701E
:10DBF00046EA0766089694F8246094F8257046EA89
:10DC0000072694F8267046EA074694F8277046EAF5
:10DC10000766099694F8286094F8297046EA072662
:10DC200094F82A7046EA074694F82B7046EA07668D
:10DC30000A9694F82C6094F82D7046EA072694F81A
:10DC40002E7046EA074694F82F7046EA07660B9650
:10DC500094F8306094F8317046EA072694F83270F0
:10DC600046EA074694F8337046EA07660C9694F83D
:10DC7000346094F8357046EA072694F8367046EA20
:10DC8000074694F8377046EA07660D9694F83860B0
:10DC900094F8397046EA072694F83A7046EA07463F
:10DCA00094F83B7046EA07660E9694F83C6094F848
:10DCB0003D7046EA072694F83E7046EA074694F817
:10DCC0003F7046EA07660F96A868E9682A696B699B
:10DCD00082EA03060E405E40009F3E44FE4F3E44F3
:10DCE0003044C60146EA5066701881EA02060640D2
:10DCF0005640019F3E44F94F3E4433441E0346EADA
:10DD00001356331880EA01061E404E40029F3E44DF
:10DD1000F34F3E443244560446EAD236F21883EAC0
:10DD2000000616404640039F3E44EE4F3E443144B9
:10DD30008E0546EA9126B11882EA03060E405E403F
:10DD4000049F3E44E84F3E443044C60146EA5066D4
:10DD5000701881EA020606405640059F3E44E34F94
:10DD60003E4433441E0346EA1356331880EA010644
:10DD70001E404E40069F3E44DD4F3E443244560412
:10DD800046EAD236F21883EA000616404640079F5C
:10DD90003E44D84F3E4431448E0546EA9126B118A0
:10DDA00082EA03060E405E40089F3E44D24F3E4446
:10DDB0003044C60146EA5066701881EA0206064001
:10DDC0005640099F3E44CD4F3E4433441E0346EA2D
:10DDD0001356331880EA01061E404E400A9F3E4407
:10DDE000A6F524464F3E3244560446EAD236F2188F
:10DDF00083EA0006164046400B9F3E44C04F3E4417
:10DE000031448E0546EA9126B11882EA03060E4097
:10DE10005E400C9F3E44BB4F3E443044C60146EA40
:10DE20005066701881EA0206064056400D9F3E4437
:10DE3000B54F3E4433441E0346EA1356331880EA76
:10DE400001061E404E400E9F3E44B04F3E443244B9
:10DE5000560446EAD236F21883EA000616404640D7
:10DE60000F9F3E44AA4F3E4431448E0546EA912618
:10DE7000B11881EA02061E405640019F3E44A54F5C
:10DE80003E443044460146EAD066701880EA0106F6
:10DE900016404E40069F3E449F4F3E4433445E0230
:10DEA00046EAD356331883EA00060E4046400B9FDD
:10DEB0003E449A4F3E443244960346EA9246F21854
:10DEC00082EA030606405E40009F3E44944F3E4473
:10DED00031440E0546EA1136B11881EA02061E40A9
:10DEE0005640059F3E448F4F3E443044460146EA2B
:10DEF000D066701880EA010616404E400A9F3E44E4
:10DF0000894F3E4433445E0246EAD356331883EACF
:10DF100000060E4046400F9F3E44844F3E4432442C
:10DF2000960346EA9246F21882EA030606405E40ED
:10DF3000049F3E447E4F3E4431440E0546EA11366E
:10DF4000B11881EA02061E405640099F3E44794FAF
:10DF50003E443044460146EAD066701880EA010625
:10DF600016404E400E9F3E44734F3E4433445E0283
:10DF700046EAD356331883EA00060E404640039F14
:10DF80003E446E4F3E443244960346EA9246F218AF
:10DF900082EA030606405E40089F3E44684F3E44C6
:10DFA00031440E0546EA1136B11881EA02061E40D8
:10DFB00056400D9F3E44634F3E443044460146EA7E
:10DFC000D066701880EA010616404E40029F3E441B
:10DFD0005D4F3E4433445E0246EAD356331883EA2B
:10DFE00000060E404640079F3E44584F3E44324490
:10DFF000960346EA9246F21882EA030606405E401D
:10E000000C9F3E44524F3E4431440E0546EA1136C1
:10E01000B11881EA02065E40059F3E444D4F3E44E2
:10E020003044060146EA1076701880EA0106564030
:10E03000089F3E44484F3E443344DE0246EA53566E
:10E04000331883EA00064E400B9F3E44434F3E4444
:10E050003244160446EA1246F21882EA03064640A3
:10E060000E9F3E443E4F3E443144CE0546EA512683
:10E07000B11881EA02065E40019F3E44394F3E449A
:10E080003044060146EA1076701880EA01065640D0
:10E09000049F3E44344F3E443344DE0246EA535626
:10E0A000331883EA00064E40079F3E442F4F3E44FC
:10E0B0003244160446EA1246F21882EA0306464043
:10E0C0000A9F3E442A4F3E443144CE0546EA51263B
:10E0D000B11881EA02064DE078A46AD756B7C7E8BE
:10E0E000DB702024EECEBDC1AF0F7CF52AC687477A
:10E0F000134630A8019546FDD8988069AFF7448B48
:10E10000BED75C892211906B937198FD8E4379A6DE
:10E110002108B44962251EF640B340C0515A5E261C
:10E12000AAC7B6E95D102FD65314440281E6A1D8E0
:10E13000C8FBD3E7E6CDE121D60737C3870DD5F479
:10E14000ED145A4505E9E3A9F8A3EFFCD9026F677E
:10E150008A4C2A8D4239FAFF81F6718722619D6DC2
:10E160000C38E5FD44EABEA4A9CFDE4B604BBBF6FC
:10E1700070BCBFBE5E400D9F3E44944F3E44304451
:10E18000060146EA1076701880EA01065640009FA4
:10E190003E448F4F3E443344DE0246EA5356331822
:10E1A00083EA00064E40039F3E448A4F3E44324479
:10E1B000160446EA1246F21882EA03064640069F13
:10E1C0003E44854F3E443144CE0546EA5126B118BF
:10E1D00081EA02065E40099F3E44804F3E4430443F
:10E1E000060146EA1076701880EA010656400C9F38
:10E1F0003E447B4F3E443344DE0246EA53563318D6
:10E2000083EA00064E400F9F3E44764F3E44324420
:10E21000160446EA1246F21882EA03064640029FB6
:10E220003E44714F3E443144CE0546EA5126B11872
:10E2300061EA03065640009F3E446C4F3E44304422
:10E24000860146EA9066701860EA02064E40079F13
:10E250003E44674F3E4433449E0246EA9356331889
:10E2600063EA010646400E9F3E44624F3E443244FC
:10E27000D60346EA5246F21862EA00065E40059F5F
:10E280003E445D4F3E4431444E0546EAD126B11826
:10E2900061EA030656400C9F3E44584F3E443044CA
:10E2A000860146EA9066701860EA02064E40039FB7
:10E2B0003E44534F3E4433449E0246EA935633183D
:10E2C00063EA010646400A9F3E444E4F3E443244B4
:10E2D000D60346EA5246F21862EA00065E40019F03
:10E2E0003E44494F3E4431444E0546EAD126B118DA
:10E2F00061EA03065640089F3E44444F3E44304482
:10E30000860146EA9066701860EA02064E400F9F4A
:10E310003E443F4F3E4433449E0246EA93563318F0
:10E3200063EA01064640069F3E443A4F3E4432446B
:10E33000D60346EA5246F21862EA00065E400D9F96
:10E340003E44354F3E4431444E0546EAD126B1188D
:10E3500061EA03065640049F3E44304F3E44304439
:10E36000860146EA9066701860EA02064E400B9FEE
:10E370003E442B4F3E4433449E0246EA93563318A4
:10E3800063EA01064640029F3E44264F3E44324423
:10E39000D60346EA5246F21862EA00065E40099F3A
:10E3A0003E44214F3E4431444E0546EAD126B11841
:10E3B000AE680644AE60EE687718EF602E69B71855
:10E3C0002F616E69F7186F6110B0F0BDC67E9B2893
:10E3D000FA27A1EA8530EFD4051D880439D0D4D9B5
:10E3E000E599DBE6F87CA21F6556ACC4442229F40B
:10E3F00097FF2A43A72394AB39A093FCC3595B65CD
:10E4000092CC0C8F7DF4EFFFD15D84854F7EA86F99
:10E41000E0E62CFE144301A3A111084E827E53F7BF
:10E4200035F23ABDBBD2D72A91D386EB70B5204CDA
:10E4300094F8280008B9002070BD94F828008200E4
:10E44000214604F11400F1F7A7FE94F8281004F116
:10E450001400FBF7D9FD94F8280000EBD0714910A7
:10E46000A0EB410101290AD194F8280000EBD071FA
:10E470004A1004F1140151F82210E16216E094F8F8
:10E48000282002EBD2735B105B1E04F1140555F8D3
:10E490002350114602EBD1735E1004F1140353F8BC
:10E4A0002630E81800EBD0735B10E362E06AC3E744
:10E4B000BC37002010B500200649C86281F828004A
:10E4C00014210448F1F781FE142102481430F1F7B9
:10E4D0007CFE10BDBC37002002460D4890F8281085
:10E4E000052908DA10F8283F0178491C00F8281996
:10E4F00040F823200BE0002106E04B1C50F82330AD
:10E5000040F821304B1CD9B20429F6DB0261704778
:10E51000BC37002030B59BB005462C681848806990
:10E5200088B102A8D4E90212F1F736FE002002AA4F
:10E53000E1681144487000BF02AB782211A11CA011
:10E54000F9F7EEFB00BF0E48406848B100BFA06875
:10E5500000907D220BA11EA0E368F9F7E1FB0CE01F
:10E5600000BF07488068A168CDE90010812205A19D
:10E570001FA0E368F9F7D4FB00BF1BB030BD00005B
:10E58000480100202E2E5C4253505C696F4C69623A
:10E59000726172795F4472697665725C6170705FF6
:10E5A00077353530305F6D7174742E630000000074
:10E5B0005B204D5154542D436C69656E74205D5B36
:10E5C00025733A25645D2025730D0A0A00000000BA
:10E5D0005B204D5154542D436C69656E74205D5B16
:10E5E00025733A25645D20252E2A730A0000000059
:10E5F0005B204D5154542D436C69656E74205D5BF6
:10E6000025733A25645D20252E2A7325730A0000A0
:10E610002DE9F04FAFB007460C464FF0000A2078C6
:10E62000022805D10023224619463846FCF720FE71
:10E6300028A93846A268FAF72BFE0546401CC8B147
:10E6400097F83100D0B12078032817D1442101A8D0
:10E65000F1F7BBFDA27804F1100101A8F1F7D2FD9A
:10E6600012AA01A93846FEF735FA10B14FF0000A98
:10E6700076E003E007202FB0BDE8F08FD4F80880E3
:10E68000002328A93846A26806F00EFC00200121CC
:10E6900006232EAACDE9001029463846F9F77CFF5B
:10E6A000A8F104080026B1461BE006F12000404511
:10E6B00002D24FF0200901E0A8EB06094B46206D7D
:10E6C000001D811920AA3846F9F74AFC0120009064
:10E6D000281D81194B4620AA3846F9F75AFC824674
:10E6E0004E444645E1D30120022106232EAACDE95E
:10E6F000001029463846F9F74FFFF868B5FBF0F0EF
:10E70000F96800FB01FBA078014605F118000144FF
:10E71000E0680A185946384606F04BFCA2782B46AA
:10E7200004F11001384606F01DFB11A0F9F7F8FAC4
:10E730003846F9F7F8FB0646324611A03968F9F772
:10E74000EFFA40F2254211A118A0F9F7E9FA009575
:10E75000A17804F1100218A0236DF9F7E1FA00BFC7
:10E760000123224600213846FCF782FD504682E70D
:10E770005B466C61736844425D5B6B765D000000D4
:10E780005B25735D5B25735D200000002E2E5C42CF
:10E7900053505C466C61736844425C7372635C66A0
:10E7A00064625F6B7664622E630000002825733A12
:10E7B00025642920000000004D6F76656420746890
:10E7C00065204B562028252E2A73292066726F6DEE
:10E7D0002030782530385820746F20307825303834
:10E7E000582E0A002DE9F04F8BB005A906A8F5F7C1
:10E7F000D1FA35490798B0FBF1F40898B0FBF1F570
:10E800000998B0FBF1F60A98B0FBF1F9FBF7BCFBF5
:10E8100082462E4A07CA02AB07C32DA000F004FCB3
:10E8200039A000F001FC44A000F0FEFB4BA002A9BF
:10E830000EC900F0F9FB5248016852A000F0F4FB49
:10E840005046F2F764FA07463A460B4654A000F0E9
:10E85000EBFBF3F70DFA8346F2F759FA07463A460F
:10E860000B4657A000F0E0FB5BA000F0DDFB21466B
:10E870005FA000F0D9FB294665A000F0D5FB31462A
:10E880006BA000F0D1FB494671A000F0CDFB78A051
:10E89000059900F0C9FB7DA000F0C6FB8348C07855
:10E8A0000090824883784278017881A000F0BCFB18
:10E8B0008848018888A000F0B7FB8DA000F0B4FB69
:10E8C0000BB0BDE8F08F000040420F00E8F7FF1FDB
:10E8D0003D3D3D3D3D3D3D3D3D3D3D3D3D3D3D3D68
:10E8E0003D3D3D20424F41524420494E464F203D40
:10E8F0003D3D3D3D3D3D3D3D3D3D3D3D3D3D3D3D48
:10E900003D3D0D0A00000000486172647761726548
:10E91000204D6F64656C3A2020202053544D3332D3
:10E9200046313033524554362D57353530302D561B
:10E93000312E300D0A0000004D4355205061727495
:10E94000204E756D6265723A20202053544D33324B
:10E9500046313033524554360D0A00004368697021
:10E9600020556E69717565205549443A202020254F
:10E970003038582D253038582D253038580D0A009C
:10E9800004000020426F6F7420436F756E746572CF
:10E990003A202020202020256C750D0A0000000060
:10E9A0004D435520496E7465726E616C2054656DDF
:10E9B000703A20252E336620E284830D0A00000081
:10E9C000426F6172642054656D703A20252E336663
:10E9D00020E284830D0A00000D0A53797374656D7B
:10E9E00020436C6F636B20496E666F3A0D0A00001E
:10E9F000535953434C4B20436F72653A20202020DB
:10EA0000202020256C75204D487A0D0A000000005A
:10EA10004148422048434C4B3A20202020202020CF
:10EA2000202020256C75204D487A0D0A000000003A
:10EA3000415042312050434C4B313A20202020207D
:10EA4000202020256C75204D487A0D0A000000001A
:10EA5000415042322050434C4B323A20202020205B
:10EA6000202020256C75204D487A0D0A00000000FA
:10EA7000466C617368204C6174656E6379205753EE
:10EA80003A2020256C750D0A000000000D0A544341
:10EA90005020436C69656E742044656661756C74C2
:10EAA00020436F6E6669673A0D0A0000DE000020A1
:10EAB00044657374205443502049503A202020204C
:10EAC00020202025642E25642E25642E25640D0A21
:10EAD00000000000E200002044657374205443509D
:10EAE00020506F72743A202020202025750D0A00D6
:10EAF0003D3D3D3D3D3D3D3D3D3D3D3D3D3D3D3D46
:10EB00003D3D3D3D3D3D3D3D3D3D3D3D3D3D3D3D35
:10EB10003D3D3D3D3D3D3D3D3D3D3D3D3D3D3D3D25
:10EB20003D3D3D0D0A00000070B504460D46FAF764
:10EB300027FD03A0F9F7F4F805F015FD70BD0000FE
:10EB4000666C6173682065617273652066696E69C1
:10EB5000736820EFBC8C7265626F6F742E2E2E0D61
:10EB60000A00000070B504460D4602A000F05CFAF1
:10EB700070BD0000636D642070726F6365737320F5
:10EB800066696E6973680D0A0000000038B50546B5
:10EB90000C46207830B919A000F046FA1DA000F00C
:10EBA00043FA38BD21A12046F1F71AFB50B12048A5
:10EBB000C07800901E488378427801781DA000F04C
:10EBC00033FA18E023A12046F1F70AFB28B12348C5
:10EBD000018823A000F028FA0DE027A12046F1F7D4
:10EBE000FFFA28B12648016826A000F01DFA02E0CD
:10EBF0002AA000F019FA00BFD3E70000E794A8E6C6
:10EC0000B3953A2066696E64203C706172616D73E1
:10EC10003E0D0A00666F72206578616D706C653A12
:10EC200066696E642069700D0A000000697000005A
:10EC3000DE000020E5BD93E5898DE79BAEE79A8471
:10EC400069703A25642E25642E25642E25640D0AEC
:10EC500000000000706F727400000000E2000020ED
:10EC6000E5BD93E5898DE79BAEE79A84E7ABAFE519
:10EC70008FA33A25640D0A00626F6F7400000000D4
:10EC800004000020E5BD93E5898DE5BC80E69CBAD3
:10EC9000E6ACA1E695B03A25640D0A00E58F82E660
:10ECA00095B0E5BC82E5B8B80D0A00002DE9F04149
:10ECB00080460F46002408253878E8B100BF12E0EE
:10ECC00004EB04101E4901EB800639463046F1F78B
:10ECD000B6FA30B906F1200231461AA000F0A4F9C4
:10ECE00003E0601C84B2AC42EADB00BFAC4224D13A
:10ECF00017A000F099F920E01BA000F095F91BA0E7
:10ED000000F092F9002413E004EB04100C4901EB2D
:10ED1000800615A13046F1F792FA00B906E006F137
:10ED2000200231461FA000F07FF900BF601C84B2B2
:10ED3000AC42E9DB1FA000F077F9BDE8F0810000EC
:10ED4000D40100202573203A2025730D0A0000000D
:10ED5000E69CAAE689BEE588B0E68C87E5AE9AE82F
:10ED6000B7AFE5BE840D0A000D0A00003D3D3D3DF4
:10ED70003D3D3D3D3D3D3D3D3D3D3D3D3D204D53BA
:10ED80004820436F6D6D616E64204C697374203D43
:10ED90003D3D3D3D3D3D3D3D3D3D3D3D3D3D3D3DA3
:10EDA0000D0A00002020252D313273202D202573DF
:10EDB0000D0A00003D3D3D3D3D3D3D3D3D3D3D3D60
:10EDC0003D3D3D3D3D3D3D3D3D3D3D3D3D3D3D3D73
:10EDD0003D3D3D3D3D3D3D3D3D3D3D3D3D3D3D3D63
:10EDE0003D3D3D3D3D3D3D3D0D0A000010B503A0BC
:10EDF00000F01AF906A000F017F910BD4D53482095
:10EE0000696E697469616C697A65642E0D0A000027
:10EE10006D73683E2000000030B589B004460D4691
:10EE200003A807F049FC9DF811009DF810109DF80B
:10EE30000F20CDE9002102909DF80E309DF80D20A5
:10EE40009DF80C1028A000F0EFF89DF81500009038
:10EE50009DF814309DF813209DF812102EA000F09C
:10EE6000E3F89DF8190000909DF818309DF81720E0
:10EE70009DF8161030A000F0D7F89DF81D00009006
:10EE80009DF81C309DF81B209DF81A1032A000F050
:10EE9000CBF803A8407D009003A8037D9DF81F20B8
:10EEA0009DF81E1034A000F0BFF89DF82200022843
:10EEB00001D139A000E03AA001463BA000F0B4F82F
:10EEC0003EA000F0B1F84948C078009047488378E8
:10EED0004278017846A000F0A7F84D4801884DA07F
:10EEE00000F0A2F809B030BD204D41432020202081
:10EEF00020202020203A20253032583A2530325820
:10EF00003A253032583A253032583A253032583A7C
:10EF1000253032580D0A00002049502020202020A2
:10EF200020202020203A2025642E25642E25642EC2
:10EF300025640D0A00000000205375626E65742080
:10EF40004D61736B203A2025642E25642E25642E96
:10EF500025640D0A0000000020476174657761791F
:10EF600020202020203A2025642E25642E25642E82
:10EF700025640D0A0000000020444E53202020206C
:10EF800020202020203A2025642E25642E25642E62
:10EF900025640D0A000000004448435000000000B2
:10EFA000537461746963000020444843502020205A
:10EFB00020202020203A2025730D0A002D2D2D2DF4
:10EFC0002D2D2D2D2D2D2D2D2D2D2D2D2D2D2D2D71
:10EFD0002D2D2D2D2D2D2D2D2D2D2D2D2D2D2D2D61
:10EFE0002D2D2D2D2D2D2D2D0D0A0000DE000020A4
:10EFF000204465737420495020202020203A202589
:10F00000642E25642E25642E25640D0A0000000060
:10F01000E2000020204465737420506F7274202039
:10F02000203A2025640D0A000FB410B59AB01DA82F
:10F03000009001A8009A1C99F8F7B0FE00200090FB
:10F0400001A8F1F7F5F884B24FF0FF33224601A989
:10F050000348F6F7DDFB1AB010BC5DF814FB0000A6
:10F06000D009002070B53248007800B970BD00208A
:10F070002F4908702F48F1F7DBF805462DB12EA176
:10F080002C48F1F70FF9A84207D12DA0FFF7CCFFCC
:10F0900020212848F1F799F8E8E700202A4908706C
:10F0A0000B462A4A2AA12348F1F70AF90826002428
:10F0B00038E029A11F48F1F793F840B11D48401DE1
:10F0C00000F0DEF820211B48F1F77FF828E004EB80
:10F0D0000410234A02EB80011C48F1F7B0F8F8B99C
:10F0E00004EB04101E4901EB8000006C40B104EBFE
:10F0F000041001EB80001449026C0020904707E0E7
:10F1000004EB0410164A02EB80010020FFF72AFDF1
:10F1100020210848F1F759F809A0FFF785FF03E01F
:10F12000601C84B2B442C4DB00BF00BF9EE7000095
:10F13000D00100203036002020090D0A0000000018
:10F140000D0A6D73683E2000703600205036002096
:10F1500025732025730000007375646F00000000A4
:10F16000D401002070B504460D4603A0FFF75CFFF4
:10F1700005F0F9F970BD000073797374656D207244
:10F1800065626F6F742E2E2E2E2E0D0A0000000069
:10F1900070B505460C46202C00DD70BD2246294680
:10F1A0000348F0F7F9FF01200249087000BFF4E7B7
:10F1B00030360020D001002070B586B006460C46DF
:10F1C000207870B91348C07800901248837842784C
:10F1D000017811A0FFF728FF17A0FFF725FF06B061
:10F1E00070BD0020029003900490059005A804A92A
:10F1F00003AB02AACDE9001018A12046F1F760F890
:10F200000546042D03D018A0FFF70EFFE7E700BF67
:10F21000E5E70000DE000020E5BD93E5898DE79B72
:10F22000AEE79A8469703A25642E25642E25642EF3
:10F2300025640D0A00000000E794A8E6B3953A2083
:10F240007365745F646573745F6970203C69705F97
:10F25000616464726573733E0D0A000025642E2597
:10F26000642E25642E2564004950E59CB0E59D8000
:10F27000E6A0BCE5BC8FE99499E8AFAF0D0A0000A9
:10F2800010B504460EA12046F0F7AAFF38B10EA033
:10F29000FFF7CAFE00210846FFF764FF0FE00EA14A
:10F2A0002046F0F79DFF38B10EA0FFF7BDFE00210C
:10F2B0000846FFF739FC02E00FA0FFF7B5FE10BDCE
:10F2C0007265626F6F740000666F726365207265AD
:10F2D000626F6F740D0A0000636C65616E5F666C2F
:10F2E00061736800666F72636520636C65616E5F51
:10F2F000666C6173680D0A00E69CAAE79FA5E7AEFD
:10F30000A1E79086E59198E68C87E4BBA40D0A00FE
:10F3100070B504460D4602A0FFF786FE70BD0000E2
:10F3200073796574656D207465737420737461728C
:10F33000742E2E2E2E2E0D0A0000000010B50B4844
:10F3400007F09AFA0948807D02280BD1084900206D
:10F3500007F03CF804462CB901200449887508469A
:10F3600007F08AFA01F0F0FA10BD00001C0000203E
:10F37000B41C002010B528490F20FBF7D5FD264806
:10F380000068012846D125A0F8F7CAFC4FF4385090
:10F39000F8F7C8FB044604F0020008B1642000E05E
:10F3A0000A20014620A0F8F7BBFC04F0040008B1D5
:10F3B00026A000E028A001462AA0F8F7B1FCFFF73C
:10F3C000BDFF1E2142F60870F8F72CFC1E2142F604
:10F3D0002870F8F727FC1E2142F64870F8F722FC47
:10F3E0001E2142F66870F8F71DFC1E2142F6887057
:10F3F000F8F718FC0020FBF7D5FA0120FBF7D2FA4A
:10F400000220FBF7CFFA0320FBF7CCFA0420FBF72E
:10F41000C9FA00BF10BD0000180000205048592054
:10F420006C696E6B0D0A000054686520637572721A
:10F43000656E74204D627469732073706565642015
:10F440003A2025644D6270730D0A000046756C6C9D
:10F450002D4475706C65780048616C662D4475703C
:10F460006C6578005468652063757272656E7420EF
:10F470004475706C6578204D6F6465203A20257363
:10F480000D0A000010B507480068012802D0FFF7F8
:10F4900071FF05E000F008F800F054F9FAF76EF992
:10F4A00010BD00001800002010B5C2B04FF452701B
:10F4B000F8F738FB5849087008460078142844D0FB
:10F4C00004DC002830D013287ED115E017283DD069
:10F4D0001C28F9D10220FBF7EBFF012801D042B034
:10F4E00010BD4E480021016000BFBC224CA158A0B5
:10F4F000F8F716FC00BF8BE0062142F64870F8F7DB
:10F5000091FB0220FEF731F9012800D0E7E700BFA8
:10F510005B480388C82242A15AA0F8F701FC00BF4B
:10F520003E480021016073E00220FBF73BFA002314
:10F53000534802880121022004F092FE022800D0E4
:10F54000CDE736480021016062E061E04FF41270BF
:10F55000F8F7E8FA00F0010000281FD001214FF46D
:10F560001270F8F75FFB04222C4940F64840F8F788
:10F5700013FB00BF424803882848C0782749897890
:10F58000264A5278CDE90203CDE9002123480378C9
:10F59000E62223A147A0F8F7C3FB00BF0220FDF736
:10F5A000EFFC00281EDDFF2202A9022002F00CFE63
:10F5B0000446002C15DD002002A9085500BF02A852
:10F5C0002346F12216A100E021E0009048A0F8F7C0
:10F5D000A7FB00BFA1B22A480388104A02A8FAF785
:10F5E0007DFB00BF4C48008801280FD1FAF756FA7E
:10F5F000401C18B100204849088007E000BF40F2D5
:10F60000011207A145A0F8F78BFB00BF00E000BF87
:10F6100000BF00BF63E70000D2000020CC00002044
:10F620002E2E5C4253505C696F4C69627261727934
:10F630005F4472697665725C6170705F77353530F2
:10F64000305F7463705F7365727665722E6300005D
:10F650005B205443502D534552564552205D5B2547
:10F66000733A25645D20636C69656E742064697308
:10F67000636F6E6E65637465640D0A0A00000000B6
:10F68000CA0000205B205443502D5345525645522A
:10F69000205D5B25733A25645D206C697374656E2B
:10F6A000696E67206F6E20706F72742025640D0A7A
:10F6B0000A0000005B205443502D534552564552DA
:10F6C000205D5B25733A25645D20636C69656E740B
:10F6D00020636F6E6E6563746564202D2025642E33
:10F6E00025642E25642E25643A25640D0A0A00003F
:10F6F0005B205443502D534552564552205D5B25A7
:10F70000733A25645D2072656376282564293A2062
:10F7100025730D0A0A000000D00000205B2054432E
:10F72000502D534552564552205D5B25733A256452
:10F730005D207265706F7274206661696C0D0A0AD3
:10F740000000000070B5D0B04FF44A70F8F7EAF945
:10F750000646002E18D10120FBF724F90023524859
:10F7600002880221012004F07BFD012801D050B065
:10F7700070BD00BF4C4803884FF4A1724BA155A047
:10F78000F8F7CEFA00BFF2E7222E79D10120FDF77B
:10F79000F7FB002874DD5948594BFF2210A900904F
:10F7A000012002F0A1FD0446002C7BDD00BF10AA61
:10F7B000524803885248C07851498978CDE90332CC
:10F7C000CDE901104E48407800904D48037840F252
:10F7D0004B1236A14BA0F8F7A3FA00BF002010A9E6
:10F7E00008550EAB0FAA06A910A805F059F8054652
:10F7F000002D4FDB15B1012D43D134E03F48028885
:10F800003F4906A805F054F900282BDD04220FA972
:10F810004948F0F722FD28B948480088BDF838105B
:10F8200088421FD000BFBDF838309DF83F009DF8DA
:10F830003E109DF83D20CDE90203CDE900219DF861
:10F840003C3040F25D1219A13D48F8F769FA00BF5B
:10F8500039480F990160BDF8380038490880002008
:10F86000FBF7A0F815E0042225493648F0F7F5FC2F
:10F8700028B122480288224906A805F0B7F908E015
:10F8800010E031A31D4802881D4906A804F086FF38
:10F8900000BF06E030A319480288194906A804F001
:10F8A0007DFF00BF00BF62E7EA0000202E2E5C4211
:10F8B00053505C696F4C6962726172795F4472691E
:10F8C0007665725C6170705F77353530305F756476
:10F8D000702E63005B20554450205D5B25733A25F4
:10F8E000645D206C697374656E696E67206F6E204D
:10F8F000706F72742025640D0A0A0000F000002069
:10F90000EC0000205B20554450205D5B25733A25B8
:10F91000645D20726563762066726F6D2025642EAB
:10F9200025642E25642E25643A2564202D3E20254D
:10F93000730D0A0A00000000DE000020E200002033
:10F94000BC780108CC0000206572726F72206E6571
:10F9500074207479706500006572726F7220696E30
:10F96000666F00002DE9F04704460F461546002655
:10F970004FF0FF3800BF2A4639462046F9F788FC89
:10F980008046401C002835D194F8300000281DD056
:10F99000002E1BD119A0F8F7C3F92046F8F7C3FAD7
:10F9A00081464A4619A02168F8F7BAF940F2364272
:10F9B00019A121A0F8F7B4F929462248F8F7B0F9BF
:10F9C00029462046FDF704FA0126D4E796B10BA09C
:10F9D000F8F7A6F92046F8F7A6FA81464A460BA0A2
:10F9E0002168F8F79DF9294617A0F8F799F9002042
:10F9F00084F830004046BDE8F08700005B466C614B
:10FA0000736844425D5B6B765D0000005B25735D4F
:10FA10005B25735D200000002E2E5C4253505C4637
:10FA20006C61736844425C7372635C6664625F6BB2
:10FA30007664622E630000002825733A256429202D
:10FA400000000000B88001084572726F723A2041D0
:10FA50006C6C6F6320616E204B56202873697A6549
:10FA600020256429206661696C656420616674657F
:10FA7000722047432E204B562066756C6C2E0A0070
:10FA80002DE9F04106460F4614461D462146183121
:10FA9000284601EB0008424639463046FFF762FF30
:10FAA000BDE8F0812DE9F04FC3B006460F4615467C
:10FAB0001C464FF0000A06F1200856B9524853A3DD
:10FAC00054A240F2F91100905AA004F0F9F800BFD6
:10FAD000FEE7012C0DD0B4F5807F0AD04A485BA325
:10FAE0004CA240F2FB11009052A004F0E9F800BFD4
:10FAF000FEE796F8340050B943485EA345A240F2B1
:10FB0000FD1100904BA004F0DBF800BFFEE779196F
:10FB10003069814206D95BA004F0FCF8052043B0AF
:10FB2000BDE8F08FD8F8080018B14046D8F80810A2
:10FB3000884759E00121304603F0D4FD8246BAF1EE
:10FB4000000F00D053E002208DF804000DF10502F3
:10FB500039463046FDF78AFF96F8350008B1052092
:10FB600000E004208346B7FBF4F004FB107078B18A
:10FB7000B7FBF4F004FB1070201AA84206D2B7FBC2
:10FB8000F4F004FB1070A4EB000906E0A94604E0C1
:10FB9000A54201D9A14600E0A946A5EB09054F44BD
:10FBA00001A901EB0B004A464C99F0F7F5FA002049
:10FBB0000BEB09020090034601A94046D8F804C0A7
:10FBC000E0478246BAF1000F03D038A004F0A2F853
:10FBD0000DE0304606F078FB8246BAF1000F00D007
:10FBE00005E04C9848444C90002DA3D100BF002163
:10FBF000304603F077FDD8F80C0018B14046D8F82D
:10FC00000C10884750468AE7F96F0108666C6173EB
:10FC100068000000282573292068617320617373D0
:10FC2000657274206661696C656420617420257357
:10FC30002E0000002E2E5C4253505C736675645C8F
:10FC40007372635C736675642E6300007772697407
:10FC5000655F6772616E203D3D2031207C7C20779E
:10FC6000726974655F6772616E203D3D2032353682
:10FC700000000000666C6173682D3E696E69745FF8
:10FC80006F6B00004572726F723A20466C61736848
:10FC90002061646472657373206973206F757420CA
:10FCA0006F6620626F756E642E0000004572726F81
:10FCB000723A20466C6173682077726974652053CC
:10FCC000504920636F6D6D756E6963617465206561
:10FCD00072726F722E0000002DE9FF414FF0000894
:10FCE00095480078FDF74CF9071E0BDD01A802AB23
:10FCF0003A460090914801688F48007802F0F4FA83
:10FD000087B203E0002004B0BDE8F081BDF8040034
:10FD100043286CD189480068007F89490978884266
:10FD200024D186480068407F8549497888421DD1A2
:10FD300082480068807F82498978884216D17F484E
:10FD40000068C07F7E49C97888420FD17B4800682F
:10FD500090F820007A490979884207D177480068ED
:10FD600090F8210076494979884201D00020CAE7FD
:10FD70007448007840B97348407828B97148807851
:10FD800010B97048C07888B39DF808006D490978AB
:10FD9000884211D19DF809006A49497888420BD1FF
:10FDA0009DF80A0067498978884205D19DF80B00C3
:10FDB0006449C97888421BD09DF8080062490978D7
:10FDC000884211D19DF809005F49497888420BD1DA
:10FDD0009DF80A005C498978884205D19DF80B009E
:10FDE0005949C978884203D000208CE700E0A0E0A0
:10FDF00052480468F034A7F1F000051996E0207825
:10FE000033284DD007DC70B1012813D0032821D04E
:10FE100006287DD131E0352807D0362860D0FF286C
:10FE20007ED12C4681E0641C7FE0641C641C14F8C5
:10FE3000018B7AE0641C641C14F8010B43490870C0
:10FE400014F8010B487014F8010B887014F8010BBA
:10FE5000C8706AE0641C14F8016B14F8010B3C498B
:10FE6000087014F8010B487014F8010B887014F82E
:10FE7000010BC870301F044457E0641C14F8016B78
:10FE800014F8010B3349087014F8010B487014F88A
:10FE9000010B887014F8010BC870301F044444E053
:10FEA000641C14F8016B14F8010B2B49086014F85A
:10FEB000011B2948006801EB00202749086014F85D
:10FEC000011B2548006801EB00202349086014F855
:10FED000011B2148006801EB00201F49086024E055
:10FEE000641C14F8016B14F8010B1649087014F81F
:10FEF000010B487014F8010B887014F8010BC870DE
:10FF00009DF80800104908709DF80900487000E04D
:10FF100006E09DF80A0088709DF80B00C87004E0A8
:10FF2000641C14F8016B344400BF00BFAC42FFF402
:10FF300066AF4FFA88F0E6E678000020A8000020BF
:10FF4000B4000020790000207D0000208D000020FA
:10FF50008900002091000020980000202DE9F04742
:10FF60000446894692464F4612212046F0F72DF965
:10FF70003846FCF7B1FF2080B81CFCF7ADFF064601
:10FF800006F4004008B10120A070C6F3C320E07061
:10FF900006F4806008B10120207106F4007008B1F9
:10FFA0000120607106F4807008B10120A07106F094
:10FFB000800008B10120E07106F00F002072381DAA
:10FFC000FCF78AFF6081B81DFCF786FFA08107F16E
:10FFD0000800FCF781FFE08107F10A00FCF77CFFD5
:10FFE000208207F10C0800250DE041463846FBF75A
:10FFF000ADFB8046B8F1000F03D14FF0FF30BDE8F4
:020000040801F1
:10000000F087681C85B26089A842EEDC00250DE00F
:10001000524641463846FBF7A9FA8046B8F1000F30
:1000200002D14FF0FF30EAE7681C85B2A089A842F0
:10003000EEDC002501E0681C85B2E089A842FADC0C
:10004000002501E0681C85B2208AA842FADC207AEB
:1000500008B90120D3E70020D1E72DE9F04180461F
:100060000C4600250027E068B0F57A7F02D3002017
:10007000BDE8F081E068401CE060A1682068405C59
:100080005B2800D05FE0A068401CA0602046F9F724
:10009000F3FF4CB1D4E90110884205D2A168206871
:1000A000405C5D2800D13FE01CB1D4E901108842DA
:1000B00003D3A068401EA06045E0A068401EA06079
:1000C00000BF04F11000FAF7FEF8064606B93AE060
:1000D00015B93546374602E03E6077603746A0687E
:1000E000401CA0602046F9F7C7FF2146384600F0C3
:1000F000CFFA00B927E02046F9F7BEFF44B1D4E9B2
:100100000110884204D2A1682068405C2C28D8D015
:1001100044B1D4E90110884204D2A1682068405C4F
:100120005D2800D00FE000BFE068401EE06005B130
:100130006F602020C8F80C00C8F80850A068401C68
:10014000A060012094E715B12846FAF783F8002053
:100150008EE702460023002100BF23E0505C3028D8
:1001600006DB505C392803DC505C3038034415E072
:10017000505C412806DB505C462803DC505C373875
:1001800003440BE0505C612806DB505C662803DC0E
:10019000505C5738034401E000207047032900D227
:1001A0001B01491C0429D9D31846F6E72DE9F04371
:1001B00007468C461C4600250026A846614600BF1F
:1001C00011F8013B06B96D1C03F0C000C0280AD12C
:1001D00006B96D1C0126087803F03F0900EB0920E1
:1001E000C11911F8013B03B91BE0581C201A04B2D5
:1001F000002C03DA4FF0FF30BDE8F08306B91D4450
:1002000003E011F8010B02F8010B181EA3F101091C
:100210001FFA89F3F5D12E2002F8010B08F101082D
:10022000CEE700BFB8F1000F04D12E2002F8010B79
:10023000601E04B2002002F8010B601E04B22846C2
:10024000DAE700002DE9FC5F81460C4600BF002084
:100250000190FCF701FF83460026B2460020009083
:100260000CB1206810B90020BDE8FC9F00263AE0E0
:10027000A16820680844805D342820D00ADCA0F101
:100280002B0009282CD2DFE800F0202B21262B168A
:1002900017181900382816D006DC352810D0362853
:1002A0000FD037281CD10DE039280DD045280FD0AC
:1002B000652815D10BE000BF00BF00BF00BF00BF25
:1002C00000BF00BF00BF00BF00BF00BF00BF00BF36
:1002D0000AF1010A05E00AF1010A0120009000E09C
:1002E00008E000BF761C24B1A068304461688842F1
:1002F000BED300BF0AF101002169884705460DB948
:100300000020B1E7A2682068811852462846EFF71E
:1003100043FF002005F80A00009848B1002605E0D8
:10032000A85D2E2801D105F806B0761C5645F7D3F6
:1003300001A9284604F006F9074688460198854237
:1003400004D128466169884700208DE7C9E906780D
:10035000154A164B38464146F0F704FD04D86FF0B5
:100360000040C9F8140011E00022114B3846414604
:10037000F0F7E0FC04D84FF00040C9F8140005E0A5
:1003800038464146F0F7A4FCC9F814000820C9F823
:100390000C00A0680199491B0844A06028466169C7
:1003A0008847012060E700000000C0FFFFFFDF4139
:1003B0000000E0C12DE9F04180460C4600260025F2
:1003C000E068B0F57A7F02D30020BDE8F081E068F4
:1003D000401CE06044B1D4E90110884204D2A16815
:1003E0002068405C7B2800D084E0A068401CA060AE
:1003F0002046F9F741FE4CB1D4E90110884205D2FC
:10040000A1682068405C7D2800D164E01CB1D4E97B
:100410000110884203D3A068401EA0606AE0A06873
:10042000401EA06000BF04F11000F9F74CFF074622
:1004300007B95FE016B93E463D4602E02F607D6099
:100440003D4624B1A068401C6168884200D351E059
:10045000A068401CA0602046F9F70EFE2146284601
:1004600000F04EF800B945E02046F9F705FE28698E
:1004700028620020286144B1D4E90110884204D2E6
:10048000A1682068405C3A2800D033E0A068401C96
:10049000A0602046F9F7F0FD2146284600F0F8F864
:1004A00000B927E02046F9F7E7FD44B1D4E901108F
:1004B000884204D2A1682068405C2C28B3D044B1A3
:1004C000D4E90110884204D2A1682068405C7D28EC
:1004D00000D00FE000BFE068401EE06006B175602C
:1004E0004020C8F80C00C8F80860A068401CA06054
:1004F00001206AE716B13046F9F7ACFE002064E748
:100500002DE9F84F80460C46A16820680844461C37
:10051000A16820680844451C002000900027A168BD
:100520002068405C222800D0A6E04FF0000AD146A7
:100530000DE028785C2809D1681C2168401A6168A0
:10054000884200D398E009F101096D1C6D1C2068F8
:10055000281A6168884202D228782228E9D12068C6
:10056000281A6168884202D22878222800D083E0C5
:10057000A16820680844281AA0EB090A0AF10100C2
:1005800021698847074607B976E0009761E030782F
:100590005C2807D016F8010B009908700098401CE1
:1005A000009056E04FF00209A81B012800DA63E032
:1005B0007078662819D008DC222832D02F2832D053
:1005C0005C282FD0622840D108E06E2814D0722811
:1005D00019D074281ED0752837D12BE00820009937
:1005E00008700098401C009030E00C2000990870C2
:1005F0000098401C009029E00A200099087000989B
:10060000401C009022E00D20009908700098401CCA
:1006100000901BE00920009908700098401C009091
:1006200014E000BF00BF7078009908700098401C6B
:1006300000900BE06A462946304604F0DCFC814617
:10064000B9F1000F00D117E000E015E000BF4E4403
:1006500000BFAE429BD30020009908701020C8F85C
:100660000C00C8F810702068281AA060A068401C10
:10067000A0600120BDE8F88F1FB138466169884746
:10068000002716B12068301AA0600020F2E70000B1
:1006900070B505460C460CB1206808B9002070BD45
:1006A0009CB1A068001D616888420ED8A2682168CC
:1006B000881804223FA1EFF7E6FD30B90420E86076
:1006C000A068001DA0600120E9E79CB1A068401D62
:1006D000616888420ED8A26821688818052237A16F
:1006E000EFF7D1FD30B90120E860A068401DA0609F
:1006F0000120D4E7ACB1A068001D6168884210D821
:10070000A2682168881804222EA1EFF7BCFD40B929
:100710000220E86001206861A068001DA06001203F
:10072000BDE76CB1D4E90110884209D2A168206804
:10073000405C222804D121462846FFF7E1FEAEE7BF
:10074000BCB1D4E90110884213D2A1682068405C92
:100750002D2809D0A1682068405C302809DBA168F9
:100760002068405C392804DC21462846FFF76AFDF2
:1007700095E76CB1D4E90110884209D2A1682068DC
:10078000405C5B2804D121462846FFF766FC86E7DB
:100790006CB1D4E90110884209D2A1682068405C9C
:1007A0007B2804D121462846FFF704FE77E7002086
:1007B00075E700006E756C6C0000000066616C737C
:1007C000650000007472756500000000F0B589B026
:1007D00007460E461446002524216846EFF7F5FC2F
:1007E0004FF480702168884700904FF4807001902A
:1007F000059694E8070006AB07C3009800B935E0FA
:100800006946384600F0B4FB00B92FE0684604F0B2
:1008100039FBA06850B1029B591C0098A268904710
:10082000054605B922E0002000901CE0029A501C09
:1008300021688847054605B918E0DDE90130401C0C
:10084000834201D2019801E00298401C02462846EA
:100850000099EFF7A1FC00200299685400986168A4
:10086000884700200090284609B0F0BD009820B1CC
:10087000009861688847002000901DB12846616893
:10088000884700250020EFE72DE9F04107460C4698
:100890000025A846BE6814B90020BDE8F081E068D4
:1008A000B0F57A7F01D30020F7E701212046FBF75E
:1008B0006BF805460DB90020EFE75B202870A068B3
:1008C000401CA060E068401CE06028E02146304603
:1008D00000F04EFB08B90020DFE7204604F0D2FA12
:1008E0003068D8B1606908B1022000E0012080467C
:1008F00008F101012046FBF747F805460DB9002035
:10090000CBE72C2005F8010B606910B1202005F819
:10091000010B00202870A0684044A0603668002EBB
:10092000D4D102212046FBF72FF805460DB900204F
:10093000B3E75D2005F8010B00202870E068401E39
:10094000E0600120A9E7000000B589B003A805F028
:10095000B3FE9DF82200022807D12B48F7F7E0F9F3
:100960002AA12CA0F7F7DCF906E02748F7F7D8F919
:1009700026A132A0F7F7D4F99DF811109DF81000C8
:100980009DF80F20CDE9002002919DF80E309DF8D2
:100990000D209DF80C1033A0F7F7C2F99DF8150053
:1009A00000909DF814309DF813209DF8121039A086
:1009B000F7F7B6F99DF8190000909DF818309DF8EA
:1009C00017209DF816103BA0F7F7AAF99DF81D0017
:1009D00000909DF81C309DF81B209DF81A103DA03A
:1009E000F7F79EF903A8407D009003A8037D9DF8CA
:1009F0001F209DF81E103FA0F7F792F94548F7F722
:100A00008FF909B000BD0000107801085735353066
:100A100030000000202573206E6574776F726B20A4
:100A2000636F6E66696775726174696F6E203A20D4
:100A3000444843500D0A0D0A000000002025732091
:100A40006E6574776F726B20636F6E66696775721F
:100A50006174696F6E203A207374617469630D0A62
:100A60000D0A0000204D414320202020202020207E
:100A7000203A20253032583A253032583A25303243
:100A8000583A253032583A253032583A25303258C3
:100A90000D0A000020495020202020202020202066
:100AA000203A2025642E25642E25642E25640D0A07
:100AB00000000000205375626E6574204D61736BF9
:100AC000203A2025642E25642E25642E25640D0AE7
:100AD00000000000204761746577617920202020A4
:100AE000203A2025642E25642E25642E25640D0AC7
:100AF0000000000020444E532020202020202020F1
:100B0000203A2025642E25642E25642E25640D0AA6
:100B100000000000A47701082DE9F04F8BB081465A
:100B20000F464FF0000AD9E90645D04600261C21A1
:100B300004A8EFF74AFBFCF78FFA834600200290E7
:100B4000039017B90BB0BDE8F08FCDE90045DDE9A2
:100B500000210AB1012200E0002241EA020020F057
:100B60000041394A511AC90F61B9CDE90045510018
:100B70000198B1EB400F03D1009808B9012000E0C3
:100B8000002028B131A104A8F7F7DAF880462EE05A
:100B9000D9F81400F0F765F822462B46CDE900019C
:100BA000F0F7C8F807D12BA104A8D9F81420F7F75B
:100BB000C7F880461BE022462B4627A104A8F7F77A
:100BC000BFF8804602AA26A104A8EFF779FB012806
:100BD00006D122462B46DDE90201F9F733FF30B991
:100BE00022462B461FA104A8F7F7AAF88046B8F1C1
:100BF000000F02DBB8F1190F01DD0020A2E708F1B8
:100C000001013846FAF7C0FE8246BAF1000F01D161
:100C1000002097E700260DE004A8805D584503D129
:100C20002E200AF8060004E004A8805D0AF80600F9
:100C300000BF761C4645EFD300200AF80600B868CE
:100C40004044B86001207DE70000F07F6E756C6C59
:100C5000000000002564000025312E3135670000BA
:100C6000256C670025312E31376700002DE9F047EC
:100C700081460C4600250026D9F8087014B90020DA
:100C8000BDE8F087E068B0F57A7F01D30020F7E790
:100C9000606908B1022000E001200646711C204670
:100CA000FAF772FE05460DB90020E9E77B2005F84A
:100CB000010BE068401CE060606910B10A2005F893
:100CC000010BA0683044A06069E06069B8B12046BB
:100CD000E168FAF759FE05460DB90020D0E74FF05C
:100CE000000804E0092005F8010B08F10108E0689C
:100CF0004045F7D8D4E902010844A06000BF21466E
:100D0000386A00F07BF808B90020B9E7204604F003
:100D1000B9F8606908B1022000E0012006463146BA
:100D20002046FAF731FE05460DB90020A8E73A2023
:100D300005F8010B606910B1092005F8010BA068E6
:100D40003044A0602146384600F012F908B900206E
:100D500096E7204604F096F8606908B1012000E0AB
:100D60000020396809B1012100E000214618711CFA
:100D70002046FAF709FE05460DB9002080E73868DD
:100D800010B12C2005F8010B606910B10A2005F89C
:100D9000010B00202870A0683044A0603F68002F3D
:100DA00093D1606910B1E068401C00E00220014668
:100DB0002046FAF7E9FD05460DB9002060E76069B5
:100DC00050B1002003E0092105F8011B401CE16837
:100DD000491E8142F7D800BF7D2005F8010B002095
:100DE0002870E068401EE060012049E770B50446C5
:100DF0000D462946206900F001F870BD2DE9F04745
:100E000007468A46002400260025A046A146BAF1DE
:100E1000000F02D10020BDE8F0876FB903215046D2
:100E2000FAF7B2FD06460EB90020F4E74DA13046B0
:100E3000EFF720FA0120EEE73C4622E020780C286C
:100E400011D006DC08280DD009280FD00A2810D1AF
:100E50000AE00D2809D0222802D05C2809D100E040
:100E600000BF00BF00BF00BF00BF00BF09F1010904
:100E700005E02078202801DA09F1050900BF00BF4C
:100E8000641C20780028D9D1E01B00EB090808F188
:100E900003015046FAF778FD06460EB90020BAE77E
:100EA000B9F1000F0FD12220307042463946701C34
:100EB000EFF772F9222108F1010031540021401CA2
:100EC00031540120A7E722203070751C3C463DE0DC
:100ED00020781F2808DD2078222805D020785C287B
:100EE00002D0207828702FE05C2005F8010B2078D4
:100EF0000C2815D006DC08280FD0092819D00A289C
:100F00001AD110E00D2811D0222803D05C2813D16B
:100F1000287018E02220287015E06220287012E066
:100F2000662028700FE06E2028700CE07220287078
:100F300009E07420287006E022780BA12846F6F715
:100F4000FFFE2D1D00BF00BF641C6D1C2078002813
:100F5000BED1222108F1010031540021401C31543E
:100F6000012058E722220000752530347800000067
:100F70002DE9F04104460E46002504B116B90020C3
:100F8000BDE8F081207B102857D008DC01281BD059
:100F9000022827D0042809D008285DD130E0202875
:100FA00050D0402853D0802856D12EE0052130461D
:100FB000FAF7EAFC05460DB90020E1E727A128462B
:100FC000EFF758F90120DBE706213046FAF7DCFCA1
:100FD00005460DB90020D3E722A12846EFF74AF9CC
:100FE0000120CDE705213046FAF7CEFC05460DB9C4
:100FF0000020C5E71DA12846EFF73CF90120BFE717
:1010000031462046FFF788FDBAE70027206908B976
:101010000020B5E72069EFF70BF9471C3946304649
:10102000FAF7B2FC05460DB90020A9E73A46284672
:101030002169EFF7B1F80120A2E731462046FFF71A
:10104000D5FE9DE731462046FFF71EFC98E7314666
:101050002046FFF70BFE93E7002091E76E756C6C5E
:101060000000000066616C736500000074727565B5
:10107000000000000A1200F8012B00F8011B704765
:1010800070B504460D4616461048006830B9104A3F
:1010900010A113A0F6F744FE00BFFEE70B4800685E
:1010A00090F8340030B90A4A15A10DA0F6F738FEC1
:1010B00000BFFEE71748806901192B4632460348F6
:1010C000006802F049FE304670BD00008C0500202B
:1010D000D5750108736675645F646576000000006D
:1010E00028257329206861732061737365727420E9
:1010F0006661696C65642061742025732E0A0000A6
:10110000736675645F6465762D3E696E69745F6FA2
:101110006B0000009005002001460A6810780A68FC
:10112000521C0A60704730B501460A68537814783B
:101130004FF4807505FB04300B689B1C0B6030BDC1
:10114000F0B505460C46164600272068301A0128DF
:101150000FDD2046FFF7E7FF6860206869680844F4
:10116000B04206D82168A9602068696808442060F8
:101170000127002028603846F0BD2DE9FC410446D7
:101180000D464FF0FF3700200190002600902846C2
:10119000F6F7C2F980466169206D43460122D0F816
:1011A00004C0E047012800D02AE001262846F6F7CF
:1011B000B3F98046424669462046F9F7E4FF616983
:1011C000481C0099F5F742F80644009800280FDD06
:1011D0002846F6F7A1F9804662699119206D4346C9
:1011E000D0F804C0009AE0470099884200D007E098
:1011F000606900788DF804000198C0F3031700BF00
:101200003846BDE8FC81000070B586B005460C4646
:1012100008260020049005904DB92E482EA330A238
:101220009621009036A002F04BFD00BFFEE74CB9BE
:1012300028483AA32AA29721009031A002F040FD4D
:1012400000BFFEE7082304AA3146284600F032FE1C
:1012500028B136A002F05EFD002006B070BD9DF8FA
:10126000100020709DF8110060709DF81200A070B1
:101270009DF81300E0709DF814009DF8151040EAE9
:1012800001209DF8161040EA01406060A078012816
:1012900006DD6278A178334802F03CFD0020DCE7EF
:1012A000E078092805DAE1782F4802F033FD0020C4
:1012B000D3E7E1786278A3786068CDE90032CDE9C0
:1012C00002102378294AAD210DA002F0F9FC01207B
:1012D000C3E70000BD700108666C61736800000020
:1012E00028257329206861732061737365727420E7
:1012F0006661696C65642061742025732E000000AE
:101300002E2E5C4253505C736675645C7372635C32
:10131000736675645F736664702E630062617369DF
:10132000635F686561646572000000004572726FFA
:10133000723A2043616E27742072656164204A45C9
:1013400044454320626173696320666C6173682061
:10135000706172616D657465722068656164657243
:101360002E000000C47D01084C7F0108F07C0108BC
:101370002DE9F0478EB08046894608F14404D9F83B
:1013800004A0242105A8EEF720FFB8F1000F09D131
:10139000CD48CEA3CFA2C2210090D6A002F090FCEF
:1013A00000BFFEE7B9F1000F09D1C748D8A3C9A211
:1013B000C3210090CFA002F083FC00BFFEE72423EE
:1013C00005AA5146404600F075FD30B1D4A002F0A8
:1013D000A1FC00200EB0BDE8F087DFA2CB21C5A0A4
:1013E00002F06EFCE6A2CC21C2A002F069FC00254E
:1013F0001FE005A810F82500012101EB850105AAD1
:10140000515C022202EB850205AB9A5C032303EBDD
:1014100085030DF1140C1CF80330CDE90032CDE941
:1014200002106B1CDDA2CE21B2A002F049FC681CA8
:10143000C5B2092DDDDB9DF81500E0719DF81400A3
:1014400000F00300012802D0032811D108E0012098
:10145000A071E379DA4AD721A6A002F031FC0CE0B2
:101460000020A071D7A2DB21A2A002F029FC04E099
:10147000E1A002F04FFC0020ACE700BF9DF8140093
:10148000C0F3800010B1012811D107E00120A08035
:10149000E7A2E62197A002F013FC08E04FF4807069
:1014A000A080EBA2EA2193A002F00AFC00BF00BFDB
:1014B0009DF81400C0F3C00010B101282AD107E044
:1014C00001202072EDA2F5218AA002F0F9FB21E0B3
:1014D00000202072F54AFA2186A002F0F1FB9DF867
:1014E0001400C0F3001010B1012811D107E0502002
:1014F0006072EF4AFF217FA002F0E2FB08E00620C5
:101500006072EC4A4FF482717AA002F0D9FB00BFFE
:1015100000BF00BF00BF9DF81600C0F3410020B11E
:1015200001280DD0022820D114E00120A072002053
:10153000E072E1A240F20F116EA002F0C1FB1CE0CC
:101540000120A072E072E2A24FF48A7169A002F059
:10155000B7FB12E00020A0720120E072E3A240F28B
:10156000191164A002F0ACFB07E00020A072E07249
:10157000E4A002F0CFFB00202CE700BF9DF81B0089
:1015800000069DF81A1040EA01409DF8191040EA43
:1015900001209DF8181040EA01079DF81B00C009C2
:1015A00010B1012815D104E0012000EBD700E06064
:1015B0000FE027F00047232F06D90020E060DA482B
:1015C00002F0A8FB002005E7F81E01218140E16040
:1015D00000BF00BFD5A240F2311146A0E36802F07F
:1015E0006FFB002500262BE068001C3005A9085C75
:1015F00020B368001C30095C0120884004F1100110
:1016000041F8360068001D3005A9095C04F110009E
:1016100000EBC600017104F1100000EBC600007978
:10162000009004F1100050F83600830AC5A240F281
:10163000371130A002F044FB701CC6B2681CC5B262
:10164000042DD1DB0025002637E004F1100050F80E
:10165000350080B3681CC6B22BE004F1100050F8CE
:10166000360020B304F1100050F8351050F8360061
:1016700081421CD904F1100252F8351002EBC50268
:10168000107904F1100252F8363042F8353002EB8E
:10169000C602137904F1100202EBC502137104F1C2
:1016A000100242F8361002EBC602107100BF701C27
:1016B000C6B2042ED1DB681CC5B2042DC5DB0120E7
:1016C000207000BF86E60000CF700108666C617371
:1016D00068000000282573292068617320617373F6
:1016E000657274206661696C65642061742025737D
:1016F0002E0000002E2E5C4253505C736675645CB5
:101700007372635C736675645F736664702E6300E6
:1017100062617369635F68656164657200000000FF
:101720004572726F723A2043616E27742072656150
:1017300064204A4544454320626173696320666CB6
:1017400061736820706172616D6574657220746187
:10175000626C652E000000004A45444543206261EA
:1017600073696320666C61736820706172616D6576
:10177000746572207461626C6520696E666F3A00F0
:101780004D53422D4C534220203320202020322024
:101790002020203120202020300000005B25303424
:1017A000645D20307825303258203078253032582A
:1017B00020307825303258203078253032580000DB
:1017C000AC7C0108556E69666F726D2034204B4207
:1017D00020657261736520697320756E6176616939
:1017E0006C61626C6520666F722074686973206436
:1017F00065766963652E00004572726F723A2055F6
:101800006E69666F726D2034204B42206572617381
:101810006520737570706F7274656420696E666F91
:10182000726D6174696F6E206572726F722E000046
:101830005772697465206772616E756C6172697444
:1018400079206973203120627974652E00000000D0
:101850005772697465206772616E756C6172697424
:1018600079206973203634206279746573206F7231
:10187000206C61726765722E00000000546172670F
:10188000657420666C61736820737461747573206D
:101890007265676973746572206973206E6F6E2D4F
:1018A000766F6C6174696C652E000000187E01080B
:1018B0005C7E0108D47E0108332D42797465206F67
:1018C0006E6C792061646472657373696E672E0053
:1018D000332D206F7220342D427974652061646449
:1018E00072657373696E672E00000000342D4279B3
:1018F0007465206F6E6C79206164647265737369BE
:101900006E672E004572726F723A205265616420D4
:1019100061646472657373206279746573206572A3
:10192000726F7221000000007C7D010843617061CC
:101930006369747920697320256C64204279746529
:10194000732E0000466C6173682064657669636578
:1019500020737570706F72747320256C644B422015
:10196000626C6F636B2065726173652E20436F6DCF
:101970006D616E64206973203078253032582E00F6
:101980002DE9FF410446002504F1200654B9194809
:1019900019A31BA24FF43971009021A002F090F915
:1019A00000BFFEE79F2003900320009002AB0122BE
:1019B00003A930467768B8470546A5B99DF80810D1
:1019C00021739DF8091061739DF80A10A173A07B23
:1019D000617BCDE90010237B174A4FF43B7110A0C7
:1019E00002F06EF902E015A002F094F9284604B066
:1019F000BDE8F08121700108666C61736800000029
:101A000028257329206861732061737365727420BF
:101A10006661696C65642061742025732E00000086
:101A20002E2E5C4253505C736675645C7372635C0B
:101A3000736675642E630000B47A01084572726F94
:101A4000723A205265616420666C61736820646537
:101A500076696365204A45444543204944206572C0
:101A6000726F722E000000002DE9F04F91B0064613
:101A70000C464FF0000A0020029018230BAA3046B3
:101A8000216DF6F76DFA06210BA8F6F7CEFA207055
:101A90000D98A060A068401C30B1A06831698842F0
:101AA00002D8A068182826D21820A060207805281F
:101AB0001BD00520207051A0F6F732F93046F6F71A
:101AC00032FA83465A4651A03168F6F729F952A0F6
:101AD000216DF6F725F901200521CDE90010062337
:101AE0000BAA3046216DF6F757FD002060700220EA
:101AF00011B0BDE8F08F00BF04220FA95046FAF7DD
:101B00003DFD8246042210A95046FAF737FD824671
:101B1000A068A0F118070025A94617E005F12000EC
:101B2000B84202D24FF0200901E0A7EB05094B466D
:101B3000206D1830411903AA3046F6F711FA4A46CB
:101B400003A95046FAF71AFD82464D44BD42E5D33B
:101B50000E9850452AD09DF83C00402801DD4020D9
:101B600001E09DF83C008346002060700220029056
:101B7000206D00F118085B4604F110024146304622
:101B8000F6F7EEF91DA0F6F7CBF83046F6F7CBF9ED
:101B9000019002461DA03168F6F7C2F804F1100268
:101BA000594628A0236DF6F7BBF824E001206070A9
:101BB000206D00F118089DF83C00034604F1100266
:101BC00041463046F6F7CCF99DF83C0000EB0801A1
:101BD00061651098E0609DF83C00A0709DF83C00A5
:101BE000402802D33F208DF83C0000219DF83C2086
:101BF00004F11000815402987AE700005B466C61A2
:101C0000736844425D5B6B765D0000005B25735D2D
:101C10005B25735D200000004572726F723A20549C
:101C20006865204B562040307825303858206C6548
:101C30006E6774682068617320616E206572726FD0
:101C4000722E0A004572726F723A205265616420EA
:101C5000746865204B562028252E2A73403078253D
:101C60003038582920435243333220636865636B10
:101C7000206661696C6564210A0000002DE9F04767
:101C80009AB00546884614461F464FF0000A0020C9
:101C90001690179018901990E868B8FBF0F100FBC7
:101CA0001180002812D069A0F6F73AF82846F6F716
:101CB0003AF981464A4669A02968F6F731F86A4A36
:101CC0006AA171A0F6F72CF800BFFEE794B95FA0F7
:101CD000F6F726F82846F6F726F981464A465FA029
:101CE0002968F6F71DF8604A6FA167A0F6F718F8A3
:101CF00000BFFEE741462846FBF7BBFA06466EB139
:101D00001FB15FB17069401C40B1182231462046B6
:101D1000EEF742FA50461AB0BDE8F087102316AA33
:101D200041462846F6F71CF9002060700021A1709A
:101D3000C4F804801798A0605D49A068884204D167
:101D40001898401C38B1189828B100202070401E07
:101D5000E0600820DFE7012020701898E06004218F
:101D600016A8F6F762F9607004210DF15900F6F734
:101D70005CF9A070002F54D0002020616068103002
:101D800060616078012803D1E8681038206143E081
:101D90006078022840D1E86810382061606810300F
:101DA000149000BF69462846FFF75EFE9DF80100CB
:101DB00060B99DF80000012808D09DF800000528B2
:101DC00004D0002020614FF0020A10E060690299FF
:101DD0000844606120690299401A20616A462146E0
:101DE0002846FBF7C3F91490401C0028DAD100BF45
:101DF0006068EB68C21828466169F6F762F88146A8
:101E00006069484507D0C4F81490E8686168A9EB98
:101E10000101401A206100BF2146284603F083F8E3
:101E200011E028466168FBF724FA8146B9F1000FFA
:101E300008D14FF0FF306061002020612146284624
:101E400003F071F800BF504665E700005B466C6127
:101E5000736844425D5B6B765D0000005B25735DDB
:101E60005B25735D200000002871010861646472C5
:101E700020252064625F7365635F73697A652864F7
:101E80006229203D3D203000282573292068617398
:101E900020617373657274206661696C656420618A
:101EA000742025732E0A0000736563746F7200003E
:101EB00046444230FEB504460D4616461F4625A14F
:101EC00003C9CDE90101280C8DF80500280A8DF819
:101ED0000600E8B28DF8070054B9204820A322A2DA
:101EE0004FF4AD71009028A001F0EAFE00BFFEE7BC
:101EF000B5F1807F0AD319482AA31BA240F25B11D7
:101F0000009021A001F0DCFE00BFFEE756B91348A7
:101F100028A315A24FF4AE7100901BA001F0D0FED3
:101F200000BFFEE7606A50B90C4825A30EA240F23C
:101F30005D11009014A001F0C3FE00BFFEE7009702
:101F40003346052201A904F12000D4F824C0E0475B
:101F5000FEBD00005A000000FF000000E070010814
:101F6000666C61736800000028257329206861731E
:101F700020617373657274206661696C65642061A9
:101F8000742025732E0000002E2E5C4253505C738B
:101F90006675645C7372635C736675645F736664B4
:101FA000702E630061646472203C2031203C3C2030
:101FB00032340000726561645F6275660000000083
:101FC000666C6173682D3E7370692E777200000035
:101FD0007FB5054605F144040026002002900390D9
:101FE0004DB9254825A327A26D2100902DA001F011
:101FF00067FE00BFFEE700202070082302AA3146DA
:102000002846FFF757FF28B12DA001F083FE0020DE
:1020100004B070BD9DF8080053280BD19DF809004D
:10202000462807D19DF80A00442803D19DF80B00EB
:10203000502804D02A4801F06DFE0020E8E79DF802
:102040000C00A0709DF80D0060706078012806DD1E
:10205000A278617823A001F05DFE0020D8E79DF80A
:102060000E00A178CDE9001063782CA283210DA089
:1020700001F026FE0120CBE7AC700108666C6173AD
:10208000680000002825732920686173206173733C
:10209000657274206661696C6564206174202573C3
:1020A0002E0000002E2E5C4253505C736675645CFB
:1020B0007372635C736675645F736664702E63002D
:1020C0004572726F723A2043616E277420726561A7
:1020D000642053464450206865616465722E000098
:1020E000047C01084572726F723A2054686973204B
:1020F000726576657273696F6E285625642E256445
:10210000292053464450206973206E6F74207375E4
:1021100070706F727465642E000000004368656320
:102120006B20534644502068656164657220697372
:10213000204F4B2E20546865207265766572736956
:102140006F6E206973205625642E25642C204E5016
:102150004E2069732025642E000000002DE9F04711
:1021600004008A4616D054F8047CD4F800903E1F30
:10217000564500D956462046F5F73EFE05468846A8
:10218000324621465046FBF719FA40B1C0F800909C
:10219000BDE8F087BDE8F0470846F5F75BBE44E9C7
:1021A000017955B129686A18211F8A4202D9611B39
:1021B000091F2960C5F80480EAE7024AC2F80080D6
:1021C000E6E70000DC0500202DE9F04704468846DC
:1021D00016460027002500BF082C02DD681EBDE85A
:1021E000F08700BF00BFA100491C002202EBC10024
:1021F000F5F798FC00F00F00012802D06FF0040002
:10220000EDE700BF00BF16B96FF00D00E7E700BFB4
:10221000A100491C4FF4F05202EBC100F5F782FC1B
:102220004FF6FF7101EA8025B54200DA2E4638E00C
:102230002046FAF7A5FE0546A100491C4FF440725E
:1022400002EBC100F5F76EFC0746172F1ED01C2FBE
:1022500016D105B126E02046FAF7C8FE8146A10056
:10226000491C4FF4F85202EBC100F5F75BFCB9EBE7
:10227000802F0BD12046F8F795FB6FF00600AEE7F4
:102280002046F8F78FFB6FF00600A8E70120A0407A
:1022900014490988084010B10DB900209FE705B125
:1022A00000E0C5E700BFB54200DA2E46324641469F
:1022B000204604F0EBF8A100491C4FF4807202EBB9
:1022C000C1004021F5F7AEFC00BFA100491C4FF44E
:1022D000807202EBC100F5F725FC0028F5D13046ED
:1022E0007DE70000360000202DE9FC4704468A46C1
:1022F00016461D46DDF82880002700BF082C02DDA9
:10230000781EBDE8FC8700BFA100491C002202EB3B
:10231000C100F5F707FC814600F00F00022804D049
:10232000032803D0042803D101E000BF00BF02E06E
:102330006FF00400E5E700BF00BF16B96FF00D00B5
:10234000DFE700BFA84830F81400E8B91AE02046DB
:10235000FAF716FE0746A100491C4FF4407202EB43
:10236000C100F5F7DFFB10B96FF00300C9E70120EA
:10237000A0409E490988084010B10FB90020C0E76D
:1023800007B100E0E3E700BF09F00700022804D02E
:1023900003287CD004287BD158E0934830F81400FF
:1023A000E8BB08226946204604F070F8A100491CE9
:1023B0004FF4807202EBC1004021F5F733FC00BFFF
:1023C000A100491C4FF4807202EBC100F5F7AAFB93
:1023D0000028F5D19DF8000028709DF80100687074
:1023E0009DF80200A8709DF80300E8709DF80400B5
:1023F000A8F800009DF8050098F8001000EB0120F7
:10240000A8F800009DF80600774921F814009DF80F
:10241000070011F8141000EB0120734900E004E0FC
:1024200021F814008020724908556F4830F81400D4
:10243000B04201DD374602E06B4830F814703E468A
:102440003A465146204604F021F8A1E0664830F8AB
:102450001400B8BB02226946204604F017F8A10018
:10246000491C4FF4807202EBC1004021F5F7DAFB02
:1024700000BFA100491C4FF4807202EBC100F5F7C8
:1024800051FB0028F5D19DF80000574901E02DE0EF
:1024900076E021F814009DF8010011F8141000EB0B
:1024A0000120801E504921F81400084630F814001D
:1024B00040F2EA51884206DD2046F8F773FA6FF4DD
:1024C0007A701EE702E0802049490855464830F8F6
:1024D0001400B04201DD374602E0434830F8147082
:1024E0003A465146204603F0D1FF51E03E4830F8CD
:1024F0001400A8BB06226946204603F0C7FFA100CE
:10250000491C4FF4807202EBC1004021F5F78AFBB1
:1025100000BFA100491C4FF4807202EBC100F5F727
:1025200001FB0028F5D19DF8000028709DF80100FE
:1025300068709DF80200A8709DF80300E8709DF88F
:102540000400294921F814009DF8050011F8141021
:1025500000EB0120244921F814008020244908556B
:10256000214830F81400B04201DD374602E01E4831
:1025700030F814703A465146204603F087FF07E0D2
:102580003946204603F0C4FF174820F8147000BFF6
:1025900000BFA100491C4FF4807202EBC100402132
:1025A000F5F740FB00BFA100491C4FF4807202EB1D
:1025B000C100F5F7B7FA0028F5D10B4830F8140040
:1025C000C01B094921F81400084630F8140030B146
:1025D0000748005D40F001000549085502E0002071
:1025E0000349085538468CE6B42400203600002004
:1025F0003A00002000B131B9054A064BDA60064BBB
:10260000044A136102E0034AD06011617047000080
:1026100045660108440000204B66010800B131B94D
:10262000054A064B5A61064B044A936102E0034A8D
:1026300050619161704700004F660108440000201E
:102640004D66010800BF094A128802F40072002A90
:10265000F9D000B131B9064A044BDA61054B034A9F
:10266000136202E0014AD061116270474400002009
:10267000176901081D69010800BF094A128802F4A0
:102680000072002AF9D000B129B9064B044A5362FE
:10269000054B936202E0024A50629162704700006B
:1026A00044000020156901081B6901082DE9FC415F
:1026B0000446002504F1200654B9164816A318A2B2
:1026C0004FF4337100901EA001F0FAFA00BFFEE74C
:1026D00066208DF8040099208DF8050000200090F8
:1026E0000346022201A930467768B84705461DB95E
:1026F000204603F0E9FD054635B917A240F2D7217F
:102700000FA001F0DDFA02E01AA001F003FB284659
:10271000BDE8FC811B700108666C617368000000F5
:102720002825732920686173206173736572742092
:102730006661696C65642061742025732E00000059
:102740002E2E5C4253505C736675645C7372635CDE
:10275000736675642E630000466C6173682064655F
:10276000766963652072657365742073756363654C
:1027700073732E004572726F723A20466C617368F3
:10278000206465766963652072657365742066618F
:10279000696C65642E0000000020044908600A206E
:1027A0000349086000200349087070479C0000201E
:1027B000A00000209600002007490968074AB1FBE5
:1027C000F2F1642251430522B1FBF2F000BF011E79
:1027D000A0F10100FBD17047140000208096980002
:1027E0002DE9F84F05460C4616461F46DDE90B8BD2
:1027F000DDF828A04FF000096869009000BFE86884
:1028000081440023224628460099FFF737FA16B183
:102810006078B04212D1BBF1000F05D001232246EF
:1028200028460099FFF72AFAB8F1000F06D0524661
:1028300039462046C04708B1BDE8F88F4A462146D0
:102840002846FAF7D0FC0090401C0028D7D100BFE2
:10285000F2E730B503460C461546187830B1587883
:10286000012803D12068401C206007E0187828B1B7
:102870005878022802D12868401C2860002030BD0A
:102880002DE9F0410446884615460026002700BF82
:10289000082C02DD701EBDE8F08100BF00BFA10062
:1028A000491C002202EBC100F5F73CF900F00F00D3
:1028B000012802D06FF00400EDE700BF00BF15B99A
:1028C0006FF00D00E7E700BFA100491C4FF4407214
:1028D00002EBC100F5F726F90646172E04D01C2E90
:1028E00002D06FF00600D6E70120A04042490988D7
:1028F000084040B3A100491C4FF4007202EBC10034
:10290000F5F710F900F01F0606F0100080B1A100E5
:10291000491C4FF4007202EBC1001021F5F782F957
:102920000120A040344909888143334801800AE0EE
:1029300006F0080028B12046F8F734F86FF00C00D4
:10294000A9E70020A7E7A100491C4FF4F85202EBC9
:10295000C100F5F7E7F84FF6FF7101EA8027BD42A5
:1029600000DD3D4623E02046FAF740FB0746A10084
:10297000491C4FF4407202EBC100F5F7D3F806464C
:10298000172E07D01C2E05D02046F8F70BF86FF055
:10299000060080E70120A04018490988084018B1C6
:1029A000BD4201DD002076E7BD4200DC00E0DAE751
:1029B00000BF2A464146204603F0DDFDA100491C28
:1029C0004FF4807202EBC1002021F5F72BF900BF14
:1029D000A100491C4FF4807202EBC100F5F7A2F888
:1029E0000028F5D10120A040034909880843024985
:1029F000088028464FE700003800002036000020FD
:102A00002DE9F04704460D4690464FF0FF3700266B
:102A100010E04046F4F780FD814622699119206D4F
:102A20004B462A46D0F808C0E0470746002F00DA98
:102A300007E03E44AE4204DA4046F4F763FD002866
:102A4000E7D000BFAE4206D104F15400A169F4F70B
:102A500041FD002701E04FF0FF373846BDE8F08721
:102A60007CB50024FAF73AFF04240020774909686E
:102A70008872002175480068C17235222146641CA5
:102A800072480068EC30425401222146641C6F48B1
:102A90000068EC30425404222146641C6B480068F4
:102AA000EC3042543D222146641C68480068EC30FA
:102AB000425407222146641C64480068EC304254AA
:102AC00001222146641C61480068EC304254604891
:102AD00002782146641C5D480068EC3042545C4832
:102AE00042782146641C59480068EC3042545848EA
:102AF00082782146641C55480068EC3042545448A2
:102B0000C2782146641C51480068EC304254504859
:102B100002792146641C4D480068EC3042544C4810
:102B200042792146641C49480068EC304254322204
:102B30002146641C45480068EC304254042220467B
:102B4000611C8CB241490968EC310A544148027851
:102B50002046611C8CB23D490968EC310A543D485D
:102B600042782046611C8CB238490968EC310A541D
:102B7000384882782046611C8CB234490968EC31AF
:102B80000A543448C2782046611C8CB22F49096827
:102B9000EC310A5436222046611C8CB22B4909685C
:102BA000EC310A5404222046611C8CB22749096882
:102BB000EC310A54284802782046611C8CB2234923
:102BC0000968EC310A54244842782046611C8CB2D2
:102BD0001E490968EC310A541F4882782046611C5E
:102BE0008CB21A490968EC310A541B48C278204655
:102BF000611C8CB215490968EC310A54FF22204649
:102C0000611C8CB211490968EC310A54254605E073
:102C100000210E480068EC3041556D1CB5F59C7FD5
:102C2000F6DBFF208DF804008DF805008DF8060016
:102C30008DF80700432001AB4FF409720090034860
:102C400001680648007800F04BFB7CBDA80000201E
:102C5000B4000020850000207900002078000020CA
:102C60007CB50024FAF73AFE00209D4908704870B0
:102C70008870C8709B49087048708870C8700424B8
:102C800035222146641C98480068EC3042540122E9
:102C90002146641C94480068EC3042542146641C70
:102CA00091480068EC3042543D222146641C8E4815
:102CB0000068EC30425407222146641C8A480068B0
:102CC000EC30425401222146641C87480068EC30F5
:102CD0004254864802782146641C83480068EC30E0
:102CE0004254824842782146641C7F480068EC3098
:102CF00042547E4882782146641C7B480068EC3050
:102D000042547A48C2782146641C77480068EC3007
:102D10004254764802792146641C73480068EC30BE
:102D20004254724842792146641C6F480068EC3076
:102D300042540C222146641C6B480068EC3042541B
:102D400000222046611C8CB267490968EC310A54A4
:102D500000250AE06648425D2046611C8CB262494B
:102D60000968EC310A54681C85B26148405D00284E
:102D7000F0D15E49C9780811F3F772FF2146621C51
:102D800094B2594A1268EC3250545849C878F3F753
:102D900067FF2146621C94B2534A1268EC325054C9
:102DA000524909790811F3F75BFF2146621C94B27E
:102DB0004D4A1268EC3250544C490879F3F750FFF1
:102DC0002146621C94B2484A1268EC32505447497A
:102DD00049790811F3F744FF2146621C94B2424A34
:102DE0001268EC32505441494879F3F739FF2146D3
:102DF000621C94B23C4A1268EC325054A81DC1B215
:102E0000E81D221A38480068EC30815437222046E9
:102E1000611C8CB234490968EC310A540622204600
:102E2000611C8CB230490968EC310A5401222046F9
:102E3000611C8CB22C490968EC310A5403222046EB
:102E4000611C8CB228490968EC310A5406222046DC
:102E5000611C8CB224490968EC310A540F222046C7
:102E6000611C8CB220490968EC310A543A22204690
:102E7000611C8CB21C490968EC310A543B22204683
:102E8000611C8CB218490968EC310A54FF222046B3
:102E9000611C8CB214490968EC310A54254606E0DD
:102EA000002111480068EC304155681C85B2B5F529
:102EB0009C7FF5DBFF208DF804008DF805008DF870
:102EC00006008DF80700432001AB4FF40972009013
:102ED000054801680748007800F002FA7CBD000050
:102EE000790000207D000020A8000020B400002010
:102EF000AC000020780000207CB50024FAF7EEFC3E
:102F0000F0480078032803D0EE48007804282CD13C
:102F10000020ED49096888720021EB480068C17201
:102F2000EA480078E84909680873E8484178E648C3
:102F300000684173E5488178E34800688173E3489D
:102F4000C178E1480068C173E14800788DF8040059
:102F5000DF4840788DF80500DD4880788DF8060060
:102F6000DB48C0788DF8070008E0FF208DF80400EA
:102F70008DF805008DF806008DF807000424352231
:102F80002146641CD0480068EC304254012221469E
:102F9000641CCD480068EC30425403222146641C76
:102FA000C9480068EC3042543D222146641CC648A2
:102FB0000068EC30425407222146641CC248006875
:102FC000EC30425401222146641CBF480068EC30BA
:102FD0004254C04802782146641CBB480068EC306B
:102FE0004254BC4842782146641CB7480068EC3023
:102FF0004254B84882782146641CB3480068EC30DB
:103000004254B448C2782146641CAF480068EC3092
:103010004254B04802792146641CAB480068EC3049
:103020004254AC4842792146641CA7480068EC3001
:1030300042549DF80700FF2867D132222146601CC8
:1030400084B2A1480068EC30425404222146601C3E
:1030500084B29D480068EC3042549C480278204677
:10306000611C8CB298490968EC310A54974842783F
:103070002046611C8CB294490968EC310A5493488B
:1030800082782046611C8CB28F490968EC310A5461
:103090008E48C2782046611C8CB28B490968EC319D
:1030A0000A5436222146601C84B287480068EC30FE
:1030B000425404222046611C8CB283490968EC31D9
:1030C0000A54834802782146601C84B27E48006816
:1030D000EC3042547E4842782046611C8CB27A49DA
:1030E0000968EC310A547A4882782046611C8CB217
:1030F00075490968EC310A547548C2782046611C4C
:103100008CB271490968EC310A540C222046611CCA
:103110008CB26D490968EC310A5400222046611CCA
:103120008CB269490968EC310A54002509E06A4803
:10313000425D2046611C8CB263490968EC310A5437
:103140006D1C6548405D0028F1D16249C9780811BD
:10315000F3F786FD2146621C94B25B4A1268EC329A
:1031600050545C49C878F3F77BFD2146621C94B249
:10317000554A1268EC325054564909790811F3F750
:103180006FFD2146621C94B24F4A1268EC325054D3
:1031900050490879F3F764FD2146621C94B24A4A0B
:1031A0001268EC3250544B4949790811F3F758FD35
:1031B0002146621C94B2444A1268EC32505445498C
:1031C0004879F3F74DFD2146621C94B23E4A1268DD
:1031D000EC325054A81DC1B2E81D221A3A480068CA
:1031E000EC30815437222046611C8CB23649096884
:1031F000EC310A5408222046611C8CB2324909681D
:10320000EC310A5401222046611C8CB22E49096817
:10321000EC310A5403222046611C8CB22A49096809
:10322000EC310A5406222046611C8CB226490968FA
:10323000EC310A540F222046611C8CB222490968E5
:10324000EC310A543A222046611C8CB21E490968AE
:10325000EC310A543B222046611C8CB21A490968A1
:10326000EC310A541F222046611C8CB216490968B1
:10327000EC310A5421222046611C8CB212490968A3
:10328000EC310A54FF222046611C8CB20E490968B9
:10329000EC310A54254605E000210B480068EC306B
:1032A00041556D1CB5F59C7FF6DB432001AB4FF417
:1032B00009720090044801680848007800F010F88E
:1032C0007CBD000095000020A800002085000020A3
:1032D00079000020B4000020AC000020780000201D
:1032E0002DE9F05F04468B4615461E46DDF828A002
:1032F0000027B84600BF082C02DD781EBDE8F09F0D
:1033000000BFA100491C002202EBC100F4F70AFC37
:1033100000F00F00022804D0032804D0042803D1B1
:1033200000E000BF00BF02E06FF00400E6E700BF6E
:1033300000BF15B96FF00D00E0E700BF96F80090F0
:10334000707869F31F208146B07869F31F208146A9
:10335000F07869F31F208146B9F1000F0DD1A1006B
:10336000491C002202EBC100F4F7DCFB00F0040072
:10337000042802D06FF00B00C0E7BAF1000F0DD1A6
:10338000A100491C002202EBC100F4F7CBFB00F0C6
:103390000400042802D06FF00A00AFE7A100491C26
:1033A0004FF4407202EBC100F4F7BCFB0746422F1A
:1033B00006D0222F04D0322F02D06FF006009DE7F6
:1033C000A100491C4FF4406202EBC10004223146C7
:1033D000F4F762FC4FEA2A21A200521C4FF48053FA
:1033E00003EBC200F4F71EFC0AF0FF01A200521C1E
:1033F0004FF4805303EBC20202F58070F4F712FC25
:10340000A100491C4FF4F85202EBC100F4F78AFB0B
:103410004FF6FF7101EA8028454500DD45461CE076
:103420002046F9F7E3FD8046A100491C4FF44072A5
:1034300002EBC100F4F776FB10B96FF003005DE713
:103440000120A04028490988084018B1454501DD00
:10345000002053E7454500DC00E0E1E700BF2A46D5
:103460005946204603F087F8A100491C4FF48072AA
:1034700002EBC1002021F4F7D5FB00BFA100491CDD
:103480004FF4807202EBC100F4F74CFB0028F5D139
:1034900025E0A100491C4FF4007202EBC100F4F7D3
:1034A00041FB00F01F0707F0100048B1A100491CC4
:1034B0004FF4007202EBC1001021F4F7B3FB0FE0F0
:1034C00007F0080058B1A100491C4FF4007202EB4C
:1034D000C1000821F4F7A6FB6FF00C000EE7D8E757
:1034E00000BF28460AE70000360000202DE9FC4115
:1034F00004460D46002654B91E481FA320A240F2E0
:103500002A31009026A000F0DBFB00BFFEE701217E
:10351000204600F0E7F8064616B13046BDE8FC81CB
:1035200015B1B720019001E0E92001900020009042
:103530000346012201A904F12000676AB847064644
:103540006EB984F835500DB11BA000E01CA00346F5
:103550001DA24FF44F7112A000F0B2FB07E00DB1B5
:1035600015A000E016A0014620A000F0D3FB3046D5
:10357000D4E7000041700108666C617368000000C8
:103580002825732920686173206173736572742024
:103590006661696C65642061742025732E000000EB
:1035A0002E2E5C4253505C736675645C7372635C70
:1035B000736675642E630000456E746572000000CA
:1035C0004578697400000000257320342D42797419
:1035D000652061646472657373696E67206D6F64E2
:1035E0006520737563636573732E00004572726F97
:1035F000723A20257320342D427974652061646409
:1036000072657373696E67206D6F646520666169AA
:103610006C65642E000000002DE9F84F04460D464D
:1036200016461F464FF00008C1463EB9012300224E
:1036300029462046F7F71CFE804650E02846ECF766
:10364000F7FD82463B46524604F18C012046FCF7CA
:1036500017FA401C10B90720BDE8F88F04F13402B6
:1036600029462046F9F7EAF98146B9F1000F07D05B
:10367000002304F1340229462046F7F7F9FD80467D
:10368000B8F1000F08D133462A4604F18C012046D8
:103690000097F7F7DFFA8046B9F1000F0AD0B8F1CA
:1036A000000F07D1012304F1340229462046F7F721
:1036B000DFFD804694F8300088B12846ECF7B8FD6D
:1036C000401CA0F1010B2846ECF7B2FD5946183119
:1036D000384601EB000A51462046F9F779FB40468F
:1036E000BAE70000FEB504460D46002654B91D4851
:1036F0001DA31FA240F20131009025A000F0E0FAC6
:1037000000BFFEE715B10620029001E00420029000
:10371000002000900346012202A904F12000676AFC
:10372000B847064626B901A9204600F007FC064620
:10373000B6B94DB19DF8040000F0020020B91AA0FE
:1037400000F0E8FA0220FEBD55B99DF8040000F033
:103750000200012804D11DA000F0DCFA0220F2E7EB
:103760003046F0E72F700108666C61736800000056
:103770002825732920686173206173736572742032
:103780006661696C65642061742025732E000000F9
:103790002E2E5C4253505C736675645C7372635C7E
:1037A000736675642E6300004572726F723A20432F
:1037B000616E277420656E61626C65207772697432
:1037C00065207374617475732E0000004572726F0A
:1037D000723A2043616E27742064697361626C657C
:1037E000207772697465207374617475732E00009C
:1037F0002DE9FC410546002605F1200455B92F4866
:103800002FA331A24FF4AD71009037A000F058FA09
:1038100000BFFEE795F8340050B9284838A32AA223
:103820004FF4AE71009030A000F04AFA00BFFEE7FE
:10383000A06810B12046A168884701212846FFF7FB
:1038400051FF064606B12CE0C7208DF80400287D04
:1038500000F0080090B194208DF8050080208DF8CC
:1038600006009A208DF807000020009003460422ED
:1038700001A920466768B847064608E00020009086
:103880000346012201A920466768B84706461EB1D3
:103890001FA000F03FFA04E0284602F015FD06469E
:1038A00000BF00212846FFF71DFFE06810B1204649
:1038B000E16888473046BDE8FC810000DE6F010802
:1038C000666C6173680000002825732920686173A5
:1038D00020617373657274206661696C6564206130
:1038E000742025732E0000002E2E5C4253505C7312
:1038F0006675645C7372635C736675642E63000046
:10390000666C6173682D3E696E69745F6F6B000051
:103910004572726F723A20466C6173682063686901
:10392000702065726173652053504920636F6D6D1F
:10393000756E6963617465206572726F722E000026
:1039400070B5044600252046F9F7AEFC05461DB9C2
:10395000204600F04FFD05463DB9012084F83400B3
:1039600006A0216800F0D6F906E0002084F83400B3
:103970000CA0216800F0CEF9284670BD25732066A2
:103980006C6173682064657669636520697320697A
:103990006E697469616C697A6520737563636573B8
:1039A000732E00004572726F723A20257320666C88
:1039B0006173682064657669636520697320696E48
:1039C000697469616C697A65206661696C2E0000B2
:1039D0002DE9FF5F04460E4617464FF0000904F13B
:1039E000200854B9544855A356A24FF4CB71009007
:1039F0005CA000F065F900BFFEE794F8340050B910
:103A00004D485EA34FA24FF4CC71009055A000F03A
:103A100057F900BFFEE7F1192069814206D95BA082
:103A200000F078F9052004B0BDE8F09F36B92069B0
:103A3000B84203D12046FFF7DBFEF4E7D8F80800D0
:103A400018B14046D8F80810884765E094F844005B
:103A500070B13A463146204600F0BEFA824604F183
:103A6000540101EBCA0090F804B051F83A5002E05A
:103A700094F81CB0A56901212046FFF733FE81466A
:103A8000B9F1000F00D04AE08DF808B00DF109023D
:103A900031462046F9F7EAFF94F8350008B10520D1
:103AA00000E004200190002000900346D8F804C0F4
:103AB00002A94046019AE0478146B9F1000F03D0C0
:103AC0003CA000F027F92AE0204602F0FDFB8146E9
:103AD000B9F1000F00D022E0B6FBF5F005FB106055
:103AE000A0B1B6FBF5F005FB1060281AB8420CD265
:103AF000B6FBF5F005FB1060281A3F1AB6FBF5F08F
:103B000005FB1060281A064406E008E0AF4202D91F
:103B10007F1B2E4400E002E0002F97D100BF002160
:103B20002046FFF7DFFDD8F80C0018B14046D8F862
:103B30000C108847484676E7EE6F0108666C6173A3
:103B40006800000028257329206861732061737361
:103B5000657274206661696C6564206174202573E8
:103B60002E0000002E2E5C4253505C736675645C20
:103B70007372635C736675642E630000666C6173B8
:103B8000682D3E696E69745F6F6B00004572726FDD
:103B9000723A20466C617368206164647265737365
:103BA000206973206F7574206F6620626F756E6474
:103BB0002E0000004572726F723A20466C61736885
:103BC0002065726173652053504920636F6D6D7578
:103BD0006E6963617465206572726F722E000000F9
:103BE00000B5014600F00EF8884207D901EB41000C
:103BF000C0EB4110024A02EB800000BD0020FCE750
:103C00000C0500200120704770B50025002613A385
:103C100014A2682122A000F053F8274A692120A0AD
:103C200000F04EF8002414E004EB4400C0EB441014
:103C3000224901EB8000446004EB4401C1EB4411D4
:103C40001E4A02EB8100FFF77BFE054605B12E46BA
:103C5000641C002CE8D0304670BD0000302E31309E
:103C60002E323900537461727420696E697469610F
:103C70006C697A652053657269616C20466C61736A
:103C80006820556E6976657273616C20447269763E
:103C90006572285346554429205625732E0000008E
:103CA0002E2E5C4253505C736675645C7372635C69
:103CB000736675642E630000707A01080C0500209D
:103CC0000FB438B504460D4607A800902A46214691
:103CD00009A0F4F725F84FF480710B48009B069A71
:103CE000F4F742F8084909A0F4F71AF80020009008
:103CF00038BC5DF814FB00005B534655445D282535
:103D0000733A256C64292000F837002025730D0ACA
:103D1000000000000FB408B503A8009009A0F3F755
:103D2000FFFF4FF480710948009B029AF4F71CF8DA
:103D3000064907A0F3F7F4FF0020009001B05DF8FA
:103D400014FB00005B534655445D0000F83700202B
:103D500025730D0A000000002DE9FE4F04460F46B2
:103D6000164698464FF0000904F1200554B92E4834
:103D70002EA330A240F22F11009036A0FFF7A0FF33
:103D800000BFFEE7B8F1000F0AD1274837A329A2E8
:103D90004FF4987100902FA0FFF792FF00BFFEE74D
:103DA00094F8340050B9204832A322A24FF49971FC
:103DB000009028A0FFF784FF00BFFEE7B919206933
:103DC000814205D92FA0FFF7A5FF0520BDE8FE8F92
:103DD000A86810B12846A9688847204602F074FAFE
:103DE0008146B9F1000F18D103208DF804000DF1C0
:103DF000050239462046F9F739FE94F8350008B136
:103E0000052000E00420824600964346524601A960
:103E10002846D5F804C0E0478146E86810B1284636
:103E2000E96888474846D1E7D46F0108666C61733A
:103E3000680000002825732920686173206173736E
:103E4000657274206661696C6564206174202573F5
:103E50002E0000002E2E5C4253505C736675645C2D
:103E60007372635C736675642E63000064617461D1
:103E700000000000666C6173682D3E696E69745FB6
:103E80006F6B00004572726F723A20466C61736806
:103E90002061646472657373206973206F75742088
:103EA0006F6620626F756E642E0000003EB504469A
:103EB0004CB90F480FA311A25121009017A0FFF792
:103EC000FFFE00BFFEE72046FEF782F848B101A9D9
:103ED0002046FDF799F920B101A92046FDF748FADF
:103EE0003EBD15482168FFF715FF0020F8E70000E8
:103EF0009D700108666C61736800000028257329B5
:103F00002068617320617373657274206661696CE7
:103F100065642061742025732E0000002E2E5C4203
:103F200053505C736675645C7372635C736675642E
:103F30005F736664702E6300507C01087CB5044694
:103F40000D460520019054B9104811A312A240F269
:103F50004F31009018A0FFF7B3FE00BFFEE755B940
:103F60000A481BA30CA24FF45471009012A0FFF753
:103F7000A7FE00BFFEE7012000902B46024601A9E4
:103F800004F12000666AB0477CBD0000597001084A
:103F9000666C6173680000002825732920686173CE
:103FA00020617373657274206661696C6564206159
:103FB000742025732E0000002E2E5C4253505C733B
:103FC0006675645C7372635C736675642E6300006F
:103FD00073746174757300002DE9F84305460E464D
:103FE00017464FF0000895F8440050B919481AA335
:103FF0001FA24FF4B771009025A0FFF761FE00BF2C
:10400000FEE7686DB6FBF0F100FB116010B1002017
:10401000BDE8F883032400BF05F1540050F83400D4
:1040200080B105F1540050F83400B8420AD805F1C7
:10403000540050F83400B6FBF0F100FB116008B9F1
:10404000A04603E004B901E0641EE5E700BF404676
:10405000DEE70000EF700108666C6173682D3E7347
:104060006664702E617661696C61626C6500000047
:104070002825732920686173206173736572742029
:104080006661696C65642061742025732E000000F0
:104090002E2E5C4253505C736675645C7372635C75
:1040A000736675645F736664702E6300014600205A
:1040B0004A6862B9074B4B62074B8B62074BCB6276
:1040C000074B0B63074A8A63074BCB6300BF00BFF4
:1040D00070470000B544010875440108B144010867
:1040E00080050020B9270108C02709002DE9F84301
:1040F00004460E4617461D464FF00008207D00F08E
:10410000010048B14FF480733A463146204600958D
:10411000FBF7C8FC80460CE0207D00F0040038B1BD
:104120002B463A4631462046F4F752FF804600E0DF
:1041300000BF4046BDE8F8832DE9FC4104460F4628
:104140009046002504F1200654B91B481BA31DA26C
:1041500040F28731009023A0FFF7B2FD00BFFEE7D9
:104160006FB150208DF8040000200090034601221A
:1041700001A93046D6F804C0E047054604E0012115
:104180002046FFF7AFFA054675B901208DF8040007
:104190008DF80580002000900346022201A93046D8
:1041A000D6F804C0E047054615B114A0FFF7B2FDEC
:1041B0002846BDE8FC8100008B700108666C6173C5
:1041C00068000000282573292068617320617373DB
:1041D000657274206661696C656420617420257362
:1041E0002E0000002E2E5C4253505C736675645C9A
:1041F0007372635C736675642E6300004572726F40
:10420000723A2057726974655F73746174757320B4
:104210007265676973746572206661696C65642E86
:104220000000000010B504461CB1206808B1A06869
:1042300008B1002010BD7CB1A068001D61688842F3
:104240000AD2A26821688818032204A1ECF71BF89F
:1042500010B9A068C01CA0602046EBE7EFBBBF0010
:10426000F8B504460E4617461D4600BF082C02DD71
:104270004FF0FF30F8BD00BF012E06D0022E10D047
:10428000032E10D0042E0FD10CE0042269464FF407
:104290007060F3F781FC009810B96FF00200E9E755
:1042A00005E000BF00BF02E06FF00400E2E700BFDE
:1042B00005F0040010B16FF00500DBE705B3012E37
:1042C00002D0022E1AD106E005F0210010B96FF0DD
:1042D0000500CFE713E005F0200028B105F08000CD
:1042E00010B96FF00500C5E705F0100028B105F022
:1042F000800010B96FF00500BCE700E000BF00BF10
:104300002046F6F74FFB05F0F00242EA0601A20054
:10431000521C002303EBC200F3F784FC7FB9304842
:1043200007880088401C2E490880084600884FF600
:10433000F071884203D14FF4404029490880391276
:10434000A200521C4FF4806303EBC200F3F76AFC37
:10435000F9B2A200521C4FF4806303EBC20202F5D3
:104360008070F3F75FFCA100491C4FF4807202EBF0
:10437000C1000121F3F756FC00BFA100491C4FF416
:10438000807202EBC100F3F7CDFB0028F5D10120CC
:10439000A0401449098881431248018005F00100BA
:1043A000A0401049098808430E4908800120A04018
:1043B0000D49098881430C48018000200B4921F8F0
:1043C00014000B49085500BFA100491C4FF440726E
:1043D00002EBC100F3F7A6FB0028F5D060B249E775
:1043E000340000203600002038000020B4240020D3
:1043F0003A00002038B50446002554B9064807A302
:1044000008A240F21B1100900EA0FFF759FC00BF5C
:10441000FEE7284638BD0000C66F0108666C617370
:104420006800000028257329206861732061737378
:10443000657274206661696C6564206174202573FF
:104440002E0000002E2E5C4253505C736675645C37
:104450007372635C736675642E63000010B5044666
:1044600022464FF480510248EEF716FE002010BDA0
:10447000000C014072B6704770B504460D464FF40B
:104480007A732A4621460248F0F712F870BD000000
:10449000E808002070B504460D464FF47A732A46AA
:1044A00021460248F0F7C5F870BD0000E80800207A
:1044B00062B670472DE9F84F81468A4615461C467C
:1044C0000A9E4FF0000BD9F8107015B1BAF1000F29
:1044D00001D01EB114B90120BDE8F88FB9880022BF
:1044E0003868EEF7D9FD6DB1AAB24FF47A73514630
:1044F0001348F0F79EF88046B8F1000F02D04FF055
:10450000040B16E0A6B1FF2231462046EBF756FE1B
:104510004FF47A70B3B22246214600900848F0F773
:1045200067F98046B8F1000F02D04FF0040B00E0AD
:1045300000BFB98801223868EEF7AEFD5846CBE7D8
:10454000E808002000B583B00A460021CDE900113B
:1045500001466846ECF7EDFCDDE9000103B000BD63
:1045600001604860704710B5EFF708FA10BD000011
:104570002DE9F0470446002500260027A846A94655
:104580001B4840684168204688471949496888683F
:104590008047064616488068416830468847144977
:1045A000896888688047074611480068416838462E
:1045B00088470F4909688868804780460C48C0686A
:1045C0004168404688470A49C968886880478146EB
:1045D000074800694168484688470549096988686D
:1045E0008047054600BF00BF2846BDE8F0870000B1
:1045F000A004002070B5B6B004460D4616466846C5
:1046000000F07AF82A462146684600F087F83146DD
:10461000684600F007F8D8216846EBF7D6FD36B0BB
:1046200070BD00002DE9FC4704460D462068400F90
:10463000616840EAC1062068C700F8B28DF8000042
:10464000380A8DF80100380C8DF80200380E8DF80C
:104650000300F0B28DF80400300A8DF80500300C2C
:104660008DF80600300E8DF80700207800F03F0826
:10467000B8F1380F02D2C8F1380001E0C8F1780073
:1046800081464A461B49204600F048F80822694600
:10469000204600F043F8207A28702089000A6870CC
:1046A000A068000CA870A068000EE870207B28713C
:1046B000A089000A6871E068000CA871E068000E2B
:1046C000E871207C2872208A000A68722069000C38
:1046D000A8722069000EE872207D2873A08A000A63
:1046E00068736069000CA8736069000EE873BDE828
:1046F000FC870000F86D0108002101604160054958
:104700008160054AC260CA430261034AD2434261E2
:10471000704700000123456789ABCDEF2DE9F041DB
:10472000044688461546002D01DCBDE8F08120785E
:1047300000F03F07C7F14006206828442060206849
:1047400020602068A84202D26068401C606087B187
:10475000B5420EDB04F11801C81932464146EBF7A9
:104760001BFD04F118012046F9F7DAF9B044AD1B3E
:10477000002706E041462046F9F7D2F908F1400843
:10478000403D402DF6DA002D06DD04F11801C81970
:104790002A464146EBF700FD00BFC6E72DE9F84F7A
:1047A00006460F46904699464FF0FF3AF5F72CFD26
:1047B000054605B937E01FA21FA12846F5F7C8FC3A
:1047C00032461FA12846F5F7C3FC4A461DA12846DC
:1047D000F5F7BEFC002213461BA12846F5F79AFC0C
:1047E0002846F5F703FE044614B96FF0010A15E0F8
:1047F0002046EBF71DFD1FFA80FB3B465A4621463B
:104800000120CDF80080F5F74FFB824600BF23461C
:10481000D2220FA118A0F3F783FA00BF14B12046EB
:10482000F3F7EAFA00BF15B12846F5F713FD504635
:10483000BDE8F88F554450006E6574776F726B0059
:10484000696400006D736700636F646500000000B9
:104850002E2E5C4253505C696F4C696272617279B2
:104860005F4472697665725C6170705F7735353070
:10487000305F7564702E63005B20554450205D5B93
:1048800025733A25645D2073656E64206572726FCE
:10489000722061636B203A2025730D0A0A00000024
:1048A0002DE9FF4F87B00F4691469A464FF0010B16
:1048B0000798F5F715FD8046B8F1000F09D100BF44
:1048C000F2223DA146A0F3F72BFA00BF4FF0FF3BC9
:1048D00067E04DA14046F5F7EDFC04464CA140468B
:1048E000F5F7E8FC054675B12869EBF7A1FC06462B
:1048F000324638462969EBF74FFC2869EBF798FCFC
:104900000021395401E06FF0010B002C3ED0BBF1C7
:10491000010F3BD100BF3FA000904FF4837226A14E
:1049200043A02369F3F7FCF900BF4AA12069EBF724
:1049300086FC00BB4EA14046F5F7BCFC02900298F5
:1049400068B106A805A9CDE90010029904AB03AA35
:10495000086948A1EBF7B4FC0398C9F8000048A126
:104960004046F5F7A7FC064616B1B08AAAF8000043
:104970004FF0000B14E027A12069EBF760FC10B9A1
:104980004FF0010B0CE04FF0FF0B09E06FF0030B51
:1049900000BF40F2251208A13BA0F3F7C1F900BF08
:1049A00000BFB8F1000F02D04046F5F753FC58465F
:1049B0000BB0BDE8F08F00002E2E5C4253505C69B6
:1049C0006F4C6962726172795F4472697665725C7C
:1049D0006170705F77353530305F7564702E6300BD
:1049E0005B20554450205D5B25733A25645D206D46
:1049F00065737361676520706172736520666169B4
:104A00006C210D0A0A000000747970650000000036
:104A1000696400007463705F7365727665725F63CA
:104A20006F6E6E6563745F72657175657374000097
:104A30005B20554450205D5B25733A25645D2072F0
:104A400065637620747970653A2573202025730D8F
:104A50000A0A00007463705F636C69656E745F635B
:104A60006F6E6E6563745F72657175657374000057
:104A70006970000025642E25642E25642E256400AF
:104A8000706F7274000000005B20554450205D5B25
:104A900025733A25645D206D6573736167652074C5
:104AA00079706520756E6B6E6F770D0A0A000000D5
:104AB0002DE9F84F06460F4690464FF0FF39F5F7BF
:104AC000A3FB054605B93CE021A222A12846F5F743
:104AD0003FFB324621A12846F5F73AFB20A227A149
:104AE0002846F5F735FB27A228A12846F5F730FB25
:104AF0000022274B27A12846F5F70CFB2846F5F79F
:104B000075FC044614B96FF0010915E02046EBF777
:104B10008FFB1FFA80FA3B46524621460120CDF812
:104B20000080F5F7C1F9814600BF234674221BA11E
:104B300024A0F3F7F5F800BF14B12046F3F75CF9B1
:104B400000BF15B12846F5F785FB4846BDE8F88F4C
:104B5000554450006E6574776F726B006964000095
:104B60007463705F636C69656E745F636F6E6E65AE
:104B700063745F7265717565737400007479706534
:104B80000000000073756363657373006D736700E5
:104B900000006940636F6465000000002E2E5C42D7
:104BA00053505C696F4C6962726172795F447269DB
:104BB0007665725C6170705F77353530305F756433
:104BC000702E63005B20554450205D5B25733A25B1
:104BD000645D2073656E6420636F6E6E6563742020
:104BE00061636B203A2025730D0A0A002DE9F04F0E
:104BF0008DB083460E4691464FF0FF3A07A801F06C
:104C00005BFD07A8407A07A9097ACDE9001007A83B
:104C1000C3799DF8222029A103A8F3F791F8F5F7AD
:104C2000F3FA054605B941E027A22EA12846F5F77B
:104C30008FFA2EA22FA12846F5F78AFA03AA2EA1F1
:104C40002846F5F785FA2D480088ECF71BF807464B
:104C50003A460B462AA12846F5F75CFA00222A4B71
:104C60002AA12846F5F756FA2846F5F7BFFB044671
:104C700014B96FF0010A14E02046EBF7D9FA87B2B5
:104C800033463A4621460120CDF80090F5F70CF95D
:104C9000824600BF2346AC221EA128A0F3F740F8AD
:104CA00000BF14B12046F3F7A7F800BF15B128469E
:104CB000F5F7D0FA50460DB0BDE8F08F25642E25EB
:104CC000642E25642E2564007463705F73657276AC
:104CD00065725F636F6E6E6563745F726571756533
:104CE000737400007479706500000000737563636D
:104CF000657373006D73670069700000CA0000205F
:104D0000706F72740000000000006940636F64659A
:104D1000000000002E2E5C4253505C696F4C6962AB
:104D2000726172795F4472697665725C6170705FFE
:104D300077353530305F7564702E63005B205544E5
:104D400050205D5B25733A25645D2073656E642099
:104D5000636F6E6E6563742061636B203A20257308
:104D60000D0A0A002DE9FF5F04468A461E464027C9
:104D7000B84651460020029AF7F700FC4FEA104966
:104D80004FF6FF7B002559E0701CE0B304F1A8004A
:104D900030F83500484506D104F1A80000EBC50005
:104DA0004660BDE8FF9F04F1A80000EBC500406825
:104DB000401C18B9402F01D12F463EE004F1A80055
:104DC00000EBC5004068401C10B304F1A80000EBE4
:104DD000C500408800280BDD04F1A80000EBC500E9
:104DE0004088401E81B204F1A80000EBC50041805C
:104DF00004F1A80000EBC500408858451DDAA8461C
:104E000004F1A80000E004E000EBC500B0F802B037
:104E100013E004F1A80030F8350048450DD14FF0FB
:104E2000FF3104F1A80000EBC5004160002104F14E
:104E3000A80000EBC5004180B3E76D1C402DA3D353
:104E4000402F0DD204F1A80000EBC700466004F12A
:104E5000A80020F83790402100EBC70041800FE008
:104E6000B8F1400F0CD204F1A80000EBC800466076
:104E700004F1A80020F83890402100EBC8004180E0
:104E800000BF8EE770B5044600250CB1206800B95C
:104E900070BDA168206845182846EBF7C9F9A168DC
:104EA0000844A06000BFF3E72DE9FE4307460C4627
:104EB00016461D464FF00008607801280FD10221E8
:104EC000CDE90010042302AA38466168F3F764FBB9
:104ED000804602223846616800F07FF820E0607862
:104EE00002281DD12069582803D32069801B582827
:104EF00013D201200321CDE90010042302AA384671
:104F00006168F3F749FB804603223846616800F088
:104F100064F82DB10120287002E00DB10020287046
:104F20004046BDE8FE832DE9F04105460E460827C0
:104F300000242CE004EB440105F52A7000EBC100CD
:104F400040687168884217D1307850B104EB440250
:104F500005F52A7101EBC20018223146EBF71CF966
:104F600008E04FF0FF3104EB440205F52A7000EB36
:104F7000C2004160BDE8F08104EB440105F52A70F0
:104F800000EBC1004068401C00B92746641C082C97
:104F9000D0D3307858B1082F09D207EB470205F576
:104FA0002A7101EBC20018223146EBF7F5F800BF79
:104FB000E0E72DE9F04105460F46164639462846FA
:104FC000F8F757F9044634B1666161686069401AC0
:104FD000E968081A2061BDE8F0812DE9F041064634
:104FE0000F46144639463046F8F743F9054605B1F1
:104FF0006C70BDE8F0812DE9FF5F8046894615465B
:1050000000240026C24600200390834602900190AF
:10501000A9EB0A00062800DA81E00AF10200FBF79A
:1050200098F80646B6F55C4F03D3B6F5604F00D24C
:1050300075E0B6F5584F29D3B6F55C4F26D20AF184
:105040000607002000900C200290A9EB070006281C
:1050500000DA64E038785C2802D17878752800D0CE
:105060005DE0B81CFBF775F800900098B0F55C4F58
:1050700003D30098B0F5604F00D350E0C6F30901A8
:10508000009861F39F2000F5803402E00620029032
:105090003446802C02D20120039018E0B4F5006F52
:1050A00004D202200390C020019010E0B4F5803FAC
:1050B00004D203200390E020019008E0B4F5881F9B
:1050C00004D204200390F020019000E027E0039830
:1050D000401E00F0FF0B0BE004F0BF0040F080002A
:1050E000296801F80B00A409ABF1010000F0FF0BE7
:1050F000BBF1000FF0DC0398012804DD0198204388
:105100002968087003E004F07F00296808702968A6
:10511000039808442860029804B0BDE8F09F00207E
:10512000FAE700002DE9F04105460F46164641F228
:1051300028112948EBF749F82848274908602848EA
:105140004860284888602848C8602848086128487E
:1051500048612946204801F02AF804462CB125A0D0
:10516000F2F7DEFD0120BDE8F08139461A4801F072
:1051700016F8044624B126A0F2F7D2FD0120F2E78A
:105180003146154801F004F804463CB128A0F2F776
:10519000C7FD114800F0DEF90120E4E70E4800F0F9
:1051A00087FA044624B12BA0F2F7BAFD0120DAE712
:1051B0004EF6187085420DDB0121074800F046FFCE
:1051C00004463CB129A0F2F7ABFD034800F0C2F958
:1051D0000120C8E70020C6E7740B0020CF6101085A
:1051E000BD610108D3610108C1610108CD610108F9
:1051F000217D00087732357178783A207365742004
:1052000074797065206661696C65642E0A0000001F
:105210007732357178783A2073657420696E7465D9
:105220007266616365206661696C65642E0A0000C0
:105230007732357178783A20736574206475616CC3
:10524000207175616420737069206661696C6564A2
:105250002E0A00007732357178783A20696E6974C9
:10526000206661696C65642E0A0000007732357132
:1052700078783A2073657420616464726573732072
:105280006D6F6465206661696C65642E0A000000BC
:1052900070B58EB0044614B902200EB070BD207EE9
:1052A000012801D00320F8E794F82000002876D1E7
:1052B000E07F002862D000200790089009900A90B3
:1052C0000390049005900690009001900023012225
:1052D000062102902046F3F72EFE054625B17FA059
:1052E000616988470120D8E700200790089009905D
:1052F0000A9003900490059006900090019000237E
:105300000122C72102902046F3F715FE054625B17C
:105310007AA0616988470120BFE77F4E23E0012022
:105320000DAA0023CDE90820079303930493059366
:105330000693009301930122052102930A902046CF
:10534000F3F7F9FD054625B174A06169884701208E
:10535000A3E79DF8340000F0010000B905E0761ED7
:105360000120E1688847002ED9D100BF26B973A07B
:1053700061698847042090E700208EE706200C90A2
:105380000020034601220CA900902046F3F7FEFD01
:1053900005462DB151A06169884701207DE738E0BD
:1053A000C7200C900020034601220CA90090204643
:1053B000F3F7ECFD054625B150A06169884701204F
:1053C0006BE7554E1AE005200C9001200DAB02460C
:1053D0000CA900902046F3F7D9FD054625B14FA052
:1053E00061698847012058E79DF8340000F001000A
:1053F00000B905E0761E0120E1688847002EE2D161
:1054000000BF26B94DA061698847042045E7002008
:1054100043E700200790089009900A9003900490B9
:10542000059006900090019000230422062102902E
:105430002046F3F780FD054625B128A0616988471D
:1054400001202AE700200790089009900A90039015
:105450000490059006900090019000230422C7213B
:1054600002902046F3F767FD054625B123A0616948
:105470008847012011E7284E24E0042001210DAACD
:105480000023CDE907320393049305930693009319
:10549000019304220293CDE9091005212046F3F778
:1054A0004AFD054625B11DA0616988470120F4E643
:1054B0009DF8340000F0010000B905E0761E0120DF
:1054C000E1688847002ED8D100BF26B91BA06169CA
:1054D00088470420E1E60020DFE6000077323571DE
:1054E00078783A20777269746520656E61626C65C0
:1054F000206661696C65642E0A00000077323571A0
:1055000078783A20636869702065726173652066F7
:1055100061696C65642E0A0040420F007732357174
:1055200078783A20676574207374617475733120DC
:105530006661696C65642E0A00000000773235717F
:1055400078783A2065726173652074696D656F754E
:10555000742E0A0030B58DB0044614B902200DB087
:1055600030BD207E012801D00320F8E794F8200008
:1055700000282DD1E07FC8B1002007900890099045
:105580000A900390049005900690009001900023EB
:105590000122B92102902046F3F7CDFC0546002DEB
:1055A0004BD02BA0616988470420D8E7B9200C9024
:1055B0000020034601220CA900902046F3F7E6FCE8
:1055C0000546002D39D022A0616988470420C6E72E
:1055D00000200790089009900A900390049005908D
:1055E00006900090019000230422FF2102902046A3
:1055F000F3F7A1FC054625B11CA06169884701208D
:10560000ADE70A20E16888470020079008900990DC
:105610000A9003900490059006900090019000235A
:105620000122B92102902046F3F785FC054625B1F9
:1056300007A061698847042091E7606880470546B4
:1056400025B112A061698847012088E7002086E71C
:105650007732357178783A20706F77657220646F91
:10566000776E206661696C65642E0A007732357149
:1056700078783A20657869742071737069206D6F4D
:105680006465206661696C65642E0A007732357145
:1056900078783A20737069206F7220717370692076
:1056A0006465696E6974206661696C65642E0A00C0
:1056B00001B590B0109810B9022011B000BD10983B
:1056C000406908B90320F8E71098006838B91098C5
:1056D00040690A90E5A00A9988470320EDE71098F1
:1056E000406838B9109840690A90E8A00A9988473C
:1056F0000320E2E71098806838B9109840690A9052
:10570000EBA00A9988470320D7E71098006938B9B9
:10571000109840690A90F0A00A9988470320CCE7C6
:105720001098C06838B9109840690A90F1A00A9999
:1057300088470320C1E7109890F82000002877D10F
:10574000109800680A9080470F900F9838B1109811
:1057500040690A90EEA00A9988470120ADE71098A9
:10576000C07F00287ED001200BAA0023CDE90820AD
:10577000182107930393CDE9043106930093019315
:105780000122AB2102930A901098F3F7D4FB0F90FB
:105790000F9858B1109840690A90E4A00A99884778
:1057A000109840680A908047012086E70020079003
:1057B000089009900A90039004900590069000903C
:1057C000019000230122662102901098F3F7B3FBA9
:1057D0000F900F9858B1109840690A90DCA00A9970
:1057E0008847109840680A908047072065E70020A6
:1057F0000790089009900A900390049005900690F5
:105800000090019000230122992102901098F3F753
:1058100092FB0F900F9860B1109840690A90D4A045
:105820000A998847109840680A908047072044E703
:10583000EBE11098C0680A900A200A998847012075
:1058400002210CAA0023CDE90732039304930593A8
:105850000693CDE9091003210122CDE9011300923D
:10586000902100E052E01098F3F765FB0F900F983D
:1058700058B1109840690A90C5A00A9988471098B5
:1058800040680A908047012017E79DF831009DF895
:10589000301040EA01200B901098408BBDF82C107E
:1058A00088420BD0109840690A90C4A00A99884792
:1058B000109840680A9080470620FEE61098408BBA
:1058C0004EF61871884276DB002007900890099008
:1058D0000A90039004900590069000900190002398
:1058E0000122E92102901098F3F725FB0F900F9801
:1058F000002860D0109840690A90B6A00A9988479D
:10590000109840680A9080470120D6E6AB208DF8B9
:105910003400FF208DF835008DF836008DF8370003
:1059200001200BAB04220DA900901098F3F72EFB79
:105930000F900F9858B1109840690A907BA00A996F
:105940008847109840680A9080470120B5E6662095
:105950008DF834000020034601220DA90090109814
:10596000F3F714FB0F900F9858B1109840690A9004
:1059700077A00A998847109840680A9080470720C6
:105980009BE699208DF834000020034601220DA9E2
:1059900000901098F3F7FAFA0F900F9860B11098F2
:1059A00040690A9072A00A998847109840680A9046
:1059B0008047072081E658E01098C0680A900A20C6
:1059C0000A99884790208DF8340000208DF8350022
:1059D0008DF836008DF8370002200CAB04220DA99B
:1059E00000901098F3F7D2FA0F900F9858B11098D2
:1059F00040690A9066A00A998847109840680A9002
:105A00008047042059E69DF831009DF8301040EAA7
:105A100001200B901098408BBDF82C1088420BD0C1
:105A2000109840690A9065A00A99884710984068C4
:105A30000A908047062040E61098408B4EF6187179
:105A4000884212DBE9208DF8340000200346012251
:105A50000DA900901098F3F799FA0F900F9800286D
:105A600003D0109840690A90C6E070E27732357131
:105A700078783A207370695F717370695F696E69D5
:105A800074206973206E756C6C2E0A007732357144
:105A900078783A207370695F717370695F646569C3
:105AA0006E6974206973206E756C6C2E0A0000009C
:105AB0007732357178783A207370695F71737069E5
:105AC0005F77726974655F72656164206973206EC7
:105AD000756C6C2E0A0000007732357178783A20A8
:105AE00064656C61795F7573206973206E756C6C89
:105AF0002E0A00007732357178783A2064656C613F
:105B0000795F6D73206973206E756C6C2E0A0000CE
:105B10007732357178783A2073706920696E6974CC
:105B2000206661696C65642E0A0000007732357169
:105B300078783A2072656C6561736520706F77655F
:105B40007220646F776E206661696C65642E0A004E
:105B50007732357178783A20656E61626C652072B3
:105B600065736574206661696C65642E0A000000C7
:105B70007732357178783A20726573657420646580
:105B800076696365206661696C65642E0A000000B1
:105B90007732357178783A20676574206D616E755B
:105BA00066616374757265722064657669636520E9
:105BB0006964206661696C65642E0A00773235710C
:105BC00078783A20696420697320696E76616C691F
:105BD000642E0A007732357178783A20656E7465E4
:105BE0007220332062797465206D6F646520666170
:105BF000696C65642E0A0000D9A00A99884710983C
:105C000040680A908047082057E5109800680A907D
:105C100080470F900F9838B1109840690A90D9A02A
:105C20000A998847012048E501200BAA0023CDE905
:105C30000820182107930393CDE9043106930093BC
:105C400001930122AB2102930A901098F3F773F9A4
:105C50000F900F9860B1109840690A90AFF234101D
:105C60000A998847109840680A908047012024E5E7
:105C700000200790089009900A90039004900590E6
:105C80000690009001900023012266210290109856
:105C9000F3F751F90F900F9860B1109840690A908E
:105CA000AFF254100A998847109840680A908047CC
:105CB000072002E500200790089009900A900390C1
:105CC00004900590069000900190002301229921F4
:105CD00002901098F3F72FF90F900F9860B1109879
:105CE00040690A90AFF278100A9988471098406886
:105CF0000A9080470720E0E41098C0680A900A20C4
:105D00000A99884701200EAA0023CDE908200793AD
:105D10000393049305930693009301930122352185
:105D200002930A901098F3F706F90F900F9858B164
:105D3000109840690A909AA00A998847109840687C
:105D40000A9080470520B8E49DF8380000F0020072
:105D5000002840D10790089009900A900390049081
:105D6000059006900090019000230122502102909E
:105D70001098F3F7E0F80F900F9858B11098406919
:105D80000A908FA00A998847109840680A90804727
:105D9000052092E400200790089009900A90039053
:105DA000049005900690009001900023012231217B
:105DB00002901098F3F7BFF80F900F9858B1109811
:105DC00040690A9088A00A998847109840680A900C
:105DD0008047052071E400200790089009900A9000
:105DE00003900490059006900090019000230122FA
:105DF000382102901098F3F79EF80F900F9858B141
:105E0000109840690A9080A00A99884710984068C5
:105E10000A908047052050E41098C0680A900A2034
:105E20000A99884730208DF834009DF83410109876
:105E30004177082110988177042000210123CDE9C2
:105E40000731CDE909100DA803910491CDE90510A2
:105E500000910191002304220291C0211098F3F7D0
:105E60006AF80F900F9858B1109840690A906DA089
:105E70000A998847109840680A90804705201CE4DA
:105E8000042002210CAA0023CDE9073203930493D6
:105E900005930693CDE9091003210422CDE90113EE
:105EA000009290211098F3F746F80F900F9860B188
:105EB000109840690A90AFF228300A9988471098E4
:105EC00040680A908047012008E49DF831009DF861
:105ED000301040EA01200B901098408BBDF82C1038
:105EE00088420CD0109840690A90AFF230300A997D
:105EF0008847109840680A908047062004E410986C
:105F0000408B4EF61871884221DB002007900890E4
:105F100009900A90039004900590069000900190DB
:105F200000230422E92102901098F3F704F80F905F
:105F30000F9860B1109840690A90AFF268300A99E2
:105F40008847109840680A908047012006E40021A5
:105F500010980177012110980176002025E40000B7
:105F60007732357178783A20736574206164647291
:105F7000657373206D6F6465206661696C65642E5E
:105F80000A0000007732357178783A2071737069B1
:105F900020696E6974206661696C65642E0A000070
:105FA0007732357178783A20726561642073746154
:105FB0007475732032206661696C65642E0A000076
:105FC0007732357178783A20736574207372207750
:105FD0007269746520656E61626C65206661696CCA
:105FE00065642E0A000000007732357178783A2017
:105FF00077726974652073746174757320322066DA
:1060000061696C65642E0A007732357178783A20C0
:10601000656E7465722071737069206661696C6564
:10602000642E0A007732357178783A2073657420CF
:106030007265616420706172616D65746572732050
:106040006661696C65642E0A0000000070B58CB052
:1060500004460E4614B902200CB070BD207E012803
:1060600001D00320F8E7608B4EF61871884204DAFD
:1060700032A0616988470420EEE794F820000028E8
:1060800038D1E07F00B316B9E9200B9001E0B720CA
:106090000B9000200790089009900A9003900490BC
:1060A000059006900090019002909DF82C1000231E
:1060B00001222046F2F73FFF0546002D3AD02BA0E3
:1060C000616988470120C7E716B9E9200B9001E014
:1060D000B7200B900020034601220BA90090204618
:1060E000F2F754FF0546002D24D020A061698847AF
:1060F0000120B1E716B9E9200B9001E0B7200B9021
:1061000000200790089009900A9003900490059051
:1061100006900090019002909DF82C10002304221C
:106120002046F2F708FF054625B110A061698847AF
:10613000012091E7267700208EE700007732357145
:1061400078783A2063757272656E74207479706520
:106150002063616E277420757365207468697320ED
:1061600066756E6374696F6E2E0A00007732357142
:1061700078783A2073657420616464726573732063
:106180006D6F6465206661696C65642E0A000000AD
:1061900002460AB902207047D1770020FBE7024689
:1061A0000AB90220704782F820100020FAE7024660
:1061B0000AB90220704751830020FBE70020704796
:1061C00010B504462046ECF7ABFD10BD704700202B
:1061D00070472DE9F05F0D461E46DDE90EABDDF898
:1061E0003090DDF84880109F4DB946B9B9F1000FE5
:1061F00005D1BAF1000F02D11398012802D0012075
:10620000BDE8F09F0020FEF729F957B1B9B2584612
:10621000FEF740F9044624B10120FEF71FF90120E2
:10622000EEE7B8F1000F0BD01FFA88F11198FEF7D6
:1062300023F9044624B10120FEF710F90120DFE71D
:106240000120FEF70BF90020DAE710B504462078AC
:10625000F5F72EF910BD2DE9F04104460E4615461E
:106260001F4621688900491C4FF4407202EBC100AF
:10627000F1F758FC17280BD12078F6F781FE00289B
:1062800006DDAAB220783146FBF79EFFBDE8F0811B
:106290000020FBE72DE9F04104460E4615461F4657
:1062A00021688900491C4FF4407202EBC100F1F7EC
:1062B00039FC172806D1AAB220783146FCF7E0FA5B
:1062C000BDE8F0810020FBE72DE9FC4104460025F4
:1062D000E76B54B9164817A318A240F25A31009040
:1062E0001EA0FDF7EDFC00BFFEE713E001A920466C
:1062F000FDF724FE05462DB99DF8040000F00100CD
:1063000000B908E0A66B0FB9042504E006B1B04758
:106310007F1E00BFEAE700BF25B99DF8040000F02A
:10632000010010B113A0FDF7F5FC2846BDE8FC8183
:106330006A700108666C6173680000002825732983
:106340002068617320617373657274206661696C83
:1063500065642061742025732E0000002E2E5C429F
:1063600053505C736675645C7372635C73667564CA
:106370002E6300004572726F723A20466C6173683A
:106380002077616974206275737920686173206178
:106390006E206572726F722E000000002DE9F041D0
:1063A00006460D4614464FF0FF3700BF2046F1F772
:1063B000A9F800B106E021463046F4F745FE07464D
:1063C000A842F3D100BF3846BDE8F081F0B587B0F0
:1063D00005460E460127002431462846EBF704FA0D
:1063E0001FA0F1F79DFC39E0EBF76EFA28B1042805
:1063F00005D10CB90124002701E0002700BF00BF30
:10640000002F2BD10CB11AA000E01BA001461CA04C
:10641000F1F786FCEBF744FBF4B10DF10A00F6F757
:1064200083FD0DF11200F6F76FFD0DF10E00F6F78A
:1064300097FD0DF11600F6F757FD02208DF81A00B2
:10644000062201A94FF41060F1F7A6FB01A800F0A5
:1064500013FA012007B0F0BD0020FBE7C4E70000FD
:10646000444843502072756E6E696E670D0A0000D5
:1064700073756363657373006661696C0000000087
:1064800044484350202573210D0A00002DE9F047B0
:1064900004460F4616460025A8460EB9BDE8F0870B
:1064A000A100491C4FF4205202EBC10101F580709C
:1064B000F1F738FB8146A100491C4FF4205202EB52
:1064C000C100F1F72FFB09EB002085B22902A000E3
:1064D000C01C01EBC008324639464046F1F75CFB70
:1064E000A81985B22912A200521C4FF4205303EBC5
:1064F000C200F1F797FBE9B2A200521C4FF42053FF
:1065000003EBC20202F58070F1F78CFB00BFC5E718
:106510002DE9F04104460E460025A100491C4FF428
:10652000205202EBC10101F58070F1F7FBFA07463A
:10653000A100491C4FF4205202EBC100F1F7F2FA1E
:1065400007EB002085B2A81985B22912A200521CBF
:106550004FF4205303EBC200F1F764FBE9B2A20051
:10656000521C4FF4205303EBC20202F58070F1F786
:1065700059FBBDE8F0812DE9F04704460F46164669
:106580000025A8460EB9BDE8F087A100491C4FF4CC
:10659000105202EBC10101F58070F1F7C3FA814698
:1065A000A100491C4FF4105202EBC100F1F7BAFAF6
:1065B00009EB002085B22902A000801C01EBC00875
:1065C000324639464046F1F767FBA81985B22912D1
:1065D000A200521C4FF4105303EBC200F1F722FB50
:1065E000E9B2A200521C4FF4105303EBC20202F5B1
:1065F0008070F1F717FB00BFC5E7014608787047C8
:106600000170704770B50546ECB22E1204F0F0012F
:106610004FF4A850F1F706FB00240EE00120A04043
:10662000304040B1A100491C4FF4007202EBC100A0
:106630001F21F1F7F7FA601CC4B2082CEEDB70BD25
:1066400072B67047704762B67047704770477047C0
:1066500010B5012210210248ECF71EFD10BD00000C
:106660000008014070B50026002400254FF4A85012
:10667000F1F758FA00F0F0064FF4B850F1F752FA7B
:106680000446254606EB052085B2284670BD70B548
:106690000026002400254FF4B050F1F743FA0646D7
:1066A0004FF4C050F1F73EFA0446254606EB0520AC
:1066B00085B2284670BD000010B50446062221466A
:1066C0004FF41060F1F768FA042204F10E01900112
:1066D000F1F762FA042204F10A014FF4A060F1F725
:1066E0005BFA0422A11D4FF47060F1F755FA0748D8
:1066F0000078A07405484178E17481782175C178EB
:10670000617503480078A07510BD0000700000207E
:10671000740000202DE9F04105460E46002700F0E8
:10672000FEF8F5B100BF00240AE0285D384447B206
:10673000102F03DD4FF0FF30BDE8F081601C44B244
:10674000082CF2DB00240AE0295DA200521C4FF461
:10675000F85303EBC200F1F765FA601C44B2082C51
:10676000F2DBEEB10027002409E0305D384447B287
:10677000102F02DD4FF0FF30DEE7601C44B2082C22
:10678000F3DB00240AE0315DA200521C4FF4F05309
:1067900003EBC200F1F746FA601C44B2082CF2DBAE
:1067A0000020C9E71FB509A103C9CDE9020107A16E
:1067B00003C9CDE9000100F08BF800F027F8694625
:1067C00002A8FFF7A7FF00F0E3F81FBD02020202D4
:1067D0000202020270B505460E46002400BF04E026
:1067E00000F006F82855601C84B2B442F8DB70BD96
:1067F00008B500200090431E012269460248EDF7CB
:1068000057FE9DF8000008BD9008002010B5012239
:1068100002210B48ECF740FC3C20ECF781FA002207
:1068200002210748ECF738FC3C20ECF779FA01220A
:1068300002210348ECF730FC3C20ECF771FA10BD64
:10684000000C014010B5002210210248ECF724FC96
:1068500010BD00000008014070B50446E5B22612E4
:1068600029464FF4B050F1F7DDF931464FF4C050EE
:10687000F1F7D8F970BD000010B504460622214694
:106880004FF41060F1F708FA042204F10E019001B0
:10689000F1F702FA042204F10A014FF4A060F1F7C3
:1068A000FBF90422A11D4FF47060F1F7F5F9A07C0B
:1068B00005490870E07C4870207D8870607DC87054
:1068C000A07D0249087010BD7000002074000020F7
:1068D00010B508490848FBF78DFE08490848FBF742
:1068E0009DFE08490848FBF7ADFE08490848FBF73C
:1068F000C3FE10BD476601084166010851660108E4
:1069000045680108296A0108F16701080D6A010854
:10691000D56701087047002070477047704700B581
:1069200085B0062269464FF41060F1F735F904226C
:1069300004A99001F1F730F9042203A94FF4A060F3
:10694000F1F72AF9042202A94FF47060F1F724F953
:1069500080210020F1F766F90020F1F7E3F8062224
:1069600069464FF41060F1F797F9042204A99001E9
:10697000F1F792F9042203A94FF4A060F1F78CF922
:10698000042202A94FF47060F1F786F905B000BD4A
:1069900038B5002425E04FF47A70ECF7C1F94FF4D4
:1069A0006450F1F7BFF8042811D0601CC4B2052C64
:1069B00017DD4FF46450F1F7B5F805460AA3042239
:1069C00009A100900A48F1F7ABF900BFFEE74FF4C8
:1069D0006450F1F7A7F80546294606A0F1F7A0F99B
:1069E00000E0D8E700BF38BD573535303000000033
:1069F0007878010877353530302076657273696FA5
:106A00006E206973203A25640000000070B50546C9
:106A10000E46002400BF04E0285D00F005F8601C6D
:106A200084B2B442F8DB70BD01B54FF0FF330122F0
:106A300069460248EDF7FDFD08BD00009008002002
:106A400070B5044600254FF43850F1F76BF8054651
:106A5000C5F38010207005F03800202802D03828B7
:106A600003D100BF0120607002E00020607000BF11
:106A700000BF05F03800102805D0182802D02028C3
:106A800004D100BF00BF0120A07002E00020A07070
:106A900000BF00BF05F03800082805D0182802D034
:106AA000202804D100BF00BF0120E07002E00020D8
:106AB000E07000BF00BF70BD10B500244FF4385027
:106AC000F1F730F800F0010000B10124204610BDBC
:106AD00010B500244FF43850F1F724F800F03800D6
:106AE000302801D1012400E00024204610BD10B55B
:106AF0004FF43850F1F716F8044624F0800421468C
:106B00004FF43850F1F78EF84FF43850F1F70AF897
:106B1000044644F0800421464FF43850F1F782F8DF
:106B200010BD70B5054600242878012802D144F034
:106B3000400401E024F040046878012802D144F0C8
:106B4000380412E0E878012808D1A878012802D199
:106B500044F0180409E044F0080406E0A87801288D
:106B600002D144F0100400E000BF21464FF4385039
:106B7000F1F758F8FFF7BBFF70BD70B5054600246C
:106B80004FF43850F0F7CEFF044604F0400010B93F
:106B90004FF0FF3070BD24F03804012D02D144F0D5
:106BA000300401E044F0380421464FF43850F1F746
:106BB00039F8FFF79CFF4FF43850F0F7B3FF044665
:106BC000012D04D104F0300030B10020E2E704F0E0
:106BD000380008B10020DDE74FF0FF30DAE70000B1
:106BE00070B504460D4616461248006830B9124A80
:106BF00012A115A0F1F794F800BFFEE70D48006858
:106C000090F8340030B90C4A17A10FA0F1F788F8BA
:106C100000BFFEE71948806901192B463246054836
:106C20000068FDF763FA10B14FF0FF3070BD3046D9
:106C3000FCE700008C050020DA75010873667564B6
:106C40005F64657600000000282573292068617361
:106C500020617373657274206661696C656420617C
:106C6000742025732E0A0000736675645F64657670
:106C70002D3E696E69745F6F6B0000009005002007
:106C800070B504460E463046E9F7D2FA0546294665
:106C9000204600F00FF82A4631462068E9F77CFAD2
:106CA00020682844206070BD026811700268521C80
:106CB0000260704710B50A46CB1701EB13631B0A3D
:106CC000046823700268521C02600A46CB1701EB6D
:106CD00013631B12A1EB0323046823700268521C88
:106CE000026010BD1FB50446029800280DDD204645
:106CF0000299FFF7DFFFDDE902212068E9F74CFA8E
:106D000020680299084420600AE0019820B12046DA
:106D10000199FFF7B5FF03E000212046FFF7CAFF06
:106D20001FBD2DE9FC4107460C46154600260020F4
:106D3000012106232A46CDE9001021463846F1F705
:106D40002BFC064616B13046BDE8FC81002014231A
:106D50002A1D211D00903846F1F71BF906463046E2
:106D6000F2E702030405060708090A0B0C0D0E0FD3
:106D70001010010202030405060708090A0B0C0D96
:106D80000E0F1010010200000000000000000102C0
:106D900003040607080900000000010203040000C4
:106DA0004D515443000000000400000000000000AA
:106DB00000000000000000003C0001004D5154574D
:106DC00000000000000000000000000000000000C3
:106DD00000000000000000000000000000000000B3
:106DE00000000000000000000000000000000000A3
:106DF0000000000000000000800000000000000013
:106E00000000000000000000000000000000000082
:106E10000000000000000000000000000000000072
:106E20000000000000000000000000000000000062
:106E30000000000000000000F47B010801000000D9
:106E4000FC7B010804000000947B01081C0000008A
:106E5000CC7B01081F000000E47B0108200000003B
:106E60006C7B010837000000EC7B01086200000029
:106E7000D47B010889000000987B01088C00000089
:106E8000DC7B0108A1000000C47B0108AD0000000C
:106E9000A07B0108BF000000B87B0108C80000000B
:106EA000807B0108D5000000B07B0108EF000000E6
:106EB000747B01081F260000000020000A0000006B
:106EC0000002000081000000A47B0108EF401300D5
:106ED0000000080001000000001000002000000079
:106EE000607B0108BF254100000020000600000073
:106EF00000100000200000001C7B0108202016006C
:106F0000000040000100000000000100D800000067
:106F10003C7B01081C30160000004000010000000E
:106F20000010000020000000487B0108C840170046
:106F300000008000010000000010000020000000A0
:106F4000887B0108014015000000200001000000BE
:106F50000010000020000000147B010837301400EE
:106F600000001000010000000010000020000000E0
:106F70002C7B01088C201300000008000600000094
:106F80000010000020000000547B0108BF254100D4
:106F9000000020000600000000100000200000009B
:106FA000347B01085221180000000001010000009C
:106FB0000010000020000000686172647761726553
:106FC0005F696E697400736F6674776172655F697B
:106FD0006E697400736675645F72656164007366E0
:106FE00075645F636869705F65726173650073667D
:106FF00075645F657261736500706167653235360F
:107000005F6F725F315F627974655F777269746513
:10701000006161695F777269746500726573657498
:1070200000726561645F6A656465635F69640073CB
:1070300065745F77726974655F656E61626C6564C3
:10704000007365745F345F627974655F6164647254
:107050006573735F6D6F646500736675645F7265F9
:1070600061645F73746174757300776169745F62E2
:10707000757379006D616B655F6164726573735FD1
:10708000627974655F617272617900736675645FBD
:1070900077726974655F7374617475730073667574
:1070A000645F726561645F736664700072656164D9
:1070B0005F736664705F68656164657200726561C4
:1070C000645F62617369635F6865616465720072C1
:1070D0006561645F62617369635F7461626C6500BE
:1070E000726561645F736664705F6461746100738C
:1070F0006675645F736664705F6765745F737569F6
:107100007461626C655F657261736572005F66646D
:10711000625F696E69745F6578005F6664625F6470
:1071200065696E6974000000726561645F73656310
:10713000746F725F696E666F00666F726D61745F07
:10714000736563746F7200000000000000000000AF
:10715000000000000000000000000000FFFFFFFF33
:107160006664625F6B7664625F636F6E74726F6C8D
:10717000006664625F6B7664625F696E69740000CA
:1071800000000000963007772C610EEEBA51099985
:1071900019C46D078FF46A7035A563E9A395649EE1
:1071A0003288DB0EA4B8DC791EE9D5E088D9D29705
:1071B0002B4CB609BD7CB17E072DB8E7911DBF9061
:1071C0006410B71DF220B06A4871B9F3DE41BE8485
:1071D0007DD4DA1AEBE4DD6D51B5D4F4C785D383E1
:1071E00056986C13C0A86B647AF962FDECC9658A85
:1071F0004F5C0114D96C0663633D0FFAF50D088DE1
:10720000C8206E3B5E10694CE44160D5727167A284
:10721000D1E4033C47D4044BFD850DD26BB50AA5E0
:10722000FAA8B5356C98B242D6C9BBDB40F9BCAC04
:10723000E36CD832755CDF45CF0DD6DC593DD1AB60
:10724000AC30D9263A00DE518051D7C81661D0BF84
:10725000B5F4B42123C4B3569995BACF0FA5BDB8E0
:107260009EB802280888055FB2D90CC624E90BB184
:10727000877C6F2F114C6858AB1D61C13D2D66B6E0
:107280009041DC760671DB01BC20D2982A10D5EF44
:107290008985B1711FB5B606A5E4BF9F33D4B8E8A0
:1072A000A2C9077834F9000F8EA8099618980EE144
:1072B000BB0D6A7F2D3D6D08976C6491015C63E6A0
:1072C000F4516B6B62616C1CD83065854E0062F2C4
:1072D000ED95066C7BA5011BC1F4088257C40FF520
:1072E000C6D9B06550E9B712EAB8BE8B7C88B9FC44
:1072F000DF1DDD62492DDA15F37CD38C654CD4FBA0
:107300005861B24DCE51B53A7400BCA3E230BBD443
:1073100041A5DF4AD795D83D6DC4D1A4FBF4D6D39F
:107320006AE96943FCD96E34468867ADD0B860DA43
:10733000732D0444E51D03335F4C0AAAC97C0DDD9F
:107340003C710550AA41022710100BBE86200CC9C3
:1073500025B56857B3856F2009D466B99FE461CE1F
:107360000EF9DE5E98C9D9292298D0B0B4A8D7C743
:10737000173DB359810DB42E3B5CBDB7AD6CBAC09F
:107380002083B8EDB6B3BF9A0CE2B6039AD2B174BB
:107390003947D5EAAF77D29D1526DB048316DC7317
:1073A000120B63E3843B64943E6A6D0DA85A6A7ABB
:1073B0000BCF0EE49DFF099327AE000AB19E077D17
:1073C00044930FF0D2A3088768F2011EFEC206693B
:1073D0005D5762F7CB67658071366C19E7066B6E97
:1073E000761BD4FEE02BD3895A7ADA10CC4ADD67BB
:1073F0006FDFB9F9F9EFBE8E43BEB717D58EB06017
:10740000E8A3D6D67E93D1A1C4C2D83852F2DF4FBA
:10741000F167BBD16757BCA6DD06B53F4B36B24816
:10742000DA2B0DD84C1B0AAFF64A0336607A0441BA
:10743000C3EF60DF55DF67A8EF8E6E3179BE694616
:107440008CB361CB1A8366BCA0D26F2536E268523A
:1074500095770CCC03470BBBB91602222F26055596
:10746000BE3BBAC5280BBDB2925AB42B046AB35CBA
:10747000A7FFD7C231CFD0B58B9ED92C1DAEDE5B16
:10748000B0C2649B26F263EC9CA36A750A936D02FA
:10749000A906099C3F360EEB856707721357000556
:1074A000824ABF95147AB8E2AE2BB17B381BB60C7A
:1074B0009B8ED2920DBED5E5B7EFDC7C21DFDB0BD6
:1074C000D4D2D38642E2D4F1F8B3DD686E83DA1FFA
:1074D000CD16BE815B26B9F6E177B06F7747B71856
:1074E000E65A0888706A0FFFCA3B06665C0B0111FA
:1074F000FF9E658F69AE62F8D3FF6B6145CF6C1656
:1075000078E20AA0EED20DD75483044EC2B30339F9
:10751000612667A7F71660D04D476949DB776E3E55
:107520004A6AD1AEDC5AD6D9660BDF40F03BD83779
:1075300053AEBCA9C59EBBDE7FCFB247E9FFB530D5
:107540001CF2BDBD8AC2BACA3093B353A6A3B424F9
:107550000536D0BA9306D7CD2957DE54BF67D92355
:107560002E7A66B3B84A61C4021B685D942B6F2AF9
:1075700037BE0BB4A18E0CC31BDF055A8DEF022D55
:107580005F6664625F77726974655F737461747556
:1075900073005F6664625F726561645F73746174D7
:1075A00075730066616C5F696E69740090050020F8
:1075B00066616C5F666C6173685F696E69740066B2
:1075C000616C5F666C6173685F6465766963655F53
:1075D00066696E6400726561640077726974650043
:1075E0006572617365000000303150456664625F0A
:1075F0006B766462310000000000000000000000B3
:10760000000000006E6F72666C61736830000000ED
:10761000000000000000000000000000000000006A
:107620000000040000000000303150456664625FD5
:10763000747364623100000000000000000000006C
:10764000000000006E6F72666C61736830000000AD
:107650000000000000000000000000000000040026
:10766000000004000000000030315045646F776E68
:107670006C6F61640000000000000000000000006A
:10768000000000006E6F72666C617368300000006D
:1076900000000000000000000000000000000800E2
:1076A0000000200000000000636865636B5F616E8E
:1076B000645F7570646174655F706172745F63614B
:1076C0006368650066616C5F706172746974696F8C
:1076D0006E5F66696E6400666C6173685F64657690
:1076E0006963655F66696E645F62795F7061727419
:1076F0000066616C5F6765745F706172746974695C
:107700006F6E5F7461626C650066616C5F73657457
:107710005F706172746974696F6E5F7461626C65C9
:107720005F74656D700066616C5F7061727469741E
:10773000696F6E5F726561640066616C5F70617233
:10774000746974696F6E5F77726974650066616CE5
:107750005F706172746974696F6E5F657261736581
:1077600000DDDDDDDDDCBBBBDDDDDDDDDDDDDDDD6B
:10777000DD98888888888888887777777777888879
:107780008885555556666666666666666666688866
:107790008883333332222222222222222222288864
:1077A0008D0000003D3D3D3D3D3D3D3D3D3D3D3D70
:1077B0003D3D3D3D3D3D3D3D3D3D3D3D3D3D3D3DF9
:1077C0003D3D3D3D3D3D3D3D3D3D3D3D3D3D3D3DE9
:1077D0003D3D3D3D3D3D3D3D3D3D3D3D3D3D3D3DD9
:1077E0003D3D3D3D3D3D3D3D3D3D3D3D3D3D3D3DC9
:1077F0003D3D3D3D3D3D3D3D3D3D3D3D3D3D3D3DB9
:107800003D3D3D3D3D3D3D3D0D0A0D0A0000000062
:107810003D3D3D3D3D3D3D3D3D3D3D3D3D3D3D3D98
:107820003D3D3D3D3D3D3D3D3D3D3D3D3D3D3D3D88
:107830003D3D3D3D3D3D3D3D3D3D3D3D3D3D3D3D78
:107840003D3D3D3D3D3D3D3D3D3D3D3D3D3D3D3D68
:107850003D3D3D3D3D3D3D3D3D3D3D3D3D3D3D3D58
:107860003D3D3D3D3D3D3D3D3D3D3D3D3D3D3D3D48
:107870003D3D3D3D0D0A00006572726F722C202562
:10788000732076657273696F6E2069732030782576
:107890003032782C20627574207265616420257303
:1078A0002076657273696F6E2076616C7565203D18
:1078B000203078253032780D0A0000005B205544D6
:1078C00050205D5B25733A25645D207265636569B0
:1078D0007665206E65772074637020636C69656ED1
:1078E0007420697020696E666F202C2069703A25BB
:1078F000643A25643A25643A2564202C20706F721E
:107900007425640D0A0A00005B204D5154542D4328
:107910006C69656E74205D5B25733A25645D204D4E
:10792000515454436F6E6E656374207265743D25C7
:10793000642028303D6163636570742C20313D62A2
:1079400061645F7665722C20323D69645F72656A9E
:1079500065637465642C20333D7376725F756E6168
:107960007661696C2C20343D6261645F7573657269
:107970002F7077642C20353D6E6F745F617574686D
:10798000290A00005B204D5154542D436C69656EEB
:1079900074205D5B25733A25645D20436F6E6E65D0
:1079A0006374205375636365737320646573742017
:1079B00069703A25642E25642E25642E25642C20BA
:1079C000706F72743A25640A000000000A0000001B
:1079D000324974733577713861330000766572739C
:1079E000696F6E3D323031382D31302D3331267292
:1079F00065733D70726F64756374732532463249E6
:107A000074733577713861332532466465766963FE
:107A100065732532466C6F745F64657669636526AD
:107A200065743D31393838333535313139266D6536
:107A300074686F643D6D6435267369676E3D7A794D
:107A400041546E315546663766764A45456A6F72CF
:107A50004137577725334425334400006C6F745FFA
:107A60006465766963650000494F3100494F320013
:107A7000596F752063616E20676574207468652096
:107A80006C61746573742076657273696F6E206FB4
:107A90006E2068747470733A2F2F6769746875620A
:107AA0002E636F6D2F61726D696E6B2F5346554457
:107AB000202E000054686520666C61736820646540
:107AC00076696365206D616E756661637475726554
:107AD00072204944206973203078253032582C2098
:107AE0006D656D6F727920747970652049442069E5
:107AF00073203078253032582C20636170616369BF
:107B00007479204944206973203078253032582E0A
:107B1000000000004132354C303830004D323550D5
:107B20003332000053504932000000004632354CD9
:107B3000303034005732355131323800454E32350D
:107B4000513332420000000047443235513634424E
:107B50000000000050435432355646303136420062
:107B6000535354323556463031364200414D494325
:107B700000000000415434354442313631450000A4
:107B80004953534900000000533235464C323136D8
:107B90004B000000454F4E0045534D54000000007F
:107BA00053535400573235513430425600000000D0
:107BB00057696E626F6E64004769676144657669F4
:107BC000636500004879756E6461690041746D6594
:107BD0006C000000496E74656C00000046756461BD
:107BE0006E0000004D6963726F6E000053616E7924
:107BF0006F000000437970726573730046756A699F
:107C0000747375004572726F723A20436865636BD6
:107C10002053464450207369676E61747572652005
:107C20006572726F722E2049742773206D7573749C
:107C30002062652035303434343635336828275394
:107C400027202746272027442720275027292E0092
:107C50005761726E696E673A2052656164205346BF
:107C6000445020706172616D657465722068656151
:107C700064657220696E666F726D6174696F6E20E3
:107C80006661696C65642E205468652025732069DF
:107C900073206E6F7420737570706F7274204A4514
:107CA00044454320534644502E00000034204B42AC
:107CB00020457261736520697320737570706F72EF
:107CC000746564207468726F7567686F757420746A
:107CD0006865206465766963652E20436F6D6D610C
:107CE0006E64206973203078253032582E000000F1
:107CF000436865636B204A4544454320626173696C
:107D00006320666C61736820706172616D65746573
:107D10007220686561646572206973204F4B2E2064
:107D2000546865207461626C652069642069732001
:107D300025642C20726576657273696F6E20697395
:107D4000205625642E25642C206C656E677468208F
:107D500069732025642C20706172616D6574657291
:107D6000207461626C6520706F696E746572206941
:107D700073203078253036582E0000004572726F1F
:107D8000723A2054686520666C6173682063617084
:107D90006163697479206973206772617465722008
:107DA0007468616E2033322047622F2034204742AE
:107DB00021204E6F7420537570706F727465642E3D
:107DC000000000004572726F723A20546869732097
:107DD000726576657273696F6E285625642E256408
:107DE00029204A4544454320626173696320666CDB
:107DF00061736820706172616D6574657220686579
:107E000061646572206973206E6F74207375707081
:107E10006F727465642E0000426C6F636B20507249
:107E20006F74656374206269747320696E20646581
:107E30007669636527732073746174757320726546
:107E40006769737465722061726520736F6C656C0D
:107E50007920766F6C6174696C652E00466C617375
:107E600068206465766963652072657175697265FD
:107E70007320696E737472756374696F6E20353028
:107E80006820617320746865207772697465206565
:107E90006E61626C65207072696F7220746F207001
:107EA0006572666F726D696E67206120766F6C61B6
:107EB00074696C6520777269746520746F207468CA
:107EC0006520737461747573207265676973746576
:107ED000722E0000466C6173682064657669636584
:107EE00020726571756972657320696E737472753D
:107EF0006374696F6E203036682061732074686522
:107F000020777269746520656E61626C652070729D
:107F1000696F7220746F20706572666F726D696E22
:107F200067206120766F6C6174696C652077726977
:107F3000746520746F207468652073746174757340
:107F40002072656769737465722E00004572726FE6
:107F5000723A20546865204A454445432062617363
:107F6000696320666C61736820706172616D65740D
:107F70006572207461626C65206C656E6774682040
:107F8000286E6F7720697320256429206572726FCF
:107F9000722E00004572726F723A206462204D5555
:107FA000535420686173206D6F7265207468616E30
:107FB000206F7220657175616C2032207365637467
:107FC0006F72732C2063757272656E7420686173B2
:107FD00020257520736563746F722873290A000069
:107FE000596F752063616E20676574207468652021
:107FF0006C61746573742076657273696F6E206F3F
:108000006E2068747470733A2F2F67697468756294
:108010002E636F6D2F61726D696E6B2F466C61738D
:10802000684442202E0A0000536563746F72206812
:10803000656164657220696E666F20697320696E80
:10804000636F72726563742E204175746F20666F62
:10805000726D6174207468697320736563746F72E4
:108060002028307825303858292E0A00466F756E42
:108070006420616E204B562028252E2A73292077F4
:108080006869636820686173206368616E6765640E
:108090002076616C7565206661696C65642E204E82
:1080A0006F772077696C6C207265636F7665727983
:1080B0002069742E0A000000416C6C6F6320616EB1
:1080C000204B56202873697A652025752920666122
:1080D000696C6564207768656E206E6577204B5605
:1080E0002E204E6F772077696C6C20474320746890
:1080F000656E2072657472792E0A00005761726E87
:10810000696E673A204D6F76656420616E204B562C
:10811000202873697A6520257529206661696C6558
:1081200064207768656E207265636F766572792E5C
:10813000204E6F772077696C6C2047432074686508
:108140006E2072657472792E0A000000284644423F
:108150005F47435F454D5054595F5345435F544813
:10816000524553484F4C44203E203020262620467E
:1081700044425F47435F454D5054595F5345435F09
:108180005448524553484F4C44203C205345435497
:108190004F525F4E554D2900466C617368206465EF
:1081A00076696365207C20252A2E2A73207C206135
:1081B0006464723A2030782530386C78207C206CEA
:1081C000656E3A20307825303878207C20626C6BE0
:1081D0005F73697A653A20307825303878207C6979
:1081E0006E697469616C697A65642066696E697329
:1081F000682E0000496E697469616C697A65206651
:1082000061696C65642120506172746974696F6E74
:1082100028257329206F6666736574206164647213
:1082200065737328256C6429206F7574206F662030
:10823000666C61736820626F756E64283C256429E2
:108240002E000000506172746974696F6E2077723D
:10825000697465206572726F72212020446F6E27E9
:108260007420666F756E6420666C61736820646547
:108270007669636528257329206F662074686520F8
:10828000706172746974696F6E282573292E0000FD
:10829000506172746974696F6E20726561642065E3
:1082A00072726F722120446F6E277420666F756E34
:1082B0006420666C6173682064657669636528254F
:1082C0007329206F66207468652070617274697408
:1082D000696F6E282573292E0000000050617274AA
:1082E0006974696F6E206572617365206572726F63
:1082F000722120446F6E277420666F756E6420664D
:108300006C6173682064657669636528257329202C
:108310006F662074686520706172746974696F6E2D
:10832000282573292E000000488301080000002042
:10833000E4050000A81500088C850108E40500206C
:108340008C4A0000B47E0008C13210420163127AE8
:10835000100D08DC122212C0A83C1EFFFFFF1908F6
:108360001B0108012202E2C05008010257353530D6
:10837000301E456601084B041A4F041A4D041EFBBB
:1083800065010801080130197242FFB20AA7574976
:108390005A6E657413F1B1140849B21B0825041212
:1083A0000ABB901F94393C47C0A8010A290905104F
:1083B00050C304270013326D717474732E686563A3
:1083C0006C6F7564732E636F6D1C5B077201214BBC
:1083D0005C7AE44BCC79081AD0085ADC0C454D5134
:1083E0005443F2041A3CA6191C025057051C686538
:1083F0006C70080E1173686F7720616C6C206D7360
:1084000068202D13ADEC00081A087265626F6F7456
:1084100049200008132073797374656D1365F10D9D
:1084200019087465734221280970726F636573734C
:108430002028F62064656D6F1311F3000D15086395
:108440006C65616E5F666C61736839200809112084
:1084500065787465726E20271329EB061C0866691F
:108460006E64292000081520706172616D731A8D89
:10847000440009186970636F6E666967080E1173AE
:10848000686F77206E6574776F726B202B1319EE0F
:108490001F087365745F64EC0C145F6970442C658D
:1084A000742020C80B204950206164647265739069
:1084B00013B9F1000C1608626F6172645F696E6631
:1084C0006F1A674439242A20240910D613E5E75689
:1084D00008687A010814100140A2023201AA6C1C3B
:1084E0002911991C014413557E1408F97D4C085D2F
:1084F0002168620F1B40030E259A99193EAB803FFD
:108500007413C8041B20D4041AE0041AF4041112D2
:108510000514203C371B20A8041ABC042AEC143193
:1085200013059F1B08210413E99E140849A91B0881
:1085300065041A3D0413B5E41B08D9041A2D0481FF
:1085400013795E1B0889041A6D041BC5AA2019043F
:108550001AB9045B347BFC01170A1D242001351471
:108560000C0140A210000A156E6F72666C61736890
:10857000302280192C1385D5100C0881100108E1D8
:0C8580006B010841BA031F080100000055
:0400000508000131BD
:00000001FF
