:020000040801F1
:100000006080002049010108B5700108755B010896
:10001000A1700108AD17010855810108000000001A
:10002000000000000000000000000000B37601089E
:10003000451C010800000000F7700108497701081D
:1000400063010108630101086301010863010108FC
:1000500063010108630101086301010863010108EC
:1000600063010108630101086301010863010108DC
:1000700063010108E11A010863010108F11A01088E
:10008000011B010863010108630101086301010804
:100090004581010863010108B117010863010108E6
:1000A000630101086301010863010108630101089C
:1000B00063010108E9770108630101086301010890
:1000C000630101086301010863010108630101087C
:1000D00063010108F58001081581010825810108E7
:1000E000630101086301010863010108630101085C
:1000F000630101086301010863010108630101084C
:10010000630101086301010863010108630101083B
:10011000630101086301010863010108630101082B
:10012000630101086301010863010108630101081B
:10013000DFF810D001F076F800480047F9FA01081E
:10014000AFF30080608000200648804706480047E3
:10015000FEE7FEE7FEE7FEE7FEE7FEE7FEE7FEE777
:10016000FEE7FEE7D9770108310101082DE9F05FCC
:100170000546002092469B46884606468146402416
:100180001BE0284641464746224600F020F85346E9
:100190005A46C01A914110D311461846224600F023
:1001A00067FE2D1A67EB01084F4622460120002109
:1001B00000F05EFE17EB00094E41201EA4F1010481
:1001C000DFDC484631462A464346BDE8F09F202AF8
:1001D00004DB203A21FA02F00021704721FA02F3F1
:1001E000D040C2F120029140084319467047A0F167
:1001F0004101192900D82030704740EA01039B07CC
:1002000003D009E008C9121F08C0042AFAD203E08B
:1002100011F8013B00F8013B521EF9D27047D2B2EF
:1002200001E000F8012B491EFBD270470022F6E7DF
:1002300010B513460A4604461946FFF7F0FF20465C
:1002400010BD30B505462A460B4612F8010B13F8CF
:10025000014B08B1A042F8D01CB1002802D06D1C9F
:10026000F1E7284630BD10B5044604E00B7800F8ED
:10027000013B03B1491C521EF8D2204610BDCAB240
:10028000401E10F8011F8A4202D00029F9D1002037
:100290007047421C10F8011B0029FBD1801A7047DF
:1002A00010B5002200E0521C835C8C5CA34201D19B
:1002B000002BF8D1D8B2E1B2401A10BD30B50446D7
:1002C0000020034600E05B1C934203D2E05CCD5C5F
:1002D000401BF8D030BD034611F8012B00F8012B6C
:1002E000002AF9D11846704730B50546002003466C
:1002F00000E05B1C934205D2EC5CC85C201A01D183
:10030000002CF6D130BD30B503461D783DB10A460C
:1003100012F8014B1CB1AC42FAD15B1CF5E7181A7C
:1003200030BD00000FB400B58DB010A909900B903E
:1003300000914FF0FF300A9000200C900548069085
:10034000054807906A4609A80F9900F0C7FD0DB04F
:100350005DF814FBF90E0108170F01082DE9FF5F86
:100360001D464FF0FF3BD5E9014691465F464FF0F1
:100370000008A9697F1C01988847296A8246884736
:100380000028F6D1BAF1FF3F0CD024F4C064002E4F
:1003900019DD600614D5BAF12B0F09D0BAF12D0F73
:1003A0000ED103E0584604B0BDE8F09F44F48064E9
:1003B000A9697F1C01988847761E8246002E02DDBF
:1003C000BAF1300F03D0B9F1000F26D032E0A9699D
:1003D000761E44F400747F1C019888478246002EE4
:1003E00005DDBAF1780F06D0BAF1580F03D0B9F194
:1003F000000F10D01EE0B9F1000F02D0B9F1100FBC
:1004000018D1A969761E24F400747F1C01988847CE
:100410008246102002E0082000E00A20814609E020
:1004200008FB0908A969761E44F400747F1C019832
:1004300088478246002E05DD4946504600F039FDCA
:100440000028EDDAE96901988847A00502D46FF029
:100450000100A8E7E00725D1600613D5600502D5A5
:10046000C8F1000000E0404629680A1D2A600968BA
:10047000220501D5087015E0220701D5088011E09A
:1004800008600FE02868011D29600068210502D579
:1004900080F8008006E0210702D5A0F8008001E086
:1004A000C0F8008038467EE72DE9FF5FD2E901A75A
:1004B0004FF00008916999461446DDF838B0464679
:1004C00001988847054659EA0B0005D009E0A16963
:1004D000761C019888470546216A284688470028E7
:1004E000F5D1681C03D05FEACA7005D015E04FF063
:1004F000FF3004B0BDE8F09F2068011D2160D0F8F6
:1005000000800AE05FEACA7001D108F8015BA169C6
:10051000761C7F1E019888470546002F1ADD681C4F
:1005200018D0B9F1000F0DD0E81705EBD0604211DB
:1005300020F01F0059F822102A1A01209040014291
:10054000E0D107E0BBF1000FDCD1216A28468847E3
:100550000028D7D0E16901988847BBF1000F07D187
:10056000002E05DD5FEACA7002D1002188F8001074
:10057000A068B84203DDBBF1000F03D017B16FF0E4
:100580000100B6E73046B4E72DE9FF4F087883B0A5
:100590009946FF2805D0491C2D2804D000240020AE
:1005A00008E000200BE00124F9E700EB800003EBFA
:1005B0004000491C0B78FF2BF7D104B140420023C7
:1005C0000293147819461D462D2C01D02B2C04D1F2
:1005D000521C2D2C13D000240294AA461478FF2C10
:1005E0000FD00A25A3FB057801FB05814FF0000C15
:1005F00003FB0C11521CE3194AEB0101EEE7012445
:10060000EAE7814453EA010002D019F5C87F06DA0F
:1006100003980021C0E9001107B0BDE8F08F002564
:10062000AE4E2F46DFF8B882184600F0D6FDCDE971
:100630000001B9F1000002DAC9F1000400E004464B
:100640000023A74A1AEB030B42EB045A12E0E0071F
:1006500007D02A4633463846414600F0B4FA0746EA
:1006600088462A4633461046194600F0ACFA05463D
:100670000E466410002CEAD1DDE90001B9F1000F4B
:100680005A46534606DA00F039FD3A46434600F032
:1006900035FD05E000F097FA3A46434600F093FA3C
:1006A000029A0AB181F00041039AC2E90001B3E75E
:1006B0002DE9FF4F1F468DB0D7E901464FF0FF38B7
:1006C0002E2045464FF000090B90B9696D1C0E981D
:1006D0008847396A824688470028F6D1BAF1FF3F39
:1006E0000AD024F4D064002E11DDBAF12B0F08D00B
:1006F000BAF12D0F0BD102E0404611B08DE744F462
:100700008064B9696D1C0E9888478246761E6946DA
:10071000600501D52D2000E02B208DF8000001F1AF
:10072000010B0DF1200809E0B9696D1C0E9888478E
:1007300082460F9844F40074761E0560002E02DD98
:10074000BAF1300FF0D00B998A453ED144F08004C5
:1007500006E00F99681CA9F1010944F400740860CF
:10076000B9696D1C761E0E98884782463028F0D0F5
:100770002BE00B998A4505D1200603D444F0800470
:10078000761E18E0504608F06FFB08B30DF1130118
:10079000761E44F400748B4508D2AAF130000BF8A1
:1007A000010B200607D5A9F1010003E0200602D4C1
:1007B00009F101008146A00502D50F99681C086067
:1007C000B9696D1C0E9888478246002ED1DC53E033
:1007D000002E51DDBAF1650F02D0BAF1450F4BD1B1
:1007E000A00549D5B9696D1C24F44074761E0E9895
:1007F00088478246002E0CDD2B2804D0BAF12D0F3D
:1008000007D144F48074B9696D1C0E9888478246FC
:10081000761EE00501D52D2100E02B2108F8011BF3
:10082000CDF82C8021E00DF12901761E44F40074EE
:1008300088450CD2AAF1300010F0FF0088F80000C3
:1008400002D10B99884509D908F1010806E0E005B5
:1008500001D5244801E042F20F708146B9696D1C50
:100860000E98884782460F980560002E04DD50469A
:1008700008F0FAFA0028D6D1F9690E988847FF20C7
:100880008BF8000088F800000020069007904B4687
:100890006A4608A906A8FFF777FEA00502D46FF004
:1008A00001002AE714F0240F0AD0E00714D1DDE993
:1008B00006123868031D3B600068C0E900120BE0B7
:1008C000DDE9060100F098FA0146E00704D1386836
:1008D000021D3A600068016028460EE700001440DF
:1008E0000000F03FF1D8FFFFF0B480EA0102D40F1E
:1008F0004200B2EB410F02D20246084611464A00BE
:1009000042D0C30DDDB2C1F3C752AD1A202D35DA86
:10091000C1F3160141F4000204B15242C5F12006B0
:1009200002FA06F12A411044B3EBD05F23D0C4B1E0
:10093000012DA0EBC35009DCF0BC4FF0004202EAED
:10094000C352DBB200F5000000F04DBB400000F1E7
:10095000807000EBC350A0F1807040EAD170490074
:1009600009E0490841EAC071A0EBC35000F500005E
:10097000400800EBC350F0BC00F02CBB61420122E8
:1009800002EB4101001BF6E7F0BC704781F000412B
:10099000AAE780F00040A7E780EA010210B502F064
:1009A0000043400022D04A001FD0010E01EB12612B
:1009B000C0F35600C2F3560240F4000042F40002B5
:1009C000A0FB022000047F39140400D0401C50EA30
:1009D000124001D44000491EC2B20C0604EBD010F4
:1009E000401C4008802A02D003E0002010BD20F007
:1009F0000100002900DA0020184310BD30B480EA5D
:100A0000010202F0004530F0004221F0004013D016
:100A100090B1C30DD40DC2F31601C0F31600E41A51
:100A200041F4000140F400027D34914201D3641C82
:100A300000E04900002C02DA30BC002070474FF47F
:100A400000000023914201D3891A034340084FEA72
:100A50004101F7D151B1914202D14FF0004105E07F
:100A600002D24FF0010101E06FF0010103EBC4502D
:100A7000284430BC00F0AEBA2DE9FE4F804681EA32
:100A80000300C00F0C46009021F0004123F0004508
:100A9000B8EB0200A94105D24046214690461C46CB
:100AA0000B46024623F00040104347D0270DC7F302
:100AB0000A00C3F30A510290401A019040286BDAF1
:100AC000C3F3130040F4801B0098924620B100232A
:100AD000D2EB030A63EB0B0B01985946C0F14002BD
:100AE000504600F0C5F906460D4650465946019A53
:100AF00000F0CDF910EB08006141002487EA1152A3
:100B000084EAE7731A4340D0009A62B3019A012A3B
:100B10004FEA075215DC001B61EB02014FF0004267
:100B200002EA0752CDE90042001C41F5801132462D
:100B30002B4600F095FA03B0BDE8F08F4046214601
:100B4000F9E7001B61EB0201001C41F5801300185E
:100B50005B412018A2F5001747EB030140EAD5706E
:100B6000B6196D4111E06D084FEA360645EAC075C9
:100B70004FEA0752001B61EB0201001C41F5801196
:100B800049084FEA30000019514132462B4603B064
:100B9000BDE8F04F00F055BA009801224000002354
:100BA000D0EB020263EBE073009821464FEAE07459
:100BB000B8EB000061EB0401E9E783F000435BE779
:100BC00081F0004158E72DE9FE4F81EA030404F06B
:100BD000004421F0004100944FF0000B23F000434B
:100BE00050EA01045ED052EA03045BD0C3F30A5416
:100BF000C1F30A552C44A4F2F3340194A0FB02542F
:100C0000C1F3130141F48011C3F3130343F48013C0
:100C100001FB024400FB034E840A970A44EA815414
:100C200047EA8357A4FB076802958D0A05FB0785F1
:100C30004FEA932C04FB0C542705029D4FEA0658FB
:100C400047EA1637B5EB08056EEB070C870E920ED8
:100C500047EA811742EA8312A7FB0201B6EB0B01B8
:100C600064EB00042B0D43EA0C335E1844EB1C507C
:100C7000DA465146E7FB0201C5F313044FEA0B3392
:100C800043EA14534FEA0432019C43EA0603A4F1F9
:100C90000C040294009CCDE900B400F0E1F903B02B
:100CA000BDE8F08F00200146F9E7C10F80EAE0704F
:100CB0000844CA079623002100F095B99623002224
:100CC000114600F090B90EB5C10F80EAE0700844FB
:100CD000CA07002140F233438DE80E000A460B4656
:100CE00000F0BEF903B000BD0EB540F233410291F1
:100CF0000021CDE900110A460B4600F0B1F903B01E
:100D000000BD00F0004220F00040C10DC0F316000D
:100D100040F400007F2901DA00207047962903DCA7
:100D2000C1F19601C84001E096398840002AF4D00C
:100D30004042704770B5C1F30A5201F000450024EB
:100D4000C1F3130140F2FF3341F480119A4201DAFA
:100D5000002070BD40F233439A42A2F2334203DCDA
:100D60005242FFF734FA00E090402C43F1D0404269
:100D700070BD00F0004230F000400AD0C10D01F516
:100D80006071C0F3160042EA0151C20840071143E6
:100D9000704700200146704730B5041E71F1000411
:100DA00004DB4FF00044404264EB0101141E73F178
:100DB000000405DB1C464FF00043524263EB040382
:100DC0008B4208BF824230BD30B5041E71F1000471
:100DD00004DB4FF00044404264EB0101141E73F148
:100DE000000405DB1C464FF00043524263EB040352
:100DF000994208BF904230BD01F0004330B421F069
:100E0000004150EA010206D00A0DA2F56072C1F35A
:100E10001301002A02DC30BC00207047440F44EA72
:100E2000C104C100E01830BC00EBC25000F0D2B8E1
:100E3000002801DBC0F10040002901DBC1F10041C5
:100E40008842704730B50B4601460020202201241D
:100E500009E021FA02F59D4205D303FA02F5491B88
:100E600004FA02F52844151EA2F10102F1DC30BD9E
:100E7000202A04DB203A00FA02F10020704791405A
:100E8000C2F1200320FA03F3194390407047202A4F
:100E900006DBCB17203A41FA02F043EAE07306E0A2
:100EA00041FA02F3D040C2F12002914008431946B2
:100EB00070473A2800D2303820F02002412A01D36E
:100EC000A2F13700884201D34FF0FF307047000095
:100ED000026811441378016018467047D1600449D4
:100EE00051610449116200211161114600F0B2B94B
:100EF000D10E010849120108426842B1016811F897
:100F0000013B23B1521EC0E900121846704701216F
:100F1000C160881E704742685AB1C368016843B90E
:100F200083688B4205D0491E521CC0E90012002084
:100F300070474FF0FF3070470FB4002300B589B001
:100F40000CA900910B996FF00042CB601E4B0693E9
:100F50001E4B07930423CDE901321D4A0892024635
:100F60006B460020FFF7A4FB09B05DF814FB70B5D9
:100F700086B006464FF0FF300091CDE90101002018
:100F800015460C4604903246694604A8FFF7D4FF84
:100F900002460498211825B108B1084600E0204611
:100FA0002860049800280DD0002A02DD00988842AD
:100FB00008D0081B0094CDE901043246694604A814
:100FC000FFF7BAFF06B070BDF90E0108170F010850
:100FD000491201080029A8BF7047401C490008BFFA
:100FE00020F00100704710B4B0FA80FC00FA0CF059
:100FF00050EA010404BF10BC704749B1CCF1200491
:1010000021FA04F411FA0CF118BF0121214308431D
:10101000A3EB0C01CB1D4FEA00614FEA102042BF49
:10102000002010BC704700EBC35010440029A4BF3F
:1010300010BC7047401C490008BF20F0010010BCE4
:10104000704710B5141E73F1000408DA401C41F11A
:10105000000192185B411A4301D120F0010010BD3C
:101060002DE9F04D92469B4611B1B1FA81F202E0B2
:10107000B0FA80F220329046FFF7FAFE04460F469F
:1010800040EA0A0041EA0B0153465A46084313D08E
:10109000114653EA010019D0C8F140025046FFF74B
:1010A00096F805460E46504659464246FFF7E0FE82
:1010B000084305D0012004E020463946BDE8F08D04
:1010C0000020054346EAE0762C4337430A9863053F
:1010D000E40AA0EB08000022FD0A44EA47540A3063
:1010E00002D500200146E9E7010510196941DDE953
:1010F000084500196941BDE8F04DA2E72DE9F04D22
:1011000081EA030404F0004B21F0004514464FF03F
:10111000000A23F0004150EA050220D054EA0102FF
:101120001DD0C5F30A570246C5F31303C1F31300DC
:10113000C1F30A5640F4801543F48013A7EB060868
:10114000101BD64608F2FD3873EB050002D308F1F8
:10115000010801E092185B41B8F1000F03DA0020AA
:101160000146BDE8F08D00204FF48011064684460C
:101170000EE0171B73EB050705D3121B63EB05038A
:1011800006434CEA010C49084FEA300092185B41D3
:1011900050EA0107EDD152EA030012D082EA0400BE
:1011A00083EA0501084305D0101BAB4106D201229A
:1011B000002306E000224FF0004302E06FF001023E
:1011C00053101AEB06004CEB085110EB0A0041EBF0
:1011D0000B01BDE8F04DFFF734BF0EB540F23342CE
:1011E00002920022CDE900221346FFF739FF03B037
:1011F00000BDC1F30A52C1F3130140F2FF3341F4C1
:1012000080119A4202DA00200146704740F23343CF
:101210009A42A2F2334202DC5242FEF7D8BFFFF7F5
:1012200027BE0000064C074D06E0E06840F00103D1
:1012300094E8070098471034AC42F6D3FEF77CFFE1
:10124000C8BC0208E8BC0208C0B24FF4F05100F07C
:1012500099B900002DE9F34F8BB04FF0000801F170
:101260000C000C464FF0010B46460DF1080A0190A8
:101270006269012101989047051E2DD0252D2CD0A3
:10128000216A8847C0B16269012101989047216AAB
:1012900088470028F7D1411E62690198904700E015
:1012A000761CA1690B988847216A88470028F7D1E6
:1012B000E1690B988847DBE7A1690B9888470746E7
:1012C000A84201D1761CD3E7E1690B9888477F1CBF
:1012D00002D1B8F1000F6FD047E1002762693D46A7
:1012E0003946019890472A2804D162690121019862
:1012F00090470125DFF888926269012101989047A3
:10130000A0F130010A290AD24F45E5DC07EB87013D
:1013100000EB4107303FDFD445F01005ECE7E9066C
:1013200001D46FF000476C280AD04C2814D06828EC
:1013300015D06A280DD074281CD07A281AD01DE048
:1013400062690121019890476C2802D045F004059C
:1013500014E045F002050DE045F020050AE0626961
:10136000012101989047682802D045F0080505E062
:1013700045F400656269012101989047C4E901576D
:1013800065283DD019DC58287AD00CDC452837D0A8
:1013900004DC252826D0412831D131E046282FD041
:1013A00047282CD12CE05B2877D0612828D06328EF
:1013B0007CD0642823D15AE0D1E06F2848D008DCE3
:1013C00066281DD067281BD0692821D06E2816D129
:1013D00027E0702845D0732868D0752847D0782832
:1013E0000DD14DE0A1690B988847054625283FF4AB
:1013F00069AFE1690B9888476D1C3FF46AAFB4E0B0
:1014000023466A466FF001000B99FFF751F99FE000
:1014100045F040006060A80723464FF0000236D434
:101420003EE0E8077FF447AF2068011D21600068B7
:10143000290501D506701BE7290701D5068017E7A6
:10144000A90703D5F117C0E9006111E706600FE7AE
:1014500045F040006060A80723464FF0080216D40C
:101460001EE040F60E0125EA0100606016E045F03E
:1014700040006060A80723464FF00A0207D40FE03F
:1014800045F040006060A80708D5234610226FF0A1
:1014900001000B99AFF300805AE007E023461022C9
:1014A0006FF001000B99FEF759FF51E04FF0000972
:1014B0004F464B46632802D05B2807D041E0207995
:1014C000C00601D40120A06001273AE06269012131
:1014D000019890475E2805D14FF00109626949469D
:1014E00001989047216939B900210A46534643F8CB
:1014F0002120491C0829FADBB0B3216969B9C11759
:1015000000EBD16253110AEB830122F01F02821A11
:1015100001200B68904003430B6062690121019830
:1015200090475D28E8D1B9F1000F09D0002051465D
:1015300051F82020D24341F82020401C0828F7DB36
:1015400002AB224600976FF001000B99FEF7ACFF4B
:1015500000280CDA401C08D1BBF1000F05D04FF079
:10156000FF300DB0BDE8F08FFFE74046F9E7E9072F
:1015700001D108F1010806444FF0000B78E60000A5
:10158000CCCCCC0C7F2801D9002208E0064A02EB23
:101590005002C007127800D1120902F00F02012098
:1015A0009040084070470000A5AD020870B58C1847
:1015B00010F8015B15F0070301D110F8013B2A1167
:1015C00006D110F8012B03E010F8016B01F8016B54
:1015D0005B1EF9D12B0705D40023521E0DD401F850
:1015E000013BFAE710F8013BCB1A921C03E013F819
:1015F000015B01F8015B521EF9D5A142D8D300204E
:1016000070BD70B5044600252068806800F00100B8
:1016100018B32068806820F001002168886001F01C
:1016200091FE054613E001F08DFE401B02280ED905
:101630002068806800F0010048B1A06A40F0100006
:10164000A062E06A40F00100E062012070BD206805
:10165000806800F001000028E5D10020F6E70000D6
:1016600038B504460025002000902068806800F00E
:10167000010078BB2068806840F001002168886024
:10168000194800681949B0FBF1F0009002E0009899
:10169000401E009000980028F9D101F053FE054645
:1016A00019E001F04FFE401B022814D92068806821
:1016B00000F0010078B9A06A40F01000A062E06A72
:1016C00040F00100E06200BF002084F8240000BF69
:1016D000012038BD05E02068806800F00100002886
:1016E000DFD00020F5E700000C00002040420F0092
:1016F000FEB507460C460026052F23D006DC052F35
:1017000032D2DFE807F0101316191C00082F22D080
:1017100004DC062F19D0072F26D119E0092F1DD080
:10172000FF2F21D11DE0002000901DE0012000903E
:101730001AE00220009017E00320009014E004203B
:10174000009011E0052000900EE0062000900BE0D4
:101750000720009008E00820009005E00920009094
:1017600002E01020009000BF00BF0720029001207F
:10177000019069460C4800F06FFB00250FE00A4815
:1017800000F0C4FD1E21084800F000FD064800F0EE
:1017900013FC0644044800F051FE681CC5B2A54283
:1017A000EDDBB6FBF4F0FEBD880A002000BFFEE7CB
:1017B00010B5024800F063FE10BD0000B80A00201A
:1017C0002DE9F04104460D46164643F239072078CC
:1017D00000233A46012116F065F82168884202D0BC
:1017E0000020BDE8F0812078324629460BF02AF926
:1017F000012801D00020F4E70120F2E738B50446C3
:101800000D460020009006222E494FF4106006F08D
:10181000DDFC2C4800782B49497808432949897810
:1018200008432849C97808432649097908432549C6
:101830004979084378B90020224908700820487087
:10184000DC2088700020C8700871487106224FF4AF
:10185000106006F03BFD1C4804701C4805601C48E5
:101860001C4908601748C07809680844194908608D
:1018700014480079096808441649086011484079FD
:1018800009680844134908600E48C0780D49097971
:1018900048400C49497948400E49096808440D49B7
:1018A0000860042269464FF4706006F00FFD0422C0
:1018B0006946900106F00AFD14F030FA002006494E
:1018C000087038BDAC00002070000020A00000208F
:1018D000785634129C0000208D00002070B56948B5
:1018E0000078062801D1052070BD67490978890074
:1018F000491C4FF4407202EBC10006F02DFC222877
:1019000006D00023442202215F48007815F0CAFF68
:10191000012511F0A3FCC4B25A4890F90000052833
:1019200077D2DFE800F0030F2C4F770000205749F3
:10193000087048708870C87014F054FC0120514938
:1019400008709CE0022C16D151480068007C4F4979
:1019500008704F480068407C48704D480068807CA3
:1019600088704B480068C07CC87014F087FD022066
:101970004449087002E00AF067FD05467FE0052C47
:1019800014D10AF025FD40B142480068804714F0A8
:10199000C5F903203B49087013E014F0BFF93E4835
:1019A000006880470020374908700AE0062C05D1FE
:1019B00014F0B4F901203349087002E00AF044FD44
:1019C00005465CE0042535480068401C00B33448F7
:1019D000006832490968B0EB510F19D900242B482F
:1019E0000078304908702948407848702748807846
:1019F00088702648C078C8702B480068401C2A4967
:101A0000086014F03BFD14F089F904201D490870AA
:101A100035E033E00425052C24D10020234908704B
:101A20002048007819490978884211D11D4840782A
:101A30001649497888420BD11A4880781349897829
:101A4000884205D11748C0781049C978884203D028
:101A5000032517480068804714F060F903200949FE
:101A600008700AE0062C05D114F058F90120054948
:101A7000087002E00AF0E8FC054600E000BF00BF85
:101A8000284631E78D000020700000207D000020F6
:101A9000A0000020B4000020BC0000209000002026
:101AA00094000020790000209C0000208E0000207F
:101AB000B800002010B5044800780AF019FF06208D
:101AC0000249087010BD0000700000208D00002049
:101AD00002480068401C01490860704794000020DB
:101AE00010B5024801F00CF810BD0000D40D002024
:101AF00010B5024801F004F810BD00004C0D0020A4
:101B000010B5024800F0FCFF10BD0000900D002051
:101B100030B590F840500124AC40C56B6C6004684F
:101B200063604468102C04D10468A2600468E1601A
:101B300003E00468A1600468E26030BD044A1070EC
:101B4000044A116041F22212034B1A8070470000D0
:101B5000BC010020B8010020BE0100202DE9F043A7
:101B600089B005460F46904600202E4908702E4940
:101B7000086000231A4602212C48007815F092FED6
:101B80004FF480732A483946026800200BF016FD96
:101B900086B235202B4632460090254801682348FE
:101BA000007814F05FFE35E0204800780DF098F9D9
:101BB000061E17DDB6F5807F01DD4FF4807602A8A2
:101BC00003AB324600901A4801681848007813F0B9
:101BD0004DFE86B242461648016804A811F080FC0A
:101BE000814618E00AF086FC0446002C07DA0F480C
:101BF00000780AF07DFE002009B0BDE8F0834CB902
:101C000035202B4632460090094801680748007885
:101C100014F028FEC8E700BF044800780AF068FE08
:101C20004846E9E7C4010020C0010020BC010020B3
:101C3000B801002002480068401C01490860704754
:101C4000C0010020704772B600BFFEE71FB5044612
:101C500001F07EFB019001F07BFB029001F078FB2C
:101C600003900398009003A12046DDE9012306F0CC
:101C70009BFB1FBD25303858253038582530385843
:101C80000000000001480068704700007C07002049
:101C900010B51348007898B9124805F018FC48B1FF
:101CA00000BF40F2AB1210A117A006F053FB00BF1B
:101CB000002010BD01200A490870322001F080F98F
:101CC0001A49084805F086FC30B9194B17481949DC
:101CD0000268194805F012FC15480068E9E70000A1
:101CE00030060020E00A00202E2E5C4253505C5348
:101CF00054545332324854525C5354545332324841
:101D000054522E63000000005B205354545332326F
:101D1000485452205D5B25733A25645D20696E69E5
:101D200074206661696C65640D0A0A001006002063
:101D30002C06002014060020D0560020F8B50446DA
:101D400000260020009000BF94F82400012801D153
:101D50000220F8BD012084F8240000BF2046FFF7D0
:101D600050FC06462046FFF77BFC0646002E69D154
:101D7000A06A20F4885040F00200A062022001F026
:101D80006FFF34490968B1FBF0F04000009002E0B9
:101D90000098401E009000980028F9D120688068C3
:101DA00040F008002168886001F0CCFA054616E092
:101DB00001F0C8FA401B0A2811D92068806800F099
:101DC000080060B1A06A20F0020040F01000A0629C
:101DD00000BF002084F8240000BF0120B9E720687C
:101DE000806800F008000028E2D12068806840F098
:101DF00004002168886001F0A5FA054616E001F0AC
:101E0000A1FA401B0A2811D92068806800F004005C
:101E100060B1A06A20F0020040F01000A06200BF94
:101E2000002084F8240000BF012092E72068806829
:101E300000F004000028E2D1A06A20F0020040F087
:101E40000100A06200BF002084F8240000BF3046DB
:101E50007FE700000C00002038B502460023002078
:101E6000009000BF92F82400012801D1022038BD63
:101E7000012082F8240000BF4868072812D21068A9
:101E8000406B0C79641E04EB84051F24AC40A04316
:101E90000D796D1E05EB85050C68AC402043146878
:101EA000606327E048680D2812D21068006B0C7937
:101EB000E41F04EB84051F24AC40A0430D79ED1F03
:101EC00005EB85050C68AC4020431468206311E0E5
:101ED0001068C06A0C790D3C04EB84051F24AC40EB
:101EE000A0430D790D3D05EB85050C68AC40204302
:101EF0001468E06208680A2812D31068C0680C7879
:101F00000A3C04EB44050724AC40A0430D780A3D8D
:101F100005EB45058C68AC4020431468E0600FE099
:101F2000106800690C7804EB44050724AC40A0431A
:101F30000D7805EB45058C68AC40204314682061A2
:101F40000868102802D00868112827D1174C10689B
:101F5000A0421ED11068806800F40000F0B910683B
:101F6000806840F400001468A0600868102815D14B
:101F70000F4800680F4CB0FBF4F000EB800040000D
:101F8000009002E00098401E009000980028F9D1CF
:101F900004E0906A40F020009062012300BF00201E
:101FA00082F8240000BF184661E7000000240140C9
:101FB0000C00002040420F0001460868C06C7047CA
:101FC0002DE9F0410446002700250026A84614B953
:101FD0000120BDE8F081A06810B1207D00B100BFF4
:101FE000A06A30B90020E06284F82400204600F0A6
:101FF00097F82046FFF705FB0746A06A00F010009F
:10200000002873D1002F7ED1A06A20F4885040F0C0
:102010000200A0623F4AD4E90001904208D1E06981
:10202000B0F5402F02D14FF4002002E0E06900E05B
:10203000E0690143207B41EA40000643A068B0F517
:10204000807F02D0A068012802D14FF4807000E0A8
:1020500000200543207D012811D1207B38B9A069DB
:10206000401E4FF4006141EA4030054307E0A06A9A
:1020700040F02000A062E06A40F00100E0622068C9
:10208000406820F4694028432168486020688068DF
:1020900021490840304321688860A068B0F5807FFE
:1020A00002D0A068012802D14FF4807000E0002027
:1020B000B0F5807F03D1208A401E4FEA0058206887
:1020C000C06A20F4700040EA08002168C8622068F5
:1020D000806812490840B04209D10020E062A06A3D
:1020E00020F0020040F00100A06211E00BE0A06AC5
:1020F00020F0020040F01000A062E06A40F0010011
:10210000E062012704E0A06A40F01000A06201270D
:1021100038465EE7003C0140FDF7E1FFFE0E1FFF81
:1021200010B586B0044600200290039004900590FC
:1021300013492068884221D100BF1248806940F4C9
:102140000070104988610846806900F400700190B1
:1021500000BF00BF00BF0846806940F004008861EE
:102160000846806900F00400019000BF00BF032012
:102170000290039002A9044800F036FF06B010BD9B
:10218000002401400010024000080140F8B5044658
:102190000D46002600200090002701F0D3F80646E7
:1021A0002068806800F4807050B1A06A40F0200080
:1021B000A06200BF002084F8240000BF0120F8BD09
:1021C0002068406800F4807020BB2068C06A00F47A
:1021D0007000F8B917E0681CA8B125B101F0B2F899
:1021E000801BA8420FD92068006800F0020050B997
:1021F000A06A40F00400A06200BF002084F8240020
:1022000000BF0320DBE72068006800F00200002820
:10221000E1D053E0022001F023FD38490968B1FB09
:10222000F0F021680969364A114091B92168C968FE
:102230009211114069B921680969324A114031B9D6
:102240002168C9689211114009B9142117E02921A8
:1022500015E0216809692B4A114021B92168C96834
:102260009211114041B121680969274A114029B9E9
:102270002168C968114009B9542100E0FC2100FB24
:1022800001F718E0681C98B125B101F05BF8801BDC
:10229000A8420DD90098B8420AD2A06A40F00400C2
:1022A000A06200BF002084F8240000BF032086E75E
:1022B0000098401C00900098B842E3D36FF01200E1
:1022C00021680860A06A40F40070A06220688068FD
:1022D00000F46020B0F5602F0DD1207B58B9A06AC2
:1022E00020F48070A062A06A00F4805018B9A06A3F
:1022F00040F00100A062002061E700000C00002017
:1023000024499224922449124992240070B504462B
:10231000002500BF94F82400012801D1022070BDDF
:10232000012084F8240000BF2046FFF799F90546F4
:10233000002D77D1A06A40F20121884340F48070DB
:10234000A0623C492068884208D13B48006800F4FC
:10235000702008B9012002E0002000E0012078B1DF
:10236000A06A20F48010A0622068406800F48060B9
:1023700000B3A06A20F4005040F48050A06219E03D
:10238000A06A40F48010A0622B49091F206888428F
:1023900003D028492068884204D12748006800F407
:1023A000806000E0002028B1A06A20F4005040F4D2
:1023B0008050A062A06A00F4805020B1E06A20F052
:1023C0000600E06201E00020E06200BF002084F827
:1023D000240000BFC01E216808602068806800F4E7
:1023E0006020B0F5602F16D112492068884208D1CC
:1023F0001148006800F4702008B9012002E00020B4
:1024000000E0012038B12068806840F4A000216815
:1024100088600CE006E02068806840F48010216845
:10242000886004E000BF002084F8240000BF284634
:1024300075E70000002801400424014070B50446FF
:10244000002500BF94F82400012801D1022070BDAE
:10245000012084F8240000BF2046FFF7D2F805468B
:102460002DB9A06A20F4885040F00100A06200BF9E
:10247000002084F8240000BF2846E8E770472DE9D3
:10248000F05F04460025206846692068D0F8049073
:10249000206887682068D0F80CA02068D0F810B0B9
:1024A0002068D0F8188006F00100002855D007F009
:1024B0000100C0B101202168886007F0020018B156
:1024C000204600F017FA0EE007F0040010B145F4C2
:1024D000006508E007F0080010B145F4805502E0FF
:1024E000204600F006FA07F48070C8B14FF48070FF
:1024F0002168886007F4007018B1204600F0FCF9EC
:102500000EE007F4806010B145F4005508E007F4D0
:10251000006010B145F4804502E0204600F0EBF980
:1025200007F48030C8B14FF480302168886007F428
:10253000003018B1204600F0E1F90EE007F48020E9
:1025400010B145F4004508E007F4002010B145F44F
:10255000803502E0204600F0D0F906F0080038B1DE
:102560000AF0100020B145F4007510202168C86001
:1025700006F0040040B10AF0080028B108202168E4
:10258000C860204600F0B0F906F0020038B12068BB
:10259000C06800F0030010B1204600F0A6F906F074
:1025A000400038B10BF0100020B145F480651020D8
:1025B0002168086106F0200040B10BF0080028B146
:1025C000082021680861204600F090F906F010000C
:1025D00038B12068006900F0030010B1204600F017
:1025E00086F906F4003040B109F0100028B110203F
:1025F00021684860204600F07BF906F4803040B145
:1026000009F0080028B1082021684860204600F041
:1026100076F906F4004088B309F0040078B306F4B4
:10262000807020B108F0010008B145F0010506F402
:10263000007020B108F0020008B145F0020506F470
:10264000806020B108F0040008B145F0040506F4EC
:102650000060A0B108F0700088B108F07000402858
:1026600017D006DC10280BD020280CD0302819D128
:102670000CE0502810D0602814D110E01DE019E0C3
:1026800045F008050FE045F010050CE045F0200589
:1026900009E045F0400506E045F0800503E045F41B
:1026A000807500E000BF00BF2068806920F07000E6
:1026B000216888610420216848602DB1606A284340
:1026C00060622046FFF7DAFEBDE8F09F70B5044671
:1026D0000CB9012070BD94F8200010B9204600F01C
:1026E000AFF82068006840F001002168086000F041
:1026F00029FE05460DE000F025FE401B0A2808D9FA
:10270000606A40F400306062052084F820000120F7
:10271000E0E72068406800F001000028EBD0206866
:10272000006820F002002168086000F00BFE0546FA
:102730000DE000F007FE401B0A2808D9606A40F44B
:1027400000306062052084F820000120C2E7206884
:10275000406800F002000028EBD1207E012806D15D
:102760002068006840F080002168086005E020686B
:10277000006820F0800021680860607E012806D192
:102780002068006840F040002168086005E020688B
:10279000006820F0400021680860A07E012806D172
:1027A0002068006840F020002168086005E020688B
:1027B000006820F0200021680860E07E012806D132
:1027C0002068006820F010002168086005E020689B
:1027D000006840F0100021680860207F012806D1C1
:1027E0002068006840F008002168086005E0206863
:1027F000006820F0080021680860607F012806D189
:102800002068006840F004002168086005E0206846
:10281000006820F0040021680860D4E90201084340
:1028200021690843616908436168491E08432168BA
:10283000C86100206062012084F82000002049E780
:1028400010B586B0044600200290039004900590D5
:102850002249206888423ED100BF2148C06940F02B
:1028600000701F49C8610846C06900F000700190FF
:1028700000BF00BF00BF0846806940F004008861C7
:102880000846806900F00400019000BF00BFC81432
:10289000029000200390049002A9124800F0A4FBCB
:1028A0004FF480500290022003900320059002A96B
:1028B0000C4800F099FB00221146142001F05CF94D
:1028C000142001F049F900221146162001F054F9B4
:1028D000162001F041F906B010BD00000064004070
:1028E0000010024000080140704770477047704771
:1028F0007047704770477047704770477047704720
:102900000146002291F82100022808D004208863A3
:1029100000BF002081F8200000BF01207047086838
:10292000006820F00E000B6818600868006820F04E
:1029300001000B68186091F8403001209840CB6B83
:102940005860012081F8210000BF002081F820009C
:1029500000BF1046E2E7000070B50446002594F879
:102960002100022803D00420A0630125C1E02068D3
:10297000006820F00E00216808602068006820F0E0
:102980000100216808605C492068884252D95A4990
:1029900078392068884201D1012047E056496439DE
:1029A0002068884201D1102040E053495039206806
:1029B000884201D1801539E04F493C39206888426E
:1029C00001D1801432E04C4928392068884202D174
:1029D0004FF480302AE0484914392068884202D1F7
:1029E0004FF4801022E044492068884201D140041D
:1029F0001CE042492068884201D1012016E03F498D
:102A000014312068884201D110200FE03B49283161
:102A10002068884201D1801508E038493C3120689F
:102A2000884201D1801401E04FF480303349091FFE
:102A3000086051E0304978392068884201D101208E
:102A400047E02D4964392068884201D1102040E0D8
:102A5000294950392068884201D1801539E026493A
:102A60003C392068884201D1801432E0224928395B
:102A70002068884202D14FF480302AE01E49143980
:102A80002068884202D14FF4801022E01A49206861
:102A9000884201D140041CE018492068884201D1D5
:102AA000012016E0154914312068884201D1102018
:102AB0000FE0124928312068884201D1801508E0D2
:102AC0000E493C312068884201D1801401E04FF466
:102AD0008030094980394860012084F8210000BF16
:102AE000002084F8200000BF606B10B12046616BAD
:102AF0008847284670BD000080000240080402405C
:102B000070B50446E06B05682068066894F84010CC
:102B1000042088402840002875D006F004000028D2
:102B2000FAD02068006800F0200028B9206800680A
:102B300020F0040021680860D5492068884254D9F3
:102B4000D34978392068884201D1042049E0D0492E
:102B500064392068884201D1402042E0CC49503994
:102B60002068884201D100153BE0C9493C39206802
:102B7000884202D14FF4804033E0C54928392068AB
:102B8000884202D14FF480202BE0C14914392068DB
:102B9000884202D14FF4800023E0BD49206888427A
:102BA00001D1C0041DE0BB492068884201D1042046
:102BB00017E0B84914312068884201D1402010E064
:102BC000B44928312068884201D1001509E0B14993
:102BD0003C312068884202D14FF4804001E04FF43C
:102BE0008020AC49091F086054E0A9497839206861
:102BF000884201D104204AE0A5496439206888420E
:102C000002D1402043E04CE0A1495039206888427D
:102C100001D100153BE09E493C392068884202D131
:102C20004FF4804033E09A4928392068884202D125
:102C30004FF480202BE0964914392068884202D155
:102C40004FF4800023E092492068884201D1C004FB
:102C50001DE090492068884201D1042017E08D4989
:102C600014312068884201D1402010E08949283180
:102C70002068884201D1001509E086493C3120686E
:102C8000884202D14FF4804001E04FF48020804917
:102C900080394860E06A002802D02046E16A88470F
:102CA000F4E094F84010022088402840002871D0B9
:102CB00006F002000028FAD02068006800F020002A
:102CC00040B92068006820F00A00216808600120EF
:102CD00084F821006E492068884254D96C497839BB
:102CE0002068884201D1022049E06949643920689E
:102CF000884201D1202042E065495039206888424D
:102D000001D140153BE062493C392068884202D13C
:102D10004FF4005033E05E4928392068884202D1E0
:102D20004FF400302BE05A4914392068884202D110
:102D30004FF4001023E056492068884201D18004F6
:102D40001DE054492068884201D1022017E0514912
:102D500014312068884201D1202010E04D492831EB
:102D60002068884201D1401509E04A493C31206879
:102D7000884202D14FF4005001E04FF40030454941
:102D8000091F086054E0424978392068884202D11E
:102D900002204AE057E03E4964392068884201D168
:102DA000202042E03A4950392068884201D140153C
:102DB0003BE037493C392068884202D14FF400504B
:102DC00033E0334928392068884202D14FF400307B
:102DD0002BE02F4914392068884202D14FF40010AB
:102DE00023E02B492068884201D180041DE0294955
:102DF0002068884201D1022017E02649143120685A
:102E0000884201D1202010E02249283120688842E0
:102E100001D1401509E01F493C312068884202D1A8
:102E20004FF4005001E04FF40030194980394860F8
:102E300000BF002084F8200000BFA06A30B3204605
:102E4000A16A884722E094F8401008208840284072
:102E5000E0B106F00800C8B12068006820F00E005C
:102E60002168086094F8401001208840E16B4860B8
:102E70000120A06384F8210000BF002084F8200016
:102E800000BF206B10B12046216B884770BD000049
:102E900080000240080402400146002209B90120D6
:102EA00070471E4B086898420BD21D4B0868C01A29
:102EB0001423B0FBF3F08000086419480838C86395
:102EC0000AE0164B0868C01A1423B0FBF3F0800028
:102ED000086412480838C863022081F82100086895
:102EE000026843F6F0708243D1E901031843CB68CE
:102EF00018430B6918434B6918438B691843CB6916
:102F0000184302430868026000208863012081F8AA
:102F10002100002081F8200000BFC1E70804024022
:102F2000080002402DE9F04104460D4616461F46B2
:102F30004FF0000800BF94F82000012802D10220C1
:102F4000BDE8F081012084F8200000BF94F8210042
:102F500001282CD1022084F821000020A0632068E1
:102F6000006820F00100216808603B46324629468F
:102F70002046FEF7CDFDE06A30B12068006840F0E1
:102F80000E00216808600BE02068006820F0040053
:102F9000216808602068006840F00A002168086025
:102FA0002068006840F001002168086006E000BF6A
:102FB000002084F8200000BF4FF002084046BFE721
:102FC00070B5044600F0BEF906462546681C10B1EF
:102FD00004480078054400BF00F0B4F9801BA84203
:102FE000FAD370BD080000202DE9F84702460023FF
:102FF0009C467BE14FF0010808FA03F4D1F8008009
:1030000008EA0400A0427DD1DFF8F4A2D1F80480E0
:10301000A8EB0A09D0453AD014DCB8F1030F50D020
:1030200009DCB8F1000F31D0B8F1010F1CD0B8F1B4
:10303000020F49D120E0B8F1110F18D0B8F1120FEA
:1030400042D11EE0B9F5881F25D006DCB9F5803FD6
:1030500020D0B9F5801F37D11AE0B9F5001F18D07C
:10306000B9F5041F30D117E0D1F80CC02DE0D1F82C
:103070000C8008F1040C28E0D1F80C8008F1080C51
:1030800023E0D1F80C8008F10C0C1EE000BF00BF5B
:1030900000BF00BF00BF00BFD1F80880B8F1000F2B
:1030A00002D14FF0040C0BE0D1F80880B8F1010F09
:1030B00003D14FF0080C146102E04FF0080C54618A
:1030C00003E04FF0000C00E000BF00BFFF2801D874
:1030D000904601E002F104084646FF2802D84FEA74
:1030E000830803E0A3F108084FEA88084746D6F8AA
:1030F00000804FF00F0909FA07F928EA09080CFACD
:1031000007F900E07AE048EA0908C6F80080D1F83B
:10311000048008F08058B8F1805F6FD100BFDFF8FD
:10312000E481D8F8188048F00108DFF8D891C9F890
:103130001880C846D8F8188008F00108CDF800803B
:1031400000BF00BF4FEAB9384FEA930958F8295039
:103150004FEA83784FEA18794FF00F0808FA09F818
:1031600025EA0805DFF8A081424502D14FF00008AA
:1031700024E0DFF89881424502D14FF001081DE0BC
:10318000DFF88C81424502D14FF0020816E0DFF8EB
:103190008481424502D14FF003080FE0DFF87881C7
:1031A000424502D14FF0040808E0DFF87081424543
:1031B00002D14FF0050801E04FF006084FEA83798D
:1031C0004FEA197908FA09F848EA0505DFF850814D
:1031D0004FEA930948F82950D1F8048008F4801880
:1031E000B8F5801F0BD1DFF83C81D8F8008048EAA1
:1031F0000008DFF83091C9F800800AE075E0DFF8D8
:103200002481D8F8008028EA0008DFF81891C9F86E
:103210000080D1F8048008F40018B8F5001F0ED122
:10322000DFF8008108F10408D8F8008048EA0008B7
:10323000DFF8F09009F10409C9F800800DE0DFF82B
:10324000E48008F10408D8F8008028EA0008DFF8D4
:10325000D49009F10409C9F80080D1F8048008F479
:103260000038B8F5003F0ED1DFF8B880A8F10408A7
:10327000D8F8008048EA0008DFF8A890A9F104090E
:10328000C9F800800DE0DFF89C80A8F10408D8F8A8
:10329000008028EA0008DFF88C90A9F10409C9F839
:1032A0000080D1F8048008F48038B8F5803F0ED152
:1032B000DFF87080A8F10808D8F8008048EA000814
:1032C000DFF86090A9F10809C9F800800DE0DFF887
:1032D0005480A8F10808D8F8008028EA0008DFF830
:1032E0004490A9F10809C9F800805B1CD1F800805E
:1032F00028FA03F8B8F1000F7FF47CAEBDE8F88738
:10330000000011100010024000080140000C0140B4
:10331000001001400014014000180140001C014051
:103320000800014008040140024693680B400BB1BD
:10333000012000E0002070470AB1016101E00B04A8
:1033400003617047014800687047000000000020DA
:103350000148006870470000E8F7FF1F70B5044699
:103360000CB9012070BD94F83D0028B9002084F804
:103370003C00204600F046FB242084F83D002068F5
:10338000006820F00100216808602068006840F4AF
:103390000040216808602068006820F4004021682F
:1033A000086000F06FFE05465C496068884206D8F8
:1033B0005B48854201D2012007E0002005E0594822
:1033C000854201D2012000E00020012800D1C9E798
:1033D0005548B5FBF0F62068406820F03F003043C8
:1033E000216848604D496068884201D8701C07E038
:1033F0004FF4967070434FF47A71B0FBF1F0401CBB
:103400002168096A21F03F010843216808624349A5
:103410006068884214D8681E61684900B0FBF1F00A
:10342000401CC0F30B00042801D204203DE0681EBC
:1034300061684900B0FBF1F0401CC0F30B0034E0C0
:10344000A06838B9681E616801EB4101B0FBF1F07A
:10345000401C0AE0681E616801EBC10202EB011129
:10346000B0FBF1F0401C40F48040C0F30B0008B901
:1034700001201AE0A06848B9681E616801EB4101AB
:10348000B0FBF1F0401CC0F30B000CE0681E61685B
:1034900001EBC10202EB0111B0FBF1F0401CC0F3E3
:1034A0000B0040F4804040F400402168C9694CF6AC
:1034B000FF72914308432168C861D4E907010843BA
:1034C0002168096821F0C001084321680860D4E937
:1034D000031008432168896848F2FF32914308438A
:1034E00021688860D4E9050108432168C96821F092
:1034F000FF0108432168C8602068006840F00100AF
:103500002168086000202064202084F83D0000200D
:10351000206384F83E0000BF24E70000A08601007D
:1035200080841E0000093D0040420F002DE9FE4F3F
:1035300004460F4690469946DDE90CAB0E9E0020EE
:103540000290FFF7FFFE054694F83D00202872D157
:1035500019230122CE492046009502F084FC10B1C7
:103560000220BDE8FE8F00BF94F83C00012801D185
:103570000220F6E7012084F83C0000BF20680068C4
:1035800000F0010028B92068006840F001002168BF
:1035900008602068006820F400602168086022202C
:1035A00084F83D00402084F83E0000202064C4F8E8
:1035B00024A0A4F82AB0608D2085B648E0624B466E
:1035C000424639462046CDE9006502F0F9FA08B1D5
:1035D0000120C6E7208D88B900BF00200190206837
:1035E0004069019020688069019000BF00BF206899
:1035F000006840F40070216808604BE0208D0128CD
:103600001AD12068006820F480602168086072B6D2
:1036100000BF002001902068406901902068806907
:10362000019000BF00BF2068006840F4007021686E
:10363000086062B62EE029E1208D022819D12068A9
:10364000006840F400602168086072B600BF002086
:10365000019020684069019020688069019000BF56
:1036600000BF2068006820F480602168086062B6AE
:1036700010E02068006840F480602168086000BFA6
:1036800000200190206840690190206880690190C5
:1036900000BF00BFEBE0208D03287DD8208D0128DE
:1036A00015D12A463146204602F0B9FC08B1012066
:1036B00057E720680069616A0870606A401C6062B0
:1036C000208D401E2085608D401E6085CFE0208DBE
:1036D00002282CD1334600226F492046009502F083
:1036E000C2FB08B101203CE772B62068006840F4D4
:1036F00000702168086020680069616A0870606A6B
:10370000401C6062208D401E2085608D401E6085BB
:1037100062B620680069616A0870606A401C606275
:10372000208D401E2085608D401E60859FE03346C1
:10373000002259492046009502F095FB08B101206E
:103740000FE72068006820F480602168086072B686
:1037500020680069616A0870606A401C6062208DA0
:10376000401E2085608D401E60854C4800681921F0
:10377000B0FBF1F04FF47A71B0FBF1F0C0EBC00098
:1037800000EB8000029000BF0298401E0290029859
:10379000A8B90020206300E039E0202084F83D0033
:1037A000002084F83E00206C40F02000206462B6C7
:1037B00000BF002084F83C0000BF0120D1E6206853
:1037C0004069C0F380000028DED02068006840F423
:1037D00000702168086020680069616A0870606A8A
:1037E000401C6062208D401E2085608D401E6085DB
:1037F00062B620680069616A0870606A401C606295
:10380000208D401E2085608D401E60852FE02A4659
:103810003146204602F003FC08B10120A1E62068F1
:103820000069616A0870606A401C6062208D401EF9
:103830002085608D401E608520684069C0F380004F
:10384000A8B1208D032805D12068006820F480608D
:103850002168086020680069616A0870606A401C1D
:103860006062208D401E2085608D401E6085208D09
:1038700000287FF410AF202084F83D00002084F859
:103880003E0000BF84F83C0000BF6AE6022068E604
:10389000020010000000FFFF040001000C000020E7
:1038A0002DE9FC5F04460F4690469946DDE90CABD6
:1038B0000E9EFFF747FD054694F83D0020287DD178
:1038C000192301224D492046009502F0CCFA10B18F
:1038D0000220BDE8FC9F00BF94F83C00012801D104
:1038E0000220F6E7012084F83C0000BF2068006851
:1038F00000F0010028B92068006840F0010021684C
:1039000008602068006820F40060216808602120B9
:1039100084F83D00402084F83E0000202064C4F874
:1039200024A0A4F82AB0608D20853548E0624B467B
:10393000424639462046CDE9006502F0F1F908B16A
:103940000120C6E731E02A463146204602F0ACFBB2
:1039500050B1206C042805D12068006840F4007044
:10396000216808600120B4E7606A00782168086176
:10397000606A401C6062208D401E2085608D401E64
:10398000608520684069C0F3800070B1208D60B10F
:10399000606A007821680861606A401C6062208D5E
:1039A000401E2085608D401E6085208D0028CAD174
:1039B0002A463146204602F023FA00E01CE050B1CE
:1039C000206C042805D12068006840F4007021684C
:1039D000086001207DE72068006840F400702168DD
:1039E0000860202084F83D00002084F83E0000BFDD
:1039F00084F83C0000BF6CE702206AE70200100078
:103A00000000FFFF10B586B004460020029003902E
:103A10000490059015492068884225D100BF1448BC
:103A2000806940F00800124988610846806900F00A
:103A30000800019000BF00BFC02002901220039038
:103A40000320059002A90B48FFF7CEFA00BF0848F3
:103A5000C06940F400100649C8610846C06900F416
:103A60000010019000BF00BF06B010BD0054004020
:103A700000100240000C0140034800680349097827
:103A80000844014908607047000000200800002039
:103A900010B50848006840F010000649086003208F
:103AA00000F0A8F80F2000F007F800F02BF8002035
:103AB00010BD00000020024070B504460E4800789A
:103AC0004FF47A71B1FBF0F00C490968B1FBF0F5E5
:103AD000284601F001F908B1012070BD102C07D271
:103AE00000222146501E00F047F80548046001E01E
:103AF0000120F2E70020F0E7080000200C00002081
:103B00000400002008B500BF1148806940F00100A2
:103B10000F4988610846806900F00100009000BFED
:103B200000BF00BF0846C06940F08050C861084629
:103B3000C06900F08050009000BF00BF00BF054981
:103B4000486820F0E06040F00070486000BF08BDA9
:103B5000001002400000014001460846002809DB31
:103B600000F01F0301229A4043099B0003F1E02368
:103B7000C3F8002100BF70472DE9F05F80460D4675
:103B80001646002704F050FC074639462A463346BD
:103B900001F00700C0F1070ABAF1040F02D94FF093
:103BA000040A01E0C0F1070AD14600F1040ABAF1A3
:103BB000070F02D24FF0000A01E0A0F1030AD44639
:103BC0004FF0010A0AFA09FAAAF1010A0AEA020AFE
:103BD0000AFA0CFA4FF0010B0BFA0CFBABF1010BDC
:103BE0000BEA030B4AEA0B042146404604F024FC8E
:103BF000BDE8F09F00BF00F00702064B19684FF6C2
:103C0000FF031940044B0B4343EA0221014B1960A7
:103C100000BF70470CED00E00000FA0500BF00BFD8
:103C200000BF00BF00BFBFF34F8F00BF00BF00BF8A
:103C30000948006800F4E06008490843001D06498F
:103C4000086000BF00BF00BFBFF34F8F00BF00BFC1
:103C500000BF00BF00BFFDE70CED00E00000FA056B
:103C60002DE9F04706464FF0000800250027002404
:103C7000A146042E37D004DC012E3CD0022E6CD19C
:103C800060E0082E33D0102E67D1364844680068B3
:103C900000F0807008B33448C4F38341475C04F4F7
:103CA000803078B12F484068C0F340402F4911F868
:103CB000008004F4803040B12D48B0FBF8F000FBE8
:103CC00007F502E02B4807FB00F52648406800F4A2
:103CD0008000B0F5800F01D1A94603E06800032100
:103CE000B0FBF1F93AE000F0EDF9814636E000F082
:103CF000E9F9814632E01B48046A04F44070B0F5EB
:103D0000807F05D104F0020010B14FF4004918E0A3
:103D100004F44070B0F5007F07D11248406A00F00B
:103D2000020010B149F640490BE004F44070B0F5D0
:103D3000407F06D10B48006800F4003008B14FF214
:103D400024490BE000F0AEF906494968C1F381311E
:103D5000491C4900B0FBF1F900E000BF00BF484634
:103D6000BDE8F08700100240B8A30208C8A302080B
:103D700000127A0000093D00F8B50446002600252F
:103D8000207800F0010000286BD000274348C0696C
:103D900000F0805070B900BF4048C06940F08050CA
:103DA0003E49C8610846C06900F08050009000BFDD
:103DB00000BF01273A48006800F48070B0B9384865
:103DC000006840F4807036490860FFF7BBFA064689
:103DD00006E0FFF7B7FA801B642801D90320F8BD7D
:103DE0002F48006800F480700028F2D02B48006A49
:103DF00000F440752DB3A08800F44070A84220D094
:103E00002648006A20F440750120264908600020F9
:103E100008602248056205F0010090B1FFF792FAB0
:103E2000064608E0FFF78EFA801B41F2883188428F
:103E300001D90320D3E71948006A00F002000028E6
:103E4000F0D01648006A20F44070616808431349B6
:103E50000862012F04D10846C06920F08050C86173
:103E600000BF207800F00200022807D10B4840680C
:103E700020F44040A168084308494860207800F0D9
:103E80001000102807D10548406820F480006169BF
:103E90000843024948600020A1E7000000100240EA
:103EA000007000404004424270B504460D460CB913
:103EB000012070BD5A48006800F00700A8420ED2E9
:103EC0005748006820F00700284355490860084615
:103ED000006800F00700A84201D00120E9E720783F
:103EE00000F0020002281DD1207800F00400042810
:103EF00005D14C48406840F4E0604A494860207869
:103F000000F00800082805D14648406840F4605099
:103F1000444948604348406820F0F000A1680843E5
:103F200040494860207800F0010078B360680128BB
:103F300006D13C48006800F4003090B90120B8E791
:103F40006068022806D13748006800F0007040B968
:103F50000120AEE73348006800F0020008B90120F4
:103F6000A7E73048406820F00300616808432D4906
:103F70004860FFF7E7F9064609E0FFF7E3F9801B21
:103F800041F28831884202D9032092E707E02548B0
:103F9000406800F00C006168B0EB810FEDD1204863
:103FA000006800F00700A8420ED91D48006820F004
:103FB000070028431A4908600846006800F0070017
:103FC000A84201D0012074E7207800F00400042802
:103FD00007D11448406820F4E060E16808431149C3
:103FE0004860207800F00800082808D10D48406893
:103FF00020F46050216940EAC1000A49486000F09D
:1040000061F808494968C1F30311074A515CC84087
:104010000649086006480068FFF74EFD002048E7A3
:104020000020024000100240CAA302080C00002039
:10403000040000200F2202600D4A526802F00302C1
:1040400042600B4A526802F0F0028260084A5268ED
:1040500002F4E062C260064A526802F46052D2087A
:104060000261044A126802F007020A607047000009
:104070000010024000200240014800687047000024
:104080000C00002000B5FFF7F7FF04494968C1F3B1
:104090000221034A515CC84000BD000000100240EC
:1040A000DAA3020800B5FFF7E7FF04494968C1F346
:1040B000C221034A515CC84000BD0000001002400C
:1040C000DAA3020870B5002100220024002300209A
:1040D000134D696801F00C05F5B1042D02D0082DCF
:1040E00019D101E00F4819E00F4DC1F38346AB5DD4
:1040F00001F4803555B10A4D6D68C5F340450B4E4E
:10410000725D084D5D43B5FBF2F402E0084D03FB20
:1041100005F4204602E000BF024800BF00BF70BDAA
:104120000010024000127A00A6A30208B6A30208FB
:1041300000093D00F8B504460CB90120F8BD20780F
:1041400000F00100002878D0F848406800F00C002A
:1041500004280CD0F548406800F00C00082811D164
:10416000F248406800F48030B0F5803F0AD1EF4853
:10417000006800F4003000285FD0606800285CD13F
:104180000120DBE700BF6068B0F5803F06D1E7485B
:10419000006840F48030E549086028E0606858B95C
:1041A000E248006820F48030E04908600846006872
:1041B00020F4802008601AE06068B0F5A02F0BD1D1
:1041C000DA48006840F48020D84908600846006852
:1041D00040F4803008600AE0D448006820F4803061
:1041E000D24908600846006820F48020086000BFBB
:1041F000606888B1FFF7A6F8054606E0FFF7A2F869
:10420000401B642801D9032098E7C848006800F4DF
:1042100000300028F2D010E0FFF794F8054606E0E1
:10422000FFF790F8401B642801D9032086E7BF48B8
:10423000006800F400300028F2D1207800F002007D
:10424000022857D1B948406800F00C0050B1B74877
:10425000406800F00C00082818D1B448406800F409
:10426000803098B9B148006800F0020020B12069A0
:10427000012801D0012061E7AC48006820F0F80077
:10428000616940EAC100A949086033E02069E8B1EA
:104290000120A7490860FFF755F8054606E0FFF73B
:1042A00051F8401B022801D9032047E79F480068C6
:1042B00000F002000028F2D09C48006820F0F800CE
:1042C000616940EAC1009949086013E000209849FB
:1042D0000860FFF737F8054606E0FFF733F8401BA4
:1042E000022801D9032029E79048006800F0020065
:1042F0000028F2D1207800F0080008282DD1A0690C
:10430000B8B101208B490860FFF71CF8054606E0AC
:10431000FFF718F8401B022801D903200EE7834855
:10432000406A00F002000028F2D0012002F0E4FE12
:1043300013E000207F490860FFF704F8054606E017
:10434000FFF700F8401B022801D90320F6E6774862
:10435000406A00F002000028F2D1207800F004004A
:10436000042873D100277148C06900F0805070B9EB
:1043700000BF6E48C06940F080506C49C861084673
:10438000C06900F08050009000BF00BF01276A485C
:10439000006800F48070B0B96748006840F480702D
:1043A00065490860FEF7CEFF054606E0FEF7CAFF46
:1043B000401B642801D90320C0E65F48006800F470
:1043C00080700028F2D000BFE068012806D157486D
:1043D000006A40F001005549086227E0E06858B9DA
:1043E0005248006A20F00100504908620846006AFD
:1043F00020F00400086219E0E06805280BD14B4862
:10440000006A40F00400494908620846006A40F02A
:10441000010008620AE04548006A20F001004349B3
:1044200008620846006A20F00400086200BFE068E5
:10443000A0B1FEF787FF054609E0FEF783FF401BAA
:1044400041F28831884202D9032077E622E03748DA
:10445000006A00F002000028EFD012E0FEF772FFC1
:10446000054608E0FEF76EFF401B41F288318842A6
:1044700001D9032062E62D48006A00F002000028FE
:10448000F0D1012F05D12948C06920F0805027497B
:10449000C86100BFE069C8B32448406800F00C0060
:1044A000082860D0E069022848D100202049086629
:1044B000FEF748FF054606E0FEF744FF401B0228D2
:1044C00001D903203AE61948006800F0007000287E
:1044D000F2D1206AB0F5803F07D11448406820F43B
:1044E0000030A168084311494860D4E90801084335
:1044F0000E49496821F4741108430C4948600120B1
:104500000B490866FEF71EFF054607E03DE0FEF793
:1045100019FF401B022801D903200FE60348006859
:1045200000F000700028F2D02FE0000000100240E0
:1045300000004242800442420070004000201449C2
:104540000866FEF7FFFE054606E0FEF7FBFE401B91
:10455000022801D90320F1E50E48006800F0007040
:104560000028F2D111E0E069012800D1E6E5094810
:10457000466806F48031206A814204D106F4701145
:10458000606A814201D00120D8E50020D6E5000014
:10459000000042420010024010B504460CB9012050
:1045A00010BD606A38B96068B0F5827F00D105E05F
:1045B0000021E16102E00021216161610021A1622D
:1045C00094F8510028B9002084F85000204600F0EB
:1045D00043F8022084F851002068006820F0400071
:1045E00021680860A08800F48270218901F40441E8
:1045F0000843A18901F400610843217C01F0020114
:104600000843217D01F001010843218B01F4007171
:104610000843217F01F0380108432021095D01F0A2
:1046200080010843218D01F400510843216808608E
:104630000421A06901EA1040216848602068C0692F
:1046400020F400602168C86100206065012084F8C2
:1046500051000020A4E7000010B586B004460020F9
:1046600002900390049005903449206888422ED12E
:1046700000BF3348806940F4805031498861084662
:10468000806900F48050019000BF00BF00BF084661
:10469000806940F0040088610846806900F00400E9
:1046A000019000BF00BFA0200290022003900320D1
:1046B000059002A92348FEF797FC402002900020B5
:1046C0000390049002A91F48FEF78EFC33E01E49B8
:1046D000206888422FD100BF1948C06940F480404B
:1046E0001749C8610846C06900F48040019000BFC6
:1046F00000BF00BF0846806940F008008861084696
:10470000806900F00800019000BF00BF4FF4204016
:104710000290022003900320059002A90B48FEF7A7
:1047200063FC4FF48040029000200390049002A9A3
:104730000648FEF759FC06B010BD000000300140ED
:10474000001002400008014000380040000C014009
:104750002DE9F8430446884616461D4694F8510054
:10476000012802D00220BDE8F8836068B0F5827F9E
:104770000CD1A06850B9042084F851003346424659
:1047800041462046009500F083F9ECE7FEF7DAFD9C
:104790000746B8F1000F00D00EB90120E3E700BFD3
:1047A00094F85000012801D10220DCE7012084F8B0
:1047B000500000BF042084F8510000206065C4F858
:1047C0003880A687E6872063A086E0862064606440
:1047D000A068B0F5004F0BD12068006820F04000C1
:1047E000216808602068006820F480402168086023
:1047F0002068006800F04000402805D0206800686C
:1048000040F0400021680860E06830BB21E020688B
:10481000806800F0010050B12068007BA16B087037
:10482000A06B401CA063E08F401EE08711E0FEF704
:1048300089FDC01BA84201D3681C00B94DB90120F5
:1048400084F8510000BF002084F8500000BF03200E
:1048500089E7E08F0028DAD125E021E02068806830
:1048600000F0010050B12068C068A16B0880A06B07
:10487000801CA063E08F401EE08711E0FEF762FD20
:10488000C01BA84201D3681C00B94DB9012084F8AF
:10489000510000BF002084F8500000BF032062E7F1
:1048A000E08F0028DAD13A462946204602F02CFD56
:1048B00008B120206065012084F8510000BF00206D
:1048C00084F8500000BF606D08B101204BE7002064
:1048D00049E72DE9F84304460F4616461D46FEF704
:1048E00031FD8046B14694F85100012802D00220E3
:1048F000BDE8F88307B10EB90120F9E700BF94F8CD
:104900005000012801D10220F2E7012084F8500074
:1049100000BF032084F85100002060652763A6864D
:10492000E686A063A087E08760642064A068B0F595
:10493000004F0BD12068006820F04000216808601B
:104940002068006840F480402168086020680068A2
:1049500000F04000402805D02068006840F040008A
:1049600021680860E068B0F5006F37D1606810B169
:10497000B9F1010F09D1206B00882168C860206B54
:10498000801C2063E08E401EE08623E02068806863
:1049900000F0020002280AD1206B00882168C8605C
:1049A000206B801C2063E08E401EE08612E0FEF744
:1049B000C9FCA0EB0800A84201D3681C00B94DB99E
:1049C000012084F8510000BF002084F8500000BF8F
:1049D00003208DE7E08E0028D8D136E0606810B162
:1049E000B9F1010F09D1206B007821680873206BA1
:1049F000401C2063E08E401EE08623E02068806833
:104A000000F0020002280AD1206B007821680873A8
:104A1000206B401C2063E08E401EE08612E0FEF713
:104A200091FCA0EB0800A84201D3681C00B94DB965
:104A3000012084F8510000BF002084F8500000BF1E
:104A4000032055E7E08E0028D8D14246294620466B
:104A500002F096FC08B120206065A06850B900BF44
:104A6000002000902068C068009020688068009056
:104A700000BF00BF012084F8510000BF002084F86F
:104A8000500000BF606D08B1012031E700202FE722
:104A90002DE9FE4F04460F4690461D460C9E012010
:104AA0000190FEF74FFC814694F851B06068029087
:104AB000AA46BBF1010F0BD00298B0F5827F04D15A
:104AC000A06810B9BBF1040F02D00220BDE8FE8F30
:104AD0001FB1B8F1000F00D00DB90120F6E700BFFB
:104AE00094F85000012801D10220EFE7012084F85A
:104AF000500000BF94F85100042802D0052084F82B
:104B0000510000206065C4F83880E587A5872763D9
:104B1000E586A586206460642068006800F0400097
:104B2000402805D02068006840F0400021680860F7
:104B3000E068B0F5006F52D1606810B1BAF1010FB2
:104B400009D1206B00882168C860206B801C20631D
:104B5000E08E401EE0863BE02068806800F00200A6
:104B6000022810D1E08E70B1019801280BD1206B82
:104B700000882168C860206B801C2063E08E401E86
:104B8000E086002001902068806800F0010068B194
:104B9000E08F58B12068C068A16B0880A06B801CB2
:104BA000A063E08F401EE08701200190FEF7CAFB62
:104BB000A0EB0900B0420BD3701C48B1012084F86F
:104BC000510000BF002084F8500000BF03207DE7A3
:104BD000E08E0028C0D1E08F0028BDD152E060688F
:104BE00010B1BAF1010F09D1206B00782168087368
:104BF000206B401C2063E08E401EE0863CE0206875
:104C0000806800F00200022810D1E08E70B1019897
:104C100001280BD1206B007821680873206B401CA1
:104C20002063E08E401EE0860020019020688068AE
:104C300000F0010068B1E08F58B12068C068A16B36
:104C40000870A06B401CA063E08F401EE08701202D
:104C50000190FEF777FBA0EB0900B04201D3701C76
:104C600000B94EB9012084F8510000BF002084F83B
:104C7000500000BF032029E7E08E0028BFD1E08F5D
:104C80000028BCD14A463146204602F079FB40B1AB
:104C90002020606500BF002084F8500000BF012084
:104CA00014E7A06850B900BF002000902068C068D9
:104CB000009020688068009000BF00BF012084F849
:104CC000510000BF002084F8500000BF606D08B1A3
:104CD0000120FBE60020F9E670B504462546681E73
:104CE000B0F1807F01D301200FE0681E4FF0E0217A
:104CF00048610F214FF0FF3003F09EFB00204FF082
:104D0000E021886107200861002070BD704770476E
:104D100030B502460B4600BF92F83C00012801D195
:104D2000022030BD012082F83C0000BF022082F842
:104D30003D00106844681068816824F070041868A9
:104D4000044310684460144D1068A84213D0134DFA
:104D50001068A8420FD01068B0F1804F0BD0104DF2
:104D60001068A84207D00F4D1068A84203D00E4D1E
:104D70001068A84205D121F08001586801431068ED
:104D80008160012082F83D0000BF002082F83C00D5
:104D900000BF00BFC5E70000002C01400034014007
:104DA0000004004000080040000C004010B504461C
:104DB0000CB9012010BD94F83D0028B9002084F8FA
:104DC0003C00204600F026F8022084F83D00211D1A
:104DD000206802F011FD012084F8460000BF84F82D
:104DE0003E0001213F200155402001554120015541
:104DF00000BF00BF012084F8420043200155442039
:104E000001554520015500BF012084F83D000020D8
:104E1000D0E7000038B504462068B0F1804F0DD1CE
:104E200000BF1448C06940F001001249C86108463B
:104E3000C06900F00100009000BF19E00E49206831
:104E4000884215D100BF0B48C06940F002000949F3
:104E5000C8610846C06900F00200009000BF00BFB2
:104E6000002211461D20FEF787FE1D20FEF774FE6E
:104E700038BD00000010024000040040014691F8D7
:104E80003D00012801D001207047022081F83D003B
:104E90000868C06840F001000B68D860164B0868CD
:104EA000984213D0154B086898420FD00868B0F1AB
:104EB000804F0BD0124B0868984207D0114B0868FE
:104EC000984203D0104B086898420CD1086880685B
:104ED00000F00702062A0CD00868006840F00100C4
:104EE0000B68186005E00868006840F001000B6876
:104EF00018600020C8E70000002C01400034014089
:104F00000004004000080040000C00402DE9F04182
:104F100004460D46002700BF94F83C00012802D14A
:104F20000220BDE8F081012084F83C0000BF02208F
:104F300084F83D002068866826F0770626F47F46D0
:104F4000206886602868502833D00CDC202850D098
:104F500004DC00284BD0102851D149E0302849D03A
:104F600040284CD139E060282DD0702807D0B0F50A
:104F7000805F03D0B0F5005F41D10DE041E0D5E99D
:104F800002136A68206802F09EFC2068866846F07A
:104F900077062068866034E0D5E902136A682068E5
:104FA00002F091FC2068806840F4804021688860AD
:104FB00027E0EA686968206802F076FD50212068E1
:104FC00002F08CFC1DE0EA686968206802F07FFD51
:104FD0006021206802F082FC13E0EA6869682068BA
:104FE00002F062FD4021206802F078FC09E000BF79
:104FF00000BF00BF2968206802F070FC01E00127B3
:1050000000BF00BF012084F83D0000BF002084F8ED
:105010003C0000BF384684E7704770B504462068FE
:10502000C5682068066906F00200022819D105F05B
:105030000200022815D1401F216808610120207755
:105040002068806900F0030018B12046FFF7E4FFF4
:1050500005E0204600F0CEF8204600F082F900205E
:10506000207706F00400042819D105F00400042874
:1050700015D1C0432168086102202077206880692B
:1050800000F4407018B12046FFF7C6FF05E0204647
:1050900000F0B0F8204600F064F90020207706F018
:1050A0000800082819D105F00800082815D1C043C8
:1050B00021680861042020772068C06900F003009F
:1050C00018B12046FFF7A8FF05E0204600F092F84F
:1050D000204600F046F90020207706F01000102846
:1050E00019D105F01000102815D1C04321680861BE
:1050F000082020772068C06900F4407018B120466D
:10510000FFF78AFF05E0204600F074F8204600F023
:1051100028F90020207706F0010048B105F00100D1
:1051200030B16FF0010021680861204600F094F969
:1051300006F08000802809D105F08000802805D184
:10514000C043216808612046FFF7E0FD06F04000FB
:10515000402809D105F04000402805D1C04321680E
:105160000861204600F08AF906F02000202809D1C5
:1051700005F02000202805D1C043216808612046A1
:10518000FFF7C5FD70BD000010B586B004460020D5
:1051900002900390049005902068B0F1804F21D1D7
:1051A00000BF1148806940F008000F498861084637
:1051B000806900F00800019000BF00BF0820029045
:1051C00002200390059002A90848FDF70DFF00BFDB
:1051D0000749486820F4407040F0E06040F4807077
:1051E000486000BF06B010BD00100240000C014036
:1051F0000000014070472DE9F04104460D46164677
:10520000002700BF94F83C00012802D10220BDE82D
:10521000F081012084F83C0000BF36B1042E1BD081
:10522000082E31D00C2E5ED145E02946206802F0D0
:105230005FFB2068806940F0080021688861206871
:10524000806920F0040021688861206880692969EC
:1052500008432168886148E02946206802F080FB05
:105260002068806940F40060216888612068806956
:1052700020F480602168886120688069296940EA9B
:1052800001202168886130E02946206802F0A6FBF1
:105290002068C06940F008002168C8612068C069C2
:1052A00020F004002168C8612068C06929690843AA
:1052B0002168C86119E02946206802F0CBFB20680C
:1052C000C06940F400602168C8612068C06920F4AA
:1052D00080602168C8612068C069296940EA0120AE
:1052E0002168C86101E0012700BF00BF00BF0020A6
:1052F00084F83C0000BF384689E710B504460CB975
:10530000012010BD94F83D0028B9002084F83C002D
:10531000204600F025F8022084F83D00211D206879
:1053200002F06AFA012084F8460000BF84F83E00CB
:1053300001213F200155402001554120015500BF6A
:1053400000BF012084F8420043200155442001554C
:105350004520015500BF012084F83D000020D0E722
:105360007047704770B504460D4615B994F83E0075
:105370000BE0042D02D13F20005D06E0082D02D194
:105380004020005D01E04120005D012801D00120A6
:1053900070BD1DB9022084F83E000EE0042D03D13B
:1053A00002213F20015508E0082D03D102214020B1
:1053B000015502E0022141200155012229462068C1
:1053C00002F070FA1F492068884203D01E49206805
:1053D000884201D1012000E0002028B12068406C03
:1053E00040F400402168486416492068884213D080
:1053F0001549206888420FD02068B0F1804F0BD04B
:1054000012492068884207D011492068884203D099
:105410001049206888420CD12068806800F0070697
:10542000062E0CD02068006840F00100216808605A
:1054300005E02068006840F0010021680860002055
:10544000A6E70000002C01400034014000040040A9
:1054500000080040000C004010B5044606492068D2
:10546000884207D1FCF734FBFCF7E4FB01F01AFE9D
:1054700005F084FE10BD0000000400407047F8B540
:1054800004460D46164694F8420020282DD105B159
:105490000EB90120F8BD0120206300206063324670
:1054A0002946204602F04CFD0746206B012819D101
:1054B00000BF0020009020680068009020684068CD
:1054C000009000BF00BF00BF00BF21680C3151E851
:1054D000001F41F0100021680C3141E80002002A51
:1054E000F3D100E001273846D4E70220D2E70000DC
:1054F00070B504460D4605492068884204D1294606
:1055000003480BF00FFF00E000BF70BD0038014002
:1055100088080020704700002DE9F84F04462068F5
:1055200005682068C668206847694FF00009CA46C8
:1055300005F00F09B9F1000F0AD105F0200038B1CC
:1055400006F0200020B1204602F0FDFBBDE8F88FF8
:10555000B9F1000F7BD007F0010018B906F4907084
:10556000002874D005F0010030B106F4807018B145
:10557000606C40F00100606405F0040030B107F099
:10558000010018B1606C40F00200606405F0020098
:1055900030B107F0010018B1606C40F004006064A5
:1055A00005F0080048B106F0200010B907F001002E
:1055B00018B1606C40F008006064606C002845D051
:1055C00005F0200028B106F0200010B1204602F0BE
:1055D000BAFB20684069C0F3801A606C00F00800D4
:1055E00010B9BAF1000F2CD0204602F053FB20680E
:1055F000406900F0400000B300BF00BF21681431D3
:1056000051E8001F21F040002168143141E80002F8
:10561000002AF3D100BFE06B50B17748E16B4863DB
:10562000E06BFDF799F988B1E06B416B88470DE0BD
:105630002046FFF76FFF09E009E02046FFF76AFF09
:1056400004E02046FFF766FF002060647EE7206BE1
:10565000012877D105F01000002873D006F0100063
:105660000028FAD000BF0020009020680068009059
:1056700020684068009000BF00BF2068406900F0CB
:10568000400000285FD0E06B006840681FFA80F897
:10569000B8F1000F55D0A08D404552DDA4F82E8002
:1056A000E06B8069202843D000BF00BF21680C3127
:1056B00051E8001F21F4807021680C3141E800029C
:1056C000002AF3D100BF00BF00BF2168143151E8A8
:1056D000001F21F001002168143141E80002002A76
:1056E000F3D100BF00BF00BF2168143151E8001F93
:1056F00021F040002168143141E80002002AF3D172
:1057000000BF202084F842000020206300BF00BFBB
:1057100021680C3151E8001F21F0100021680C3184
:1057200041E80002002AF3D100BFE06BFDF7E8F882
:1057300002206063A08DE28D801A81B22046FFF7BF
:10574000D7FE03E742E0A08DE18D401A1FFA80F8F2
:10575000E08DD0B3B8F1000F37D000BF00BF216893
:105760000C3151E8001F21F4907021680C3141E8A0
:105770000002002AF3D100BF00BF00BF216814312E
:1057800051E8001F21F001002168143141E80002B6
:10579000002AF3D100BF202084F8420000202063BB
:1057A00000BF00BF21680C3151E8001F21F010003C
:1057B00021680C3141E80002002AF3D100BF022029
:1057C000606341462046FFF793FEBFE605F0800088
:1057D00030B106F0800018B1204602F015FCB5E6A5
:1057E00005F0400030B106F0400018B1204602F04C
:1057F00087FAABE600BFA9E6597B010810B504465D
:105800000CB9012010BDA06900B100E000BF94F800
:10581000410028B9002084F84000204600F02AF812
:10582000242084F841002068C06820F400502168DA
:10583000C860204602F006FB2068006920F4904012
:10584000216808612068406920F02A0021684861C9
:105850002068C06840F400502168C860002060647F
:10586000202084F8410084F842000020606300BFDB
:10587000C8E7000010B586B00446002002900390EF
:105880000490059080492068884250D100BF7F482D
:10589000806940F480407D4988610846806900F451
:1058A0008040019000BF00BF00BF0846806940F003
:1058B000040088610846806900F00400019000BF80
:1058C00000BF48150290022003900320059002A912
:1058D0006F48FDF789FB4FF4806002900020039031
:1058E000049002A96A48FDF77FFB6A486A4908608C
:1058F000002048600021684881608021C16000214B
:10590000016141618161C161FDF7C6FA08B1FCF72F
:105910009AF900BF6048E063446200BF002211466C
:105920002520FEF729F92520FEF716F9A9E05B49A5
:105930002068884250D100BF5448C06940F400300C
:105940005249C8610846C06900F40030019000BFA8
:1059500000BF00BF0846806940F004008861084627
:10596000806900F00400019000BF00BF0420029095
:10597000022003900320059002A94548FDF734FB5F
:105980000820029000200390049002A94048FDF7EF
:105990002BFB404814304249086000204860002139
:1059A0003F4881608021C1600021016141618161C6
:1059B000C161FDF771FA08B1FCF745F900BF38483D
:1059C000E063446200BF002211462620FEF7D4F8AF
:1059D0002620FEF7C1F854E032492068884250D1B1
:1059E00000BF2A48C06940F480202849C8610846A1
:1059F000C06900F48020019000BF00BF00BF0846CE
:105A0000806940F0080088610846806900F008005D
:105A1000019000BF00BF08150290022003900320F0
:105A2000059002A92048FDF7DFFA4FF400600290CC
:105A300000200390049002A91B48FDF7D5FA1548F1
:105A400028381A4908600020486000211748816002
:105A50008021C1600021016141618161C161FDF767
:105A60001BFA08B1FCF7EFF800BF1048E06344628E
:105A700000BF002211462720FEF77EF82720FEF700
:105A80006BF806B010BD0000003801400010024065
:105A900000080140580002404C0D00200044004026
:105AA000900D002000480040000C0140D40D002063
:105AB000704770472DE9F84F04460E461746994641
:105AC0004FF0000A94F84100202850D106B117B9D0
:105AD0000120BDE8F88F00206064212084F8410097
:105AE000FDF730FC8246A784E784A068B0F5805FAC
:105AF00004D1206910B90025B04602E035464FF0C8
:105B000000081EE05346002280212046CDF8009078
:105B100002F0AAFA20B1202084F841000320D8E73F
:105B200045B9B8F80000C0F308002168486008F1E2
:105B3000020803E02878216848606D1CE08C401E54
:105B4000E084E08C0028DDD153460022402120462D
:105B5000CDF8009002F088FA20B1202084F84100AE
:105B60000320B6E7202084F841000020B1E702209E
:105B7000AFE7704703E004F037F812F016F8FAE7E1
:105B8000014608684069C0F38020B0B16FF48060BE
:105B90000A68506100200863202081F83D00002041
:105BA00081F83E00086C40F00400086400BF00204B
:105BB00081F83C0000BF012070470020FCE7000096
:105BC0002DE9F84304460F4615469946DDE9088657
:105BD0002068006840F480602168086020680068E0
:105BE00040F4807021680860434600224FF00111A4
:105BF0002046009600F037F960B12068006800F494
:105C00008070B0F5807F02D14FF4007020640320D3
:105C1000BDE8F88307F0FE0021680861334642467C
:105C20003E49204600F07EF908B10120F0E700BFB0
:105C300000200090206840690090206880690090F2
:105C400000BF00BF32464146204600F02DFA50B159
:105C5000206C042805D12068006840F40070216899
:105C600008600120D4E7B9F1010F03D1E8B221683F
:105C7000086117E0C5F307202168086132464146F4
:105C8000204600F011FA50B1206C042805D120689C
:105C9000006840F40070216808600120B8E7E8B2AD
:105CA0002168086132464146204600F0FDF950B1B6
:105CB000206C042805D12068006840F40070216839
:105CC00008600120A4E72068006840F48070216823
:105CD0000860434600224FF001112046009600F074
:105CE000C2F858B12068006800F48070B0F5807F79
:105CF00002D14FF400702064032089E7F8B240F02D
:105D0000010021680861334642460449204600F0FC
:105D100009F908B101207BE7002079E702000100C2
:105D20002DE9F8430446884615469946DDE908679B
:105D30002068006840F480702168086033460022C3
:105D40004FF001112046009700F08DF860B12068F7
:105D5000006800F48070B0F5807F02D14FF40070CD
:105D600020640320BDE8F88308F0FE002168086184
:105D70003B4632462149204600F0D4F808B10120C4
:105D8000F0E700BF00200090206840690090206884
:105D90008069009000BF00BF3A463146204600F0BF
:105DA00083F950B1206C042805D12068006840F4C4
:105DB0000070216808600120D4E7B9F1010F03D118
:105DC000E8B22168086117E0C5F30720216808617F
:105DD0003A463146204600F067F950B1206C04285D
:105DE00005D12068006840F4007021680860012037
:105DF000B8E7E8B2216808610020B3E702000100BB
:105E000070B504460D46164625E02046FFF7B8FE5D
:105E100008B1012070BD681CE8B1FDF793FA801B42
:105E2000A84200D8BDB920684069C0F3800090B98D
:105E300000202063202084F83D00002084F83E00EC
:105E4000206C40F02000206400BF002084F83C005B
:105E500000BF0120DEE720684069C0F38000002811
:105E6000D3D00020D6E72DE9F04104460D46174671
:105E70001E46DDF8188038E0701CA8B3FDF762FA02
:105E8000A0EB0800B04200D876BBC5F3074001285C
:105E90000AD120684069A9B20840A9B2884201D15C
:105EA00001200BE0002009E020688069A9B20840C9
:105EB000A9B2884201D1012000E00020B84214D1EB
:105EC00000202063202084F83D00002084F83E005C
:105ED000206C40F02000206400BF002084F83C00CB
:105EE00000BF0120BDE8F081FFE7C5F307400128AE
:105EF0000AD120684069A9B20840A9B2884201D1FC
:105F000001200BE0002009E020688069A9B2084068
:105F1000A9B2884201D1012000E00020B842ABD0F4
:105F20000020DFE72DE9F04104460D4616461F46E6
:105F300058E020684069C0F38020E8B1206800681C
:105F400040F40070216808606FF480602168486147
:105F500000202063202084F83D00002084F83E00CB
:105F6000206C40F00400206400BF002084F83C0056
:105F700000BF0120BDE8F081701C90B3FDF7E2F98D
:105F8000C01BB04200D866BBC5F3074001280AD148
:105F900020684069A9B20840A9B2884201D1012015
:105FA0000BE0002009E020688069A9B20840A9B28E
:105FB000884201D1012000E0002090B90020206338
:105FC000202084F83D00002084F83E00206C40F042
:105FD0002000206400BF002084F83C0000BF0120A6
:105FE000C8E7FFE7C5F3074001280AD120684069E8
:105FF000A9B20840A9B2884201D101200BE00020DB
:1060000009E020688069A9B20840A9B2884201D19C
:10601000012000E0002000288BD00020AAE770B506
:1060200004460D46164637E020684069C0F300106C
:10603000A0B16FF01000216848610020206320208B
:1060400084F83D00002084F83E00206C206400BFEE
:10605000002084F83C0000BF012070BDFDF772F9FC
:10606000801BA84200D8BDB920684069C0F38010E9
:1060700090B900202063202084F83D00002084F89F
:106080003E00206C40F02000206400BF002084F817
:106090003C0000BF0120E0E720684069C0F38010A9
:1060A0000028C1D00020D8E770B504460D4616463A
:1060B00025E02046FFF764FD08B1012070BD681C93
:1060C000E8B1FDF73FF9801BA84200D8BDB92068B0
:1060D0004069C0F3C01090B900202063202084F8EC
:1060E0003D00002084F83E00206C40F02000206439
:1060F00000BF002084F83C0000BF0120DEE72068DC
:106100004069C0F3C0100028D3D00020D6E70000BB
:1061100001484068704700009406002002480021B2
:1061200001604160704700009406002010B50246EF
:106130000B4803681BB94260436803600FE00368C3
:10614000D11A002904DB036803EBA103436004E0D8
:106150004C420368A3EBA40343604368036010BD93
:10616000940600202DE9F05F04460E461746984637
:10617000DDE90BABDDF828902665002505E0002160
:1061800004F1240040F835106D1C052DF7DB676025
:10619000C4F81080C4F80890C4F814A0C4F80CB077
:1061A000002020622077E0640120206004F1540088
:1061B00001F0B6FCBDE8F09FF0B59BB004460D467B
:1061C0004FF0FF365822254903A8FAF716F80027A2
:1061D000206A00B13BE019A801F0A2FC19A861688F
:1061E00001F096FC05B903AD288BA06104F15400C1
:1061F000A16901F081FC2A46A168206900F07AFAC1
:10620000071E00DC23E019AA394620460FF0BAFE2B
:10621000061E00D01BE019AA0221204613F0E0FB65
:10622000022811D1FF2002900020019002A901A8AC
:10623000E368626900F04AF8012802D19DF808601D
:1062400001E04FF0FF3601E04FF0FF3600BF0EB91E
:106250000120206230461BB0F0BD0000E4A302081C
:106260002DE9FE4F04460D4616461F46DDF830A0C8
:106270000020029001978046814601A80EF00EFA98
:106280008DF808000298C0F3C00028700298C0F38F
:10629000031020706946019800F01CF981460199AD
:1062A00008440190DDE9001000EB01080198A8EB1B
:1062B0000000022800DA06E001A80EF0F6F93080AE
:1062C0004FF0010900BF4846BDE8FE8F2DE9FF47AA
:1062D00004460D4616469946002003900296002774
:1062E0008046009002A80EF0D9F98DF80C000398B2
:1062F000C0F30310022800D01FE001A9029800F0AB
:10630000E9F88046029908440290DDE90110471837
:106310000298381A022800DA0FE002A80EF0BEF93F
:106320008DF800000098C0F3C010207002A80EF095
:10633000B5F928704FF0010800BF404604B0BDE831
:10634000F0872DE9FF5F06460C4617469846DDE9C3
:106350000FABDDF8389000200390119802900025D3
:1063600000200190009002A80EF098F98DF80C0022
:106370000398C0F30310032800D032E00398C0F361
:10638000C00030700398C0F341002060039800F013
:10639000010038706946029800F09CF8019002995B
:1063A000084402900099029845182A4602A94846D6
:1063B0000EF088F910B10298281A00D511E0206873
:1063C000002804DD02A80EF070F9A8F80000029879
:1063D000281ACBF800000298CAF8000001200190AA
:1063E00000BF019804B0BDE8F09F2DE9FE4F0546BF
:1063F0000E4614461F46DDE90C9B00200290CDF8A6
:1064000004908046824601A80EF048F98DF80800F5
:106410000298C0F30310092800D02CE069460198C7
:1064200000F058F88246019908440190DDE9001017
:1064300000EB01080198A8EB0000022800DA1AE03E
:1064400001A80EF032F92880002020600DE02068BD
:10645000B04202DD4FF0FF3A0DE001A80EF01EF948
:106460002268511C216047F8220001984045EED374
:106470004FF0010A00BF5046BDE8FE8F2DE9F843FA
:1064800005460C46012600270020206000BF4FF083
:10649000FF38781C0746042801DD00BF17E0012102
:1064A0006846A8478046B8F1010F00D00FE09DF87C
:1064B000001001F07F01206801FB06002060F6015A
:1064C0009DF8000000F080000028E0D100BF3846B1
:1064D000BDE8F88370B504460D46034804602946BC
:1064E0000248FFF7CBFF70BDF000002029BD010876
:1064F00030B50246002300BF0846CD1701EB5565B5
:10650000ED11A1EBC515ECB2CD1701EB5565E91105
:10651000002901DD44F0800418465B1C1454002956
:10652000EADC184630BD2DE9F04104460E4600274E
:10653000B846206828B125682068F9F7AAFE074602
:1065400001E0A56867683046F9F7A3FE8046474535
:1065500008D13A4631462846F9F7C6FE10B901205F
:10656000BDE8F0810020FBE7401C802801DA401CD8
:106570000AE0B0F5804F01DA801C05E0034988424B
:1065800001DAC01C00E0001D70470000FFFF1F0083
:106590002DE9F0418CB005460E4614464FF0FF3809
:1065A000002007900890099007960027286A00B9F4
:1065B00063E00AA801F0B4FA0AA8696801F0A8FA31
:1065C0002078012802D02078022803D1284608F03C
:1065D0006BFCA080D4E90201CDE9050107A807C83A
:1065E00002AB07C3A0886178CDE9001023780022B0
:1065F000A968286900F076F90746002F00DC3CE026
:106600000AAA394628460FF0BDFCB0F1000800D0B8
:1066100033E02078012816D10AAA0421284613F075
:10662000DFF904280CD1E868009006AA05A904A89F
:106630006B69FFF715FE012801D04FF0FF381BE012
:106640004FF0FF3818E02078022815D10AAA072158
:10665000284613F0C5F907280CD1E868009006AA6F
:1066600005A904A86B69FFF7FBFD012801D04FF0D5
:10667000FF3801E04FF0FF3800BF40460CB0BDE8E6
:10668000F0812DE9FC4704460E4615461F46DDF80D
:1066900028800020019081460094042E02DA6FF0D9
:1066A000010924E0019865F307100190019867F350
:1066B000C3000190062D01D1012100E000210198C5
:1066C00061F3420001909DF80410684613F00EFE3D
:1066D00002210098FFF70CFF009908440090414602
:1066E000684613F009FE0098A0EB040900BF484675
:1066F000BDE8FC872DE9FE4305460E46144602958B
:1067000000200190009000274FF0FF38204600F055
:10671000A5F807468146FFF727FFB04202DD6FF07C
:1067200001088FE000208DF80400019820F0F000AF
:10673000103001909DF8041002A813F0D7FD3946DF
:106740000298FFF7D5FE029908440290207A0428A7
:1067500008D13EA102A813F0B5FD042102A813F050
:10676000C5FD07E03BA102A813F0ACFD032102A880
:1067700013F0BCFD00208DF80000A17E009861F3AD
:1067800041000090E07E08B1012100E00021009866
:1067900061F3820000900098C0F3800058B194F833
:1067A0003D10009861F3C400009094F83C100098EC
:1067B00061F345100090206C08B9A06C20B10098DE
:1067C00020F0800080300090E06C08B9606D20B14E
:1067D000009820F04000403000909DF8001002A882
:1067E00013F084FD218B02A813F086FD02A8D4E9E2
:1067F0000423E16813F098FDE07E58B102A8D4E9C3
:106800000A23616A13F090FD02A8D4E90D23216BDD
:1068100013F08AFD0098C0F3C01028B102A8D4E993
:106820001123216C13F080FD0098C0F3801028B173
:1068300002A8D4E91423E16C13F076FD0298A0EBD2
:10684000050800BF4046BDE8FE8300004D5154548A
:10685000000000004D5149736470000070B504469B
:106860000025207A032801D10C2503E0207A042892
:1068700000D10A25D4E90412E06800F0B8F9801CC0
:106880000544E07E68B1D4E90A12606A00F0AFF90D
:10689000861CD4E90D12206B00F0A9F93044801C4D
:1068A0000544206C08B9A06C30B1D4E91112206CF9
:1068B00000F09DF9801C0544E06C08B9606D30B1B2
:1068C000D4E91412E06C00F092F9801C05442846CB
:1068D00070BD70B504460D460C222946204600F0D6
:1068E000D8F870BD2DE9F04F87B005460F469046A9
:1068F0001C46DDE915B6DDE9109A069500200590E5
:10690000049003900096204612A90EC900F042F8A8
:1069100004900290FFF728FEB84203DD6FF00100FB
:10692000039033E0059820F0F00030300590059892
:1069300068F3C3000590059864F34200059005983C
:1069400069F3000005909DF8141006A813F0CEFC22
:1069500004990698FFF7CCFD06990844069006A80E
:1069600012A90EC913F0E0FC002C03DD514606A865
:1069700013F0C2FC324659460698F9F73EFC0698D9
:10698000304406900698401B039000BF039807B060
:10699000BDE8F08F7FB50546089E002401A807C812
:1069A00000F025F9801C30440444002D00DDA41CB7
:1069B000204604B070BD2DE9FF5F05460E46174620
:1069C0009846DDE90E9A0395002002900190009010
:1069D00000245146484600F045F883460190FFF7F1
:1069E000C3FDB04202DDA01E009037E000208DF80C
:1069F0000800029820F0F00080300290029867F3BF
:106A0000C3000290029820F00600801C02909DF8BE
:106A1000081003A813F06AFC01990398FFF768FDBA
:106A2000039908440390414603A813F065FC002431
:106A30000EE004EB44000AEB800C03A89CE80E0077
:106A400013F072FC1098015D03A813F04FFC641C56
:106A50004C45EEDB0398401B009000BF009804B04B
:106A6000BDE8F09F2DE9F04105460E4602270024BF
:106A70000AE004EB440006EB800393E8070000F013
:106A8000B6F8C01C0744641CAC42F2DB3846BDE8D3
:106A9000F0812DE9FC4104460D4616460020019088
:106AA000471E0094022D01DA871E15E000208DF8A4
:106AB0000400019866F3071001909DF804106846E1
:106AC00013F014FC00210098FFF712FD0099084410
:106AD00000900098071B00BF3846BDE8FC812DE9F7
:106AE000F0478CB004460D4616461F464FF0FF385F
:106AF0004FF000090020079008900990079506962E
:106B0000206A00B95BE00AA801F00AF80AA86168E7
:106B100000F0FEFF204608F0C7F91FFA80FA06A829
:106B200007A90122CDE90021029053460022A16865
:106B30002069FFF740FF8146B9F1000F00DC3EE01D
:106B40000AAA494620460FF01DFAB0F1000800D00D
:106B500035E00AAA0921204612F042FF09282BD16C
:106B600000200590401E0490E168606904AB05AA0E
:106B7000CDE90001012103A8FFF737FC012801D16D
:106B8000DDF81080B8F1800F15D000200FE004F17F
:106B9000240151F8301049B904F1240141F8305072
:106BA00001EBC0014F604FF0000802E0401C0528D7
:106BB000EDDB00BF00BF01E04FF0FF3800BF4046F3
:106BC0000CB0BDE8F0877CB504460D46002668464B
:106BD00000F0A6FF2946684600F09AFF6946204665
:106BE00006F0D8F9401C00B9761E30467CBD37B59A
:106BF0000024009820B10098F9F74BFB044600E010
:106C0000019C20463EBD00000EB500200090019082
:106C100002901248124908600021114881600173F6
:106C200001754FF46021C16100200D4948600121C8
:106C30000B480161FBF7C4F908B1FBF704F8002029
:106C40000090012001900020029069460448FBF763
:106C500003F908B1FAF7F7FF0EBD00000024014068
:106C6000880A002010B50B480B49086010204860C6
:106C7000002109488160C16001614161017641766E
:106C80008176C17601774177FBF720FD08B1FAF7ED
:106C9000DAFF10BD00640040B80A002008B500BF4C
:106CA0001248406940F001001049486108464069B7
:106CB00000F00100009000BF00BF002211460D202F
:106CC000FCF75AFF0D20FCF747FF002211460F206A
:106CD000FCF752FF0F20FCF73FFF00221146102067
:106CE000FCF74AFF1020FCF737FF08BD00100240F8
:106CF00000B585B00020019002900390049000BF81
:106D00004448806940F01000424988610846806923
:106D100000F01000009000BF00BF00BF084680696F
:106D200040F0200088610846806900F02000009053
:106D300000BF00BF00BF0846806940F004008861C2
:106D40000846806900F00400009000BF00BF00BF4B
:106D50000846806940F0080088610846806900F0B4
:106D60000800009000BF00BF002240F241212A48E5
:106D7000FCF7E2FA002210212848FCF7DDFA002295
:106D800041F202012648FCF7D7FA40F24120019077
:106D900001200290002003900220049001A91E48C7
:106DA000FCF722F90420019000200290039001A931
:106DB0001948FCF719F910200190012002900020D9
:106DC00003900220049001A91448FCF70DF940F249
:106DD0000130019000200290039001A91048FCF7B7
:106DE00003F941F20200019001200290002003907B
:106DF0000220049001A90A48FCF7F6F84FF48070CD
:106E000001900320029001A90348FCF7EDF805B0BA
:106E100000BD0000001002400010014000080140C9
:106E2000000C014010B50B480B4908600B48486046
:106E3000002109488160C1604FF480410161002157
:106E400041618161C1610162FCF788FA08B1FAF71A
:106E5000FAFE10BD00540040E00A0020A0860100A8
:106E600010B50E480E4908604FF48270486000214A
:106E70000B488160C160016141614FF40071816123
:106E80001021C16100210162416281620A21C16257
:106E9000FDF782FB08B1FAF7D6FE10BD00300140C5
:106EA000340B002010B50E480E4908604FF4827074
:106EB000486000210B488160C160016141614FF46D
:106EC000007181610021C1610162416281620A2118
:106ED000C162FDF761FB08B1FAF7B5FE10BD000015
:106EE000003800408C0B002000B58DB000200990C8
:106EF0000A900B900C90079008901C216846F9F7B7
:106F000095F94FF080401F49086041F61F404860E6
:106F100000211C4881606321C16000210161816101
:106F2000FDF744FF08B1FAF78EFE4FF48050099048
:106F300009A91448FDF7EAFF08B1FAF784FE1148E1
:106F4000FEF7DBF908B1FAF77EFE00200790089003
:106F500007A90C48FDF7DCFE08B1FAF774FE6020C3
:106F60000090002001900290049004226946054898
:106F7000FEF741F908B1FAF766FE0248FEF704F998
:106F80000DB000BDE40B002000B587B000200390D9
:106F900004900590069001900290154815490860EC
:106FA00041F61F40486000211248816042F20F7193
:106FB000C160002101618161FDF7F8FE08B1FAF7B7
:106FC00042FE4FF48050039003A90A48FDF79EFF4C
:106FD00008B1FAF738FE00200190029001A9054897
:106FE000FDF796FE08B1FAF72EFE07B000BD0000CF
:106FF000000400402C0C002010B50B480B49086021
:107000004FF4E1304860002108488160C1600161AF
:107010000C21416100218161C161FEF7EFFB08B1E4
:10702000FAF711FE10BD000000380140740C00207A
:1070300010B50B480B4908604FF4E130486000215F
:1070400008488160C16001610C21416100218161BA
:10705000C161FEF7D3FB08B1FAF7F5FD10BD0000E2
:1070600000440040BC0C002010B50B480B490860E0
:107070004FF4E1304860002108488160C16001613F
:107080000C21416100218161C161FEF7B7FB08B1AC
:10709000FAF7D9FD10BD000000480040040D0020A3
:1070A00000BFFEE702480068401C014908607047C5
:1070B000EC00002000BFFEE7416002607047000066
:1070C0000160034A4260034A8260034AC26070471B
:1070D0009B980208D99802088F980208014601F08F
:1070E0000F01092903DC01F13000C0B2704701F142
:1070F0003700C0B2FAE7704708B508490968C908FF
:107100004FF47A72B1FBF2F14143009100BF00BF2E
:1071100000994A1E00920029F9D108BD0C000020F8
:1071200070B50546C5EBC500094901EB8004002692
:10713000207E50B1A189A06806F04EF92071206927
:1071400018B100212846226990472679304670BD43
:107150008005002078B51C4C20700C781B4D2C70DD
:107160004C786C708C78AC70CC78EC70184C2270C9
:10717000184C236000246C7104242C710324AC711E
:107180000024EC712C726C72EC602C612C75002563
:107190000E4EB561F56135627562B462F462012527
:1071A000C6E90C5434466479A40135462D7904EBC4
:1071B000C5043546AD792C44E4B20094064C9DF8E4
:1071C0000050257078BD00004802002008560020BD
:1071D000490200204402002040560020FEB504462B
:1071E000002002902826424909788900491C4FF462
:1071F000407202EBC10000F0AFFF00286DD02228E2
:1072000073D13B48007807F06BFE051E2CDD382D4E
:1072100000D9382501A802AB2A46009035480168FC
:10722000334800780EF022FB31463248006807F000
:10723000FFFF3148008820802F488078A0702E48BA
:10724000C078E0702C48007920712B48407960713B
:1072500029488079A07100202849088024480078B6
:1072600005F046FB0120FEBD244800884FF6FF7163
:1072700088422ADA2148008870B97B20204B3022CE
:10728000204900901A4800780FF0ECFA1B4800885B
:10729000401C1A4908801FE01848008840F6FF711A
:1072A00090FBF1F201FB1200B0B97B20144B3022AD
:1072B000144900900E4800780FF0D4FA0F48008867
:1072C000401C0E4908800120CDE700200B490880B2
:1072D0000748007805F00CFB07E000237B22022121
:1072E0000348007810F0DEFA00BF00BF0020BAE7C4
:1072F00048020020440200203C0200204A020020F4
:107300000856002040560020F8B504460E461546A3
:107310006068B0F5827F0DD1A068B0F5004F03D052
:10732000A068B0F5806F05D12068006820F04000AB
:10733000216808606068B0F5827F11D1A068B0F55F
:10734000806F0DD13346002201212046009500F0C8
:1073500039F898B1606D40F0200060650320F8BDF9
:107360003346002280212046009500F02BF828B1FA
:10737000606D40F0200060650320F0E70020EEE73C
:10738000F8B504460E461546334601220221204632
:10739000009500F017F828B1606D40F0200060659E
:1073A0000320F8BD3346002280212046009500F0DE
:1073B00009F828B1606D40F0200060650320F0E717
:1073C0000020EEE72DE9F84F04460D4690461E4694
:1073D000DDF82890FBF7B6FFA0EB0900371AFBF7A2
:1073E000B1FF82462C480068C0F3CB307843009050
:1073F00045E0701C002842D0FBF7A4FFA0EB0A0078
:10740000B84200D2A7BB2068406820F0E0002168A5
:1074100048606068B0F5827F0DD1A068B0F5004F7C
:1074200003D0A068B0F5806F05D12068006820F017
:10743000400021680860A06AB0F5005F0DD100BF70
:107440002068006820F40050216808602068006807
:1074500040F400502168086000BF012084F851000A
:1074600000BF002084F8500000BF0320BDE8F88F63
:10747000FFE7009800B900270098401E00902068A0
:1074800080682840A84201D1012000E0002040454A
:10749000AFD10020EAE700000C00002038B5054617
:1074A000002000900DB9012038BD01236A4619461D
:1074B000284600F072F804460CB12046F4E79DF827
:1074C0000000A02801D00120EEE70020ECE770B515
:1074D00005460DB9012070BD2846FFF7DFFF0446C1
:1074E0000CB12046F7E700220321284600F090F86F
:1074F00004460CB12046EEE70020ECE72DE9F84FFA
:1075000005460E4617461C460DB106B114B90120BA
:10751000BDE8F88F00213846F9F78AFC02D84FF011
:107520007C5001E04FF03F4083464FF08F4138469A
:10753000F9F732FA59460090F9F7D6F98246F9F789
:10754000E0FB814610F036FB80464046F9F7ADFB84
:1075500081464FF08F41F9F751FA20600020D7E7BC
:10756000F8B506460C460020009006B10CB9012083
:10757000F8BD02236A460621304600F00EF80546A3
:107580000DB12846F4E79DF800009DF8011040EA8F
:10759000012000B220800020EAE72DE9FE4380466A
:1075A0000C4615461E464FF07E09642001232246F4
:1075B0004946CDE9005602904046FBF7B7FF074623
:1075C00017B90020BDE8FE83032F01D10220F9E79F
:1075D0000120F7E7F8B506460C460020009006B1FA
:1075E0000CB90120F8BD69463046FFF7B9FF0546E2
:1075F0000DB12846F6E7BDF90000F9F756FB07463E
:107600000249F9F7FBF920600020EBE70000C842CF
:107610002DE9F04106460D461746002416B9012013
:10762000BDE8F08144F0400444F00804380744EA1F
:107630001064072D18D2DFE805F00405080B0E11C1
:10764000140013E044F0010410E044F080040DE065
:1076500044F004040AE044F0040407E044F00404A5
:1076600004E044F0040401E00120D9E700BF224611
:107670000421304600F001F8D2E7F7B584B00646A1
:107680000C467E276420012106AA0B46CDE9002185
:107690000290224639463046FCF702F9054615B9F4
:1076A000002007B0F0BD032D01D10220F9E7012031
:1076B000F7E7704730B502460020C2EBC2040B4D1D
:1076C00005EB8403052A01DD01200DE09C7B0CB154
:1076D000022009E01C7E0CB9032005E0C2EBC204C5
:1076E000024D05EB8404617130BD0000800500206F
:1076F00070B500250024002600BF1FE0C5EBC500C3
:10770000104901EB8004207E00B915E020796179F1
:10771000884210D06279A189A06805F065FEA18930
:10772000A06805F059FE2071606920B1002128464B
:1077300062699047064600BF681C85B2052DDDDBF7
:10774000304670BD8005002010B5FFF7ABFCFCF79C
:1077500093F910BD00B595B028210BA8F8F766FD88
:10776000142106A8F8F762FD18216846F8F75EFDB7
:1077700001200B9000040C9000200D9001200F9030
:1077800002201290C10313914FF4E01114910BA841
:10779000FCF7D0FC08B1FAF756FA0F200690022049
:1077A0000790002008904FF48060099000200A9014
:1077B000022106A8FCF778FB08B1FAF744FA022088
:1077C0000090800302906846FCF7D6FA08B1FAF7F9
:1077D0003AFA15B000BD0000014802490860704740
:1077E0000000010808ED00E010B50248FDF715FCA7
:1077F00010BD00002C0C002010B50268244B9842EC
:107800000ED0244B98420BD0B0F1804F08D0224BC1
:10781000984205D0214B984202D0214B984203D187
:1078200022F070024B681A43194B98420ED0194B44
:1078300098420BD0B0F1804F08D0174B984205D03A
:10784000164B984202D0164B984203D122F4407254
:10785000CB681A4322F080034C6943EA04020260B9
:107860008B68C3620B688362094B984202D0094B54
:10787000984201D10B69036301234361036903F05B
:1078800001031BB1036923F00103036110BD000074
:10789000002C01400034014000040040000800407A
:1078A000000C004030B501F01F05012404FA05F377
:1078B000046A9C430462046A01F01F0502FA05F59C
:1078C0002C43046230BD30B50C46816821F47F4101
:1078D00042EA032525432943816030BD0A46816879
:1078E00021F0700142F007031943816070470000E6
:1078F00030B5026A056A25F00105056243688469AE
:1079000024F0700424F003040D682C4322F00202DA
:107910008D682A43104DA84200D103E00F4DA842C4
:1079200006D100BF22F00802CD682A4322F00402EB
:10793000094DA84202D0094DA84207D123F4807313
:1079400023F400734D692B438D692B43436084619D
:107950004D684563026230BD002C01400034014097
:1079600030B5026A056A25F010050562436884692E
:1079700024F4E04424F440740D6844EA052422F021
:1079800020028D6842EA0512124DA84200D103E0A0
:10799000114DA84207D100BF22F08002CD6842EA13
:1079A000051222F040020B4DA84202D00A4DA84217
:1079B00009D123F4806323F400634D6943EA85030E
:1079C0008D6943EA8503436084614D688563026283
:1079D00030BD0000002C01400034014030B5026A87
:1079E000056A25F4807505624368C46924F0700453
:1079F00024F003040D682C4322F400728D6842EADF
:107A00000522124DA84200D103E0114DA84207D132
:107A100000BF22F40062CD6842EA052222F48062AF
:107A20000A4DA84202D00A4DA84209D123F480533E
:107A300023F400534D6943EA05138D6943EA0513A6
:107A40004360C4614D68C563026230BD002C0140D3
:107A50000034014030B5036A056A25F4805505629B
:107A60004468C26922F4E04222F440720D6842EA9E
:107A7000052223F400538D6843EA0533084DA842DC
:107A800002D0084DA84204D124F480444D6944EA50
:107A900085144460C2614D680564036230BD000016
:107AA000002C01400034014030B50B461446026AF8
:107AB000056A25F001050562816921F0F00141EABE
:107AC000041122F00A021A438161026230BD30B50E
:107AD0000B461446026A056A25F0100505628169A5
:107AE00021F4704141EA043122F0A00242EA03127B
:107AF0008161026230BD000001EB4102C2EBC112A4
:107B0000024B1B6803EBC20242607047EC0000208E
:107B1000024A12680A44426070470000EC000020EC
:107B200000214160704700000146034B48681B6814
:107B3000C21AD00F70470000EC0000200146054B30
:107B400048681B68C21A002A01DA002070471046F4
:107B5000FCE70000EC00002070B505466C6A0020D0
:107B6000E085E0842046FDF7D5FC70BD70B5064683
:107B70000025746A20684069C0F3C01594F841007C
:107B8000212805D125B10020E084204600F0C8F866
:107B900020684069C0F3801594F84200222805D17E
:107BA00025B10020E085204600F074F8606C40F0BC
:107BB000100060642046FDF7ADFC70BD70B5054651
:107BC0006C6A2868006800F02000002842D1E08537
:107BD00000BF00BF21680C3151E8001F21F4807004
:107BE00021680C3141E80002002AF3D100BF00BF38
:107BF00000BF2168143151E8001F21F00100216805
:107C0000143141E80002002AF3D100BF00BF00BFD9
:107C10002168143151E8001F21F04000216814311F
:107C200041E80002002AF3D100BF202084F842007E
:107C3000206B01280ED100BF00BF21680C3151E834
:107C4000001F21F0100021680C3141E80002002AD9
:107C5000F3D100BF00206063206B012804D1A18D07
:107C60002046FDF745FC02E02046FDF721FF70BDF0
:107C700070B505466C6A01206063206B012805D150
:107C8000A08D41082046FDF733FC02E02046FDF7B9
:107C900010FF70BD00BF00BF02680C3252E8002F19
:107CA00022F4907102680C3242E80013002BF3D1E9
:107CB00000BF00BF00BF0268143252E8002F22F05C
:107CC00001010268143242E80013002BF3D100BF17
:107CD000016B01290ED100BF00BF02680C3252E8CF
:107CE000002F22F0100102680C3242E80013002B32
:107CF000F3D100BF202180F84210002101637047BA
:107D000010B504462068C06820F040002168C860B3
:107D1000202084F841002046FDF72BFF002010BDF5
:107D200000BF00BF02680C3252E8002F22F0C001F1
:107D300002680C3242E80013002BF3D100BF20216F
:107D400080F841107047F8B5044694F842002228A4
:107D500075D1A068B0F5805F0CD1206950B90025BD
:107D6000A66A20684068C0F308003080A06A801CC2
:107D7000A06215E0A56A0026A068B0F5805F03D078
:107D8000A06828B9206918B920684068287004E004
:107D90002068406800F07F002870A06A401CA06244
:107DA000E08D401E80B2E085002846D12068C06882
:107DB00020F020002168C8602068C06820F480702E
:107DC0002168C8602068406920F00100216848618E
:107DD000202084F8420000206063206B012826D117
:107DE0000020206300BF00BF21680C3151E8001F54
:107DF00021F0100021680C3141E80002002AF3D183
:107E000000BF2068006800F0100010280AD100BFF1
:107E10000020009020680068009020684068009072
:107E200000BF00BFA18D2046FDF762FB02E02046A7
:107E3000FDF73EFE0020F8BD01E00020FBE7022038
:107E4000F9E7000070B504462168096921F4405142
:107E5000E2681143226811612269A16811436269D5
:107E600041EA02052168C96841F20C629143294345
:107E70002268D1602168496921F44071A2691143E7
:107E8000226851612D4A2168914202D1FCF70AF91A
:107E900001E0FCF7F7F800EBC00101EB00116268AC
:107EA0009200B1FBF2F100EBC00202EB001263683A
:107EB0009B00B2FBF3F26423B2FBF3F202EBC203CA
:107EC00003EB0212A1EB8201322202EB01116422C8
:107ED000B1FBF2F101F0F00100EBC00202EB001285
:107EE00063689B00B2FBF3F26423B2FBF3F201EB95
:107EF000021200EBC00101EB001163689B00B1FBB3
:107F0000F3F100EBC00303EB00136668B600B3FBAC
:107F1000F6F36426B3FBF6F303EBC30606EB031399
:107F2000A1EB8301322303EB01116423B1FBF3F1D5
:107F300001F00F0111442268916070BD00380140CA
:107F400077B581B0044615460298A062A585002049
:107F50006064222084F842002848E16B8862284847
:107F6000E16BC8622748E16B08630020E16B48635E
:107F700002AE32682368191D2B46E06BFAF7D2FF78
:107F800000BF0020009020680068009020684068D2
:107F9000009000BF00BF206970B100BF00BF216822
:107FA0000C3151E8001F41F4807021680C3141E828
:107FB0000002002AF3D100BF00BF00BF21681431C6
:107FC00051E8001F41F001002168143141E800022E
:107FD000002AF3D100BF00BF00BF2168143151E86F
:107FE000001F41F040002168143141E80002002ADE
:107FF000F3D100BF002004B070BD0000BD7B0108BC
:10800000717C01086D7B0108014691F8410021282F
:1080100028D18868B0F5805F0BD1086948B90A6A31
:108020001088C0F308000B685860086A801C08625A
:1080300005E00B6A581C086218780B685860C88CF9
:10804000401E80B2C88458B90868C06820F080001B
:108050000B68D8600868C06840F040000B68D860C2
:10806000002070470220FCE72DE9F84304460D4646
:1080700017469846089E31E0701C70B3FBF762F912
:10808000A0EB0800B04200D816B90320BDE8F88381
:108090002068C06800F00400F8B1802D1ED0402D8B
:1080A0001CD020680068C0F3C000B0B100BF002041
:1080B000009020680068009020684068009000BF31
:1080C00000BF2046FFF7E6FD0820606400BF0020E7
:1080D00084F8400000BF0120D8E7FFE7206800686F
:1080E0002840A84201D1012000E00020B842C3D0BE
:1080F0000020CBE710B50548FDF70EFA4FF480726B
:1081000003490248FDF7BBF910BD0000740C0020C4
:108110008808002010B50248FDF7FEF910BD0000E8
:10812000BC0C002010B50548FDF7F6F94FF480723D
:1081300003490248FDF7A3F910BD0000040D00201B
:108140008809002010B50248FAF799F910BD00001F
:10815000B80A002000BFFEE738B504461A49C868CF
:10816000804719494869804700BF1748406A10B1E5
:108170001548806A70B91448016AC4F307408847FB
:108180001148016AC4F307208847E0B20E4A116A19
:1081900088470DE0200C8DF80000200A8DF80100C2
:1081A000E0B28DF8020008480321826A68469047D1
:1081B0000549C869804705460349886980470249DF
:1081C00008698047284638BD3C000020F8B50446C1
:1081D0000E4617461F49C86880471E4948698047B0
:1081E00000BF1C48406A10B11A48806AC0B91948DB
:1081F000016AC4F3074088471648016AC4F30720A0
:108200008847E0B2134A116A8847002505E0114902
:10821000C86980477055681C85B2BD42F7DB12E023
:10822000200C8DF80000200A8DF80100E0B28DF8D6
:10823000020008480321826A68469047054839468B
:10824000426A304690470349886980470149086976
:108250008047F8BD3C00002038B504460D461A4959
:10826000C868804718494869804744F004041648A4
:10827000806A90B91448016AC4F3074088471248DD
:10828000016AC4F307208847E0B20F4A116A8847A1
:108290000D48016A284688470FE0200C8DF8000041
:1082A000200A8DF80100E0B28DF802008DF803502D
:1082B00005480421826A68469047034988698047D7
:1082C00001490869804738BD3C000020F8B50446E4
:1082D0000E4617461E49C86880471D4948698047B1
:1082E00044F004041A48806AC0B91948016AC4F30A
:1082F000074088471648016AC4F307208847E0B260
:10830000134A116A8847002505E0705D104A116A1A
:108310008847681C85B2BD42F7DB12E0200C8DF85F
:108320000000200A8DF80100E0B28DF80200084834
:108330000321826A6846904705483946826A30467A
:108340009047034988698047014908698047F8BD1B
:108350003C0000200FB4054B10B503A9044A029855
:1083600000F08AFD10BC5DF814FB0000EDEC010884
:108370007C0800200FB47CB50C0009AD01D0611E53
:1083800000E00021CDE90001064B6A462946089825
:1083900000F072FD002C02D0009A002111707CBC0C
:1083A0005DF814FB7F9501080FB4084B10B504A9C4
:1083B00002AA039800F060FD044602A9002001F023
:1083C000E9F8204610BC5DF814FB00009595010803
:1083D0007CB50C001D461646014601D0601E00E02B
:1083E0000020CDE90010064B6A462946304600F0D1
:1083F00043FD002C02D0009A002111707CBD0000CA
:108400007F95010837B514460846064B6A46214653
:1084100000F032FD04466946002001F0BBF820461A
:108420003EBD00009595010802480068C0F3022097
:10843000704700000CED00E010B5002804DB0A07CF
:10844000130E054A135406E00A07140E034A00F0FF
:108450000F031B1FD45410BD00E400E018ED00E032
:1084600030B528B1144C031F002021680A4605E0EE
:10847000084630BD9A4203D810465268002AF9D106
:10848000002800D041680BD00468A3EB0005A5428A
:1084900004D11B681C440346046002E0436000E012
:1084A00023603AB11C68D51AA54203D115682C4443
:1084B0001C6052685A6030BD800800202DE9F047EA
:1084C00082460F4C10480D4E0E4F001B4FF0000817
:1084D00020F007054FF0010900221146504607F031
:1084E000E5F9002802D1306810B10020BDE8F0871E
:1084F0003C60C4E90058C6F80090EDE7840800200D
:10850000646C002080080020607C002002E008C825
:10851000121F08C1002AFAD170477047002001E0FD
:1085200001C1121F002AFBD170472DE9F04788B026
:1085300081460C4615460027A2461EE004F12000A5
:10854000A84202D24FF0200801E0A5EB0408434600
:108550006A462146484600F037F800260AE0FF2F19
:1085600005D01DF80600FF2801D104EB060A1DF80E
:108570000670761C4645F2D32034AC42DED3FF2F82
:1085800003D1504608B0BDE8F0872846FAE7014617
:10859000487E08B1002070478868001DFBE72DE980
:1085A000F04104460D4616460027607E10B10120BA
:1085B000BDE8F08132462946A06805F0B3FB0028EB
:1085C00000DA01273846F3E72DE9F04104460D466D
:1085D00016461F464FF00008607E10B10220BDE82D
:1085E000F0813B4632462946A06805F0C1FC0028D0
:1085F00001DA4FF002084046F1E72DE9F047044662
:108600000D4616461F46DDF820904FF00008607EAC
:1086100010B10320BDE8F0873B4632462946A068EA
:1086200005F06AFD002801DA4FF003084046F1E743
:108630002DE9FC5F83460E4617461C464FF00008A6
:108640000DF104094FF0010AFF2251464846F7F7A1
:10865000E6FD44B1002023463A4631460090584694
:10866000FFF7CBFF8046251BB8F1000F0ED16DB18F
:10867000E1192A464846F7F7C0FD0020A1195346E4
:108680004A4600905846FFF7B8FF80464046BDE88E
:10869000FC9F70B502460023481E014604460AE0CE
:1086A00002EBD100007801F0070680253541284013
:1086B00000B904E05B1C081EA1F10101F0D100BF6C
:1086C000E01A70BD2DE9F04704460F46154698465E
:1086D000DDF8209064B953A0FFF73CFE54A0FFF7EB
:1086E00039FE544A54A155A0FFF734FE00BFFEE7FF
:1086F00067B94CA0FFF72EFE4DA0FFF72BFE4D4AA9
:1087000056A14EA0FFF726FE00BFFEE765B945A0C3
:10871000FFF720FE46A0FFF71DFE464A51A147A0E5
:10872000FFF718FE00BFFEE7207E10B10020BDE875
:10873000F087276084F80480C4F82490607E0028C5
:1087400033D105F065FA284605F0ACFBA06058B9B6
:1087500034A0FFF7FFFD36A0FFF7FCFD294643A03C
:10876000FFF7F8FD0420E2E7A16801F11C0005F025
:108770005DF9066AE06808B9E66012E0E068B0FBFF
:10878000F6F106FB110060B126A0FFF7E3FD28A07B
:10879000FFF7E0FD32463EA0E168FFF7DBFD082071
:1087A000C5E7A068806B206100BFE068411E0840FB
:1087B00060B11CA0FFF7CEFD1DA0FFF7CBFD1D4A49
:1087C00043A11EA0FFF7C6FD00BFFEE7D4E90310DA
:1087D000B0FBF1F201FB120060B112A0FFF7BAFD8D
:1087E00013A0FFF7B7FD45A0D4E90321FFF7B2FDC1
:1087F00008209CE7D4E90310B0FBF1F002280FD267
:1088000008A0FFF7A7FD0AA0FFF7A4FDD4E9031015
:10881000B0FBF1F631464948FFF79CFD082086E79A
:10882000002084E75B466C61736844425D00000091
:108830002000000051A70208646200002825732967
:108840002068617320617373657274206661696C5E
:1088500065642061742025732E0A00006E616D65C9
:108860000000000070617468000000004572726FC3
:10887000723A20506172746974696F6E2028257392
:1088800029206E6F7420666F756E642E0A000000DA
:108890004572726F723A20646220736563746F72FE
:1088A0002073697A652028257529204D5553542059
:1088B000616C69676E207769746820626C6F636BA6
:1088C0002073697A652028257A75292E0A00000010
:1088D0002864622D3E7365635F73697A6520262084
:1088E0002864622D3E7365635F73697A65202D206D
:1088F000312929203D3D2030000000004572726F73
:10890000723A20646220746F74616C2073697A65B6
:108910002028257529204D55535420616C69676EB8
:10892000207769746820736563746F722073697A45
:108930006520282575292E0A0000000064B702086A
:10894000F8B504460D46002D1CD1012020761A48AA
:10895000007800282ED119A0FFF7FCFC1AA0FFF721
:10896000F9FC1AA11BA0FFF7F5FC14A0FFF7F2FC1D
:1089700015A0FFF7EFFC2048FFF7ECFC01200E49A3
:10898000087017E0A07EA8B90CA0FFF7E3FC0EA0CA
:10899000FFF7E0FC2046FFF7FAFD06460095207938
:1089A000226808B915A000E016A00146334617A0BA
:1089B000FFF7D0FCF8BD0000300700205B466C617B
:1089C000736844425D00000020000000322E322E09
:1089D00039390000466C6173684442205625732083
:1089E000697320696E697469616C697A6520737551
:1089F00063636573732E0A00B0B702084B56444296
:108A00000000000054534442000000004572726FA1
:108A1000723A202573202825734025732920697315
:108A200020696E697469616C697A65206661696C38
:108A300020282564292E0A0070B5A0B00446002520
:108A400000200390012084F831000020244903AB6A
:108A50000246CDE90041029004A920460DF082F9BA
:108A6000A07E20B1039810B1022020B070BDD4E9DF
:108A70000310B0FBF1F00399884211D119A0FFF760
:108A800069FC2046FFF783FD0646324619A021689F
:108A9000FFF760FC1AA0FFF75DFC204605F0E0FD43
:108AA00000202449CDE900012346024604A9029092
:108AB00020460DF057F900BF1F48002322460AA99F
:108AC0000090204606F080FF94F8300018B1204650
:108AD00006F027F9F0E7002084F831002846C4E7C3
:108AE000D5C701085B466C61736844425D5B6B7679
:108AF0005D0000005B25735D5B25735D2000000059
:108B0000416C6C20736563746F7220686561646585
:108B10007220697320696E636F72726563742E20B0
:108B200053657420697420746F2064656661756C88
:108B3000742E0A0031C5010859C501082DE9F0411C
:108B400006460F4615461C4665B90DA0FFF702FC08
:108B500010A0FFF7FFFB104A10A114A0FFF7FAFBCB
:108B600000BFFEE7E01DC3082A4639463046FFF73E
:108B70002BFD21462846FFF78CFDBDE8F081000063
:108B80005B466C61736844425D5B7574696C735DD0
:108B90000000000020000000D6AB0208737461746E
:108BA00075735F7461626C6500000000282573298D
:108BB0002068617320617373657274206661696CEB
:108BC00065642061742025732E0A00002DE9F041B0
:108BD00005460E4614464FF0FF37F01DC108FF2230
:108BE0002846F7F71CFB44B1601EC708E85D04F097
:108BF0000702FF2111410840E8553846BDE8F081E1
:108C00002DE9F84F81460F4615461E46DDE90A8AD2
:108C10004FF0000BB0450CD318A0FFF79BFB1CA036
:108C2000FFF798FB1B4A1CA122A0FFF793FB00BF94
:108C3000FEE765B911A0FFF78DFB15A0FFF78AFBD2
:108C4000144A24A11BA0FFF785FB00BFFEE74246A4
:108C500031462846FFF7BAFF0446601C10B90020D1
:108C6000BDE8F88F2A19391901234846CDF800A02C
:108C7000FFF7C3FC83465846F2E700005B466C6191
:108C8000736844425D5B7574696C735D000000003D
:108C900020000000C4AB02087374617475735F69CF
:108CA0006E646578203C207374617475735F6E75B3
:108CB0006D0000002825732920686173206173739B
:108CC000657274206661696C656420617420257327
:108CD0002E0A00007374617475735F7461626C6551
:108CE000000000002DE9FF5F82B00021DDE90430C3
:108CF000020DDDF840B0034318D044F61050A2F244
:108D0000FF3242431514119801281FD0A5EB0B0028
:108D1000401C5FEA000A4FF000064E4FDFF8389122
:108D2000B046504615D5CAF1000413E0119801244D
:108D30004AA3012801D16FEA0B010298119AC0E9F8
:108D40000031C0E9024206B0BDE8F09FCBF100005F
:108D5000DFE704460021404A491842EB0450CDE9C0
:108D6000001012E0E00707D032463B464046494635
:108D7000F7F729FF8046894632463B46104619469A
:108D8000F7F721FF06460F466410002CEAD1DDE913
:108D90000401DDE90023BAF1000F06DAF7F713FF4B
:108DA00042464B46F7F70FFF05E0F8F7A7F94246B2
:108DB0004B46F8F7A3F904460E460022284BF8F775
:108DC00003F803D84FF0FF30014607E00022254B9F
:108DD00020463146F7F750FEF8F70BFA102409E069
:108DE000002C0ADB0A220023F7F7C0F9039B30327C
:108DF0001A55641E50EA0102F2D1641C039AC4F1B0
:108E000011031444119A012A03D0012208430DD101
:108E10000AE0084304D000204FF0110B119072E7D4
:108E2000A3EB0B056D1E0DE05B4504DD4FF000026A
:108E300005F1010504E003DA4FF00002A5F1010598
:108E4000002AECD002981199C0E90231C0E900452E
:108E500079E70000000014400000F03F30000000FF
:108E60000000F0430000E03F30380A2801D2012022
:108E700070470020704700002DE9FF4F95B09A46DB
:108E8000884606460025EEE1252877D100242746AE
:108E9000F94A0121039400E0044316F8013F203B06
:108EA00001FA03F01042F7D130782A2811D06FF080
:108EB0002F033078A0F13002092A16D8039A44F023
:108EC000020402EB820203EB42021044761C039080
:108ED000EFE758F8042B0392002A03DA504244F4D7
:108EE0000054039044F00204761C30782E2816D1EA
:108EF00016F8010F44F004042A280DD06FF02F0259
:108F00003078A0F13003092B09D807EB870302EB77
:108F10004303C718761CF3E758F8047B761C3078B7
:108F20006C280FD006DC4C2817D068280DD06A2892
:108F300014D104E0742810D07A280FD10DE044F445
:108F400000140AE044F4801401E044F44014727800
:108F5000824202D104F58014761C761C3078662893
:108F60000BD013DC582877D009DC002875D04528B1
:108F7000F6D04628F4D047281AD193E118E06328A8
:108F800035D0642879D0652812D18BE1702873D050
:108F900008DC6728F1D069286FD06E280DD06F28C3
:108FA00006D1ACE073282CD0752874D0782853D023
:108FB0005246179990476D1C54E1C4F302500228A1
:108FC00009D003280DD0D8F8001004280DD00D606A
:108FD00008F1040846E1D8F80010EA17C1E9005288
:108FE000F6E7D8F800100D80F2E70D70F0E718F8FA
:108FF000041B8DF8001000208DF80100EB460120C5
:1090000003E058F804BB4FF0FF3061074FF0000158
:1090100002D40DE009F101018946B9420FDA814518
:10902000F8DB1BF809100029F4D108E009F101016F
:1090300089468142FADB1BF809100029F6D1039812
:109040005346A0EB090721463846179A00F080FAEC
:10905000284400EB090507E044E008E10DE01BF8B7
:10906000010B524617999047B9F10109F7D25346BF
:1090700021463846179AF2E039E00A21C4F3025239
:109080004FF0000B0091022A06D058F8040BC117CC
:10909000032A09D00AE023E008F1070020F00702C4
:1090A000F2E80201904605E000B2C117042A01D19E
:1090B00040B2C117002906DA0A460021404261EB9E
:1090C00002012D2202E0220504D52B228DF8042076
:1090D000012203E0E20701D02022F7E7914657E0A2
:1090E0000A2100E010214FF0000B00910BE010214D
:1090F0004FF0000B44F004040827009103E008201F
:109100004FF0000B0090C4F30252022A05D058F829
:10911000040B0021032A08D008E008F1070020F022
:109120000702F2E80201904603E080B2042A00D16F
:10913000C0B24FF0000922072AD53278702A07D032
:10914000DDF800C08CF0100C5CEA0B0C05D00EE0D2
:1091500040228DF80420012208E050EA010306D0E5
:1091600030238DF804308DF8052002229146009BB3
:1091700083F0080353EA0B030AD150EA010201D13C
:10918000620705D530228DF804204FF001097F1EBB
:109190003278582A04D039A20C920CAA02920BE021
:1091A0003BA2F9E75B46009AF6F7E0FF0C9B9B5C5D
:1091B000029A521E0292137050EA0102F2D10298F2
:1091C00004A9081A00F1200B600702D524F48034AA
:1091D00000E001275F4502DDA7EB0B0000E0002067
:1091E00000EB0B01009003984944401A0390E00300
:1091F00006D453462146179A039800F0A9F905446E
:10920000002706E001A85246C05D179990476D1CE3
:109210007F1C4F45F6DBE0030CD553462146179AD9
:10922000039800F095F9054404E030205246179960
:1092300090476D1C0099481E00900029F5DC08E05D
:109240000298029952460078491C0291179990475A
:109250006D1CBBF10001ABF1010BF1DC5BE100F037
:1092600065F90544761C307800287FF40DAE19B0FE
:109270002846BDE8F08F0000092801003031323364
:109280003435363738396162636465660000000042
:10929000303132333435363738394142434445462C
:1092A00000000000600700D4062708F1070020F046
:1092B0000700F0E80223804603F0004C5FEA0C0050
:1092C00001D097A009E0200501D596A005E0E007B0
:1092D00001D095A001E0AFF24C001390307823F05C
:1092E000004365280CD006DC452809D046281DD04F
:1092F00047287FD13BE0662818D067287AD136E02E
:109300000021112F01DB112000E0781CCDE90001C4
:1093100004A90CA8FFF7E6FCDDE90D010C9A4FF05B
:10932000000B07F10109109200914EE04FF0004050
:109330000097CDE9011004A90CA8FFF7D3FCDDE9E3
:109340000D020C9B0F994FF0000B91461093009269
:1093500011B9791C00EB0109B7EB090003D4C0F186
:10936000FF3B07F10109A9EB0700019042E0012F43
:1093700000DA01270021112F01DD112000E038461D
:10938000CDE9000104A90CA8FFF7ACFCDDE90D0153
:109390000C9A00914FF0000BB946109221070FD4A0
:1093A000009A4A4503DA914601E0A9F10109B9F1B1
:1093B000010F05DD109AA9F10101515C3029F4D0AB
:1093C000B84202DA10F1040F03DA0121CDE90110ED
:1093D00010E0002803DC8344A9EB000102E0411CFB
:1093E000494500DD8946A0EB0B00401C01904FF081
:1093F00000400290200705D40198484502DB4FF059
:10940000FF30019000208DF84B0002980DF14B07C2
:10941000B0F1004F25D002200C902B200D90029827
:1094200000280CDA404202902D200D9007E00A211E
:109430000298F7F707FD3031029007F8011D0C99EB
:10944000481E0C900029F2DC02980028EFD1791E0A
:109450000D980870307800F0200040F0450007F8C3
:10946000020D11A8C01BC01D02901398007800B116
:10947000012000EB0901019801EBE0710298014421
:109480000398401A401E0390E00306D45346214639
:10949000179A039800F05CF805441398007818B107
:1094A0005246179990476D1CE00323D55346214639
:1094B000179A039800F04CF805441BE0BBF1000F2D
:1094C00007DB0098584504DD1098179910F80B0039
:1094D00001E0179930205246904701980BF1010B9B
:1094E000401E05F10105019004D12E205246179926
:1094F00090476D1CB9F10001A9F10109DEDC05E01E
:1095000017F8010B5246179990476D1C0299481E97
:1095100002900029F4DC53462146179A03989EE6F0
:109520002D0000002B000000200000002DE9F0417C
:10953000044600251E461746880404D405E0394633
:109540002020B0476D1C641EF9D52846BDE8F08187
:109550002DE9F041044600251E469046C80301D57A
:10956000302700E02027880404D505E0414638462E
:10957000B0476D1C641EF9D52846BDE8F0814A68E5
:10958000002A06D00A68531C0B6010704868401E01
:10959000486070470A68531C0B60107070472DE9D3
:1095A000F04F8BB004460D4616461F46DDF86CB0F2
:1095B000DDE9179ADDF85480DDE91C211E98CDE91C
:1095C00006B2CDE90810DDE91901CDE9029ACDE92D
:1095D00004011698CDE90080D4F808C03A46314617
:1095E0002846149BE04718B101200BB0BDE8F08F6E
:1095F0000020FAE72DE9F0418AB004460D461646F0
:109600001F46DDF840800120CDE9077806960990D5
:10961000002002900390CDE90405009001900346DC
:1096200002460146D4F808C0E04718B101200AB04C
:10963000BDE8F0810020FAE72DE9FE4F0646894695
:1096400017461C46002506F120084FF0010B56B9BD
:10965000534854A355A24FF4147100905BA00DF031
:1096600051FE00BFFEE796F8340050B94C485DA3A8
:109670004EA240F25121009054A00DF043FE00BFD5
:10968000FEE709EB07013069814205D959A00DF0C9
:1096900063FE0520BDE8FE8FD8F8080018B14046EB
:1096A000D8F80810884709F0010070B12046641C02
:1096B000494609F1010901231A460090304609F094
:1096C000B3FC054605B15CE07F1E012130460DF07C
:1096D0002BFB054605B154E0AD208DF804003DE0BC
:1096E000BBF1000F18D00DF105024946304606F0D7
:1096F00055FB96F8350008B1052000E004208246AD
:10970000207801A901F80A00617801AA0AF1010094
:1097100011544FF0000B07E04FF0010A20788DF84C
:10972000050060788DF806000020009003460AF1DD
:10973000020201A94046D8F804C0E04705461DB121
:1097400036A00DF009FE1CE0304610F0DFF80546AB
:1097500005B116E0BF1E09F10209A41C022FBFD2F9
:10976000002130460DF0E0FA05464DB9012F07D132
:1097700001231A4649463046009409F055FC054637
:1097800000BF1DB1002130460DF0CEFAD8F80C0014
:1097900018B14046D8F80C10884728467AE70000F0
:1097A00055A60208666C61736800000028257329BD
:1097B0002068617320617373657274206661696CDF
:1097C00065642061742025732E0000002E2E5C42FB
:1097D00053505C736675645C7372635C7366756426
:1097E0002E630000666C6173682D3E696E69745F5C
:1097F0006F6B00004572726F723A20466C6173683D
:109800002061646472657373206973206F757420BE
:109810006F6620626F756E642E0000004572726F75
:10982000723A20466C6173682077726974652053C0
:10983000504920636F6D6D756E6963617465206555
:1098400072726F722E00000070B505460C4600263D
:1098500014B10DB1A54201D1002070BDAE6826B98A
:10986000AC6064600020206007E0706828B1214689
:1098700070680EF097F9A86844600120EDE72DE9C3
:10988000F04705460E4614461F46DDF820904FF07F
:109890000008C2461DB116B10CB1A54202D100208C
:1098A000BDE8F087B9F1000F07D0304602F08EFD19
:1098B0008046E06840F4007A0CE03946304602F019
:1098C0000BFC8046B8F1000F01D10020E8E7E0680A
:1098D00020F4007AA08900F4007020B9206A10B149
:1098E000206A79688847C4F82080C4F80CA0214613
:1098F0002846FFF7A9FFD3E7F0B589B004460E4626
:1099000015464FF0FF300890002007900690039412
:10991000049508A805900020264906AA07ABCDE9C2
:10992000002102900246314620460CF01BFA0698B0
:1099300058B101202049002203ABCDE9002102905B
:109940000222314620460CF00DFA079800282ED04E
:109950000898401C00282AD10798012802D894F8BA
:10996000300060B101201449002203ABCDE9002191
:1099700002900246314620460CF0F4F917E00FA0A1
:10998000FEF7E8FC2046FEF702FE07463A460FA027
:109990002168FEF7DFFC4FF469720FA116A0FEF7F5
:1099A000D9FC18A0FEF7D6FC012084F830000898F6
:1099B00009B0F0BDD75D0208319A01085B466C61C1
:1099C000736844425D5B6B765D0000005B25735DF0
:1099D0005B25735D200000002E2E5C4253505C46D8
:1099E0006C61736844425C7372635C6664625F6B53
:1099F0007664622E630000002825733A25642920CE
:109A00000000000054726967676572206120474357
:109A100020636865636B20616674657220616C6C9D
:109A20006F63204B56206661696C65642E0A0000E6
:109A300030B503460C462146187898B11D69486830
:109A4000583085420ED99878012806D09878022897
:109A500008D1086890F8300020B958698D682860EE
:109A6000012030BD0020FCE7F0B585B004460E466D
:109A700017460CB106B11FB94FF0FF3005B0F0BD6D
:109A80003A463146684604F025FD6A4621460448B8
:109A900004F03AFD05460DB90020EFE72846EDE752
:109AA000F45800200EB500F0EBF80DF0CFFB04F0F9
:109AB000AFF800200190029001AB13A215A1009015
:109AC000164804F037FE00BF232215A11CA0FEF7A4
:109AD00041FC00BF0422284928A0FFF7C5FF264803
:109AE0000068401C2449086000BF084627220CA1DA
:109AF000036824A0FEF72EFC00BF04221E491FA00D
:109B000000F054F80EBD00006664625F6B7664621C
:109B1000310000006D795F6B76646200F4580020BC
:109B20002E2E5C4253505C466C61736844425C610B
:109B300070705F666C61736864622E630000000081
:109B40005B20466C6173684442205D5B25733A2557
:109B5000645D20466C617368444220696E69746973
:109B6000616C697A65642073756363657373667588
:109B70006C6C792E0D0A0A007C070020626F6F74EE
:109B8000000000005B20466C6173684442205D5B0E
:109B900025733A25645D20E4B88AE794B5E6ACA164
:109BA000E695B03A25640D0A0A00000070B586B04B
:109BB00004460D4616460CB105B11EB94FF0FF30F4
:109BC00006B070BD3246294601A804F083FC01AA04
:109BD0002146044804F0F0FC10B14FF0FF30EFE7ED
:109BE0000020EDE7F458002010B509A0FEF7B2FB05
:109BF00014480EF06FFE044624B113A0FEF7AAFB32
:109C0000012010BD17A0FEF7A5FB0020F9E700001A
:109C10007732357178783A206368697020657261AF
:109C2000736520737461727420286D61792074618A
:109C30006B6520757020746F2031303073292E2EA3
:109C40002E0A0000180E00207732357178783A20FD
:109C500063686970206572617365206661696C650F
:109C6000642E0A007732357178783A20636869701B
:109C700020657261736520646F6E652E0A000000B6
:109C800070B501244EF6177500260022314628468D
:109C90000EF06AFD0446204670BD10B505F084FD47
:109CA00010BD000038B5F9F74DFB05460FA0006860
:109CB00000900F480068281AB0F5FA6F09D900BF64
:109CC000F8220CA116A0FEF745FB00BF4FF0FF30B5
:109CD00038BD1E4AA2F182016846F7F73FFF0446ED
:109CE000012C00D1F4E70020F2E7000072727272DA
:109CF000340200202E2E5C4253505C696F4C696226
:109D0000726172795F4472697665725C6170705FCE
:109D100077353530305F687474702E630000000052
:109D20005B20485454502D436C69656E74205D5B14
:109D300025733A25645D20444E53E8A7A3E69E9020
:109D4000E8B685E697B60D0A0A0000002A3C002016
:109D50002DE9F04186B005460E4617461C46DDF853
:109D600030804148007840B100BF6D223FA14AA039
:109D7000FEF7F0FA00BF05F017FD05F025FD2E21D6
:109D80002846F6F77CFA002830D02846F6F781FA04
:109D900010282BD20020029003900490059005A873
:109DA00004A903AB02AACDE900104AA12846F6F7A0
:109DB000B9FA042819D14A49029881F88200039817
:109DC000C1B2474880F883100498C1B2444880F873
:109DD00084100598C1B2424880F8851000BF7C22EB
:109DE00022A140A0FEF7B6FA00BF00BF7F2229469D
:109DF0003B48F6F738FAFF22394639488630F6F7FD
:109E000032FA24B1FF2221464448F6F72CFAB8F181
:109E1000000F05D040F27F1241464148F6F723FA81
:109E20002F48A0F8806000202D4981F80604012009
:109E30000D4908703B490870F9F784FA3A490860FF
:109E400000BF274886302649B1F88010244B8C2269
:109E5000CDE9001005A135A0FEF77CFA00BF002077
:109E600006B0BDE8F0810000300200202E2E5C42DA
:109E700053505C696F4C6962726172795F447269B8
:109E80007665725C6170705F77353530305F68740D
:109E900074702E63000000005B20485454502D4322
:109EA0006C69656E74205D5B25733A25645D20E501
:109EB000B7B2E69C89E8AFB7E6B182E8BF90E8A107
:109EC0008CEFBC8CE5BCBAE588B6E5A48DE4BD8D0D
:109ED0000D0A0A0025642E25642E25642E256400B3
:109EE000A83B00205B20485454502D436C69656E9C
:109EF00074205D5B25733A25645D20E4BDBFE79463
:109F0000A8E59BBAE5AE9A4950EFBC8CE8B7B3E838
:109F1000BF87444E530D0A0A000000002E3D00206A
:109F20002E3E002031020020340200205B204854E5
:109F300054502D436C69656E74205D5B25733A2522
:109F4000645D20485454502D474554207374617209
:109F5000743A25733A256425730D0A0A000000003F
:109F600010B501460848007806280BD151B10748C2
:109F7000021D1CCA006981E81C00C8600348001D5E
:109F8000406810BD0020FCE731020020F0550020A1
:109F900001480078704700003102002070B54FF48E
:109FA0006A70FEF7D9F8054615B1052002F0A0FC4D
:109FB00000231A46012105200DF074FC0446052CEF
:109FC0000BD000BF4FF4DE7208A113A0FEF7C2F958
:109FD00000BF07201C49087070BD03201A49087093
:109FE000F9F7B0F91949086000BFF5E72E2E5C4279
:109FF00053505C696F4C6962726172795F44726937
:10A000007665725C6170705F77353530305F68748B
:10A0100074702E63000000005B20485454502D43A0
:10A020006C69656E74205D5B25733A25645D205311
:10A030006F636B6574E5889BE5BBBAE5A4B1E8B4D2
:10A04000A50D0A0A000000003102002034020020A1
:10A0500070B5044600210E48C0F8041600200D49D2
:10A06000886048600CA10E48F6F7EBF8054625B16C
:10A07000084A0CA12846F6F755F9064884600448BA
:10A08000B0F802160648201A081A0249486070BD46
:10A09000F04F0020F4550020485454502F00000089
:10A0A000F2430020485454502F252A642E252A6458
:10A0B000202564002DE9F04F87B006460F469046F4
:10A0C0001C46DDE910ABDDE912594448007840B187
:10A0D00000BFA32242A14DA0FEF73CF900BF05F04E
:10A0E00063FB05F071FB2E213046F6F7C8F848B344
:10A0F0003046F6F7CEF8102824D2002003900490C2
:10A100000590069006A805A904AB03AACDE90010A6
:10A110004DA13046F6F706F9042812D14D490398AF
:10A1200081F882000498C1B24A4880F883100598EB
:10A13000C1B2484880F884100698C1B2454880F8FA
:10A14000851000BF7F2231464248F6F78CF8FF2287
:10A15000414640488630F6F786F824B1FF22214672
:10A160003D48F6F780F83F2251463C48F6F77BF829
:10A17000B9F1000F05D040F27F1249463848F6F792
:10A1800072F83448A0F880700120324981F8060442
:10A190002A4659463348F6F730F83248A0F80054BA
:10A1A00001200E49087030490870F9F7CBF82F49A3
:10A1B000086000BF274886302649B1F88010254B3B
:10A1C000C522CDE90105009105A129A0FEF7C2F83D
:10A1D00000BF002007B0BDE8F08F00003002002073
:10A1E0002E2E5C4253505C696F4C696272617279C9
:10A1F0005F4472697665725C6170705F7735353087
:10A20000305F687474702E63000000005B20485457
:10A2100054502D436C69656E74205D5B25733A253F
:10A22000645D20E5B7B2E69C89E8AFB7E6B182E8A5
:10A23000BF90E8A18CEFBC8CE5BCBAE588B6E5A47C
:10A240008DE4BD8D0D0A0A0025642E25642E25643B
:10A250002E256400A83B00202E3D0020AF3F0020AB
:10A260002E3E0020F03F002031020020340200206A
:10A270005B20485454502D436C69656E74205D5BBF
:10A2800025733A25645D20485454502D504F535443
:10A290002073746172743A25733A25642573206CB7
:10A2A000656E3A25640D0A0A000000002DE9F84F9A
:10A2B0008548007808B9BDE8F88FF9F743F80446F7
:10A2C00082490968601A41F2883188420AD900BF80
:10A2D0004FF4EC727EA189A0FEF73CF800BF072086
:10A2E000954908709448007809287DD2DFE800F08D
:10A2F000E4050D103441D5D9CE0090490520F7F77B
:10A300001DFC02208C490870DAE0FFF747FED7E019
:10A310008B48007878B9FFF7C5FC0646012E04D1BA
:10A32000874908706948046004E0701C10B9072070
:10A3300081490870C4E000F09DFA0546012D05D161
:10A3400004207D4908706148046004E0681C10B96D
:10A35000072079490870B3E000F026F928B90520F4
:10A36000754908705948046002E007207249087076
:10A37000A6E04FF46A70FDF7EFFE0546052004F0F5
:10A38000AFFD074651480460002F2BDD6D48B0F843
:10A390000206B0F5905F25DA6A48B0F80206C0F50B
:10A3A0009050B84205DA6748B0F80206C0F5905000
:10A3B00000E038461FFA80F86248B0F80226A0F69E
:10A3C000FE301118424605200BF0C0F90646002E5B
:10A3D00007DD5C48B0F80206304481B25948A0F865
:10A3E000021600BF1C2D00E066E002D1052003F03C
:10A3F00005F81DB908205049087061E05148B0F8CF
:10A400000206002841DD50A15148F5F71AFF064623
:10A4100076B306F104084E48A8EB00001FFA80FA54
:10A420004CA14B48F5F70DFF8146B9F1000F17D04D
:10A43000002000906A464BA14846F5F773FF4C494F
:10A440000098C8603F48B0F802060099514488421D
:10A4500005DB4046FFF7FCFD08203749087006E0A1
:10A460002DB94046FFF7F4FD0820334908700BE092
:10A4700055B93448B0F80206002805DD3448FFF726
:10A48000E7FD08202C49087000BF19E0052002F004
:10A490002FFA06202849087012E000200A490870A7
:10A4A0000EE000BF4FF41B7209A132A0FDF752FF6E
:10A4B00000BF05F079F903E000201F49087000BFD4
:10A4C00000BF00BFF7E60000300200203402002089
:10A4D0002E2E5C4253505C696F4C696272617279D6
:10A4E0005F4472697665725C6170705F7735353094
:10A4F000305F687474702E63000000005B20485465
:10A5000054502D436C69656E74205D5B25733A254C
:10A51000645D2048545450E585A8E5B180E8B685CF
:10A52000E697B6EFBC8CE5BCBAE588B6E7BB93E628
:10A530009D9F0D0A0A00000031020020A83A002069
:10A5400038020020F04F00200D0A0D0A0000000024
:10A55000F2430020436F6E74656E742D4C656E6718
:10A5600074683A00252A5B5E3A5D3A202564000053
:10A57000F45500205B20485454502D436C69656E9F
:10A5800074205D5B25733A25645D2048545450E87F
:10A59000AFB7E6B182E5BC82E5B8B8E7BB88E6AD07
:10A5A000A20D0A0A0000000070B5ADF5816D00250E
:10A5B00000244FF4806102A8F5F738FE5E4890F859
:10A5C0000604002838D15D48F5F763FE58B15B48B2
:10A5D000A0F580735AA24FF48061009002A8FDF7A5
:10A5E000C9FE054608E0544B86335BA24FF48061F8
:10A5F00002A8FDF7BFFE05462C46C4F5806102AAFD
:10A6000010194D4B59A2FDF7B5FE04446648F5F705
:10A6100040FE40B1C4F5806102AA1019624B63A2EA
:10A62000FDF7A8FE0444C4F5806102AA101960A2D7
:10A63000FDF7A0FE044463E03F4890F806040128BB
:10A640005ED13E48F5F725FE58B13C48A0F5807331
:10A6500058A24FF48061009002A8FDF78BFE0546DA
:10A6600008E0354B863359A24FF4806102A8FDF70C
:10A6700081FE05462C465A48B0F800045949CDE9F8
:10A680000010C4F5806102AA10192B4B564AFDF741
:10A6900071FE04444448F5F7FCFD40B1C4F5806107
:10A6A00002AA1019404B41A2FDF764FE0444C4F510
:10A6B000806102AA10193EA2FDF75CFE04444848DE
:10A6C000B0F800042044B0F5806F0CDA4449B1F8CA
:10A6D000002402A908194249F5F78FFD4048B0F857
:10A6E000000404440CE000BF4FF4BF723FA14AA035
:10A6F000FDF730FE00BF4FF0FF300DF5816D70BDEE
:10A700004FF46A70FDF728FD17280AD1A2B202A9FA
:10A7100005200BF077FB0646002E01DD0020ECE75C
:10A7200000BF00BF40F28D1230A148A0FDF712FE1D
:10A7300000BF4FF0FF30E0E7A83B00202E3D002097
:10A740004745542025733F257320485454502F31DA
:10A750002E310D0A00000000474554202573204883
:10A760005454502F312E310D0A000000486F73747D
:10A770003A2025730D0A436F6E6E656374696F6EC0
:10A780003A20636C6F73650D0A557365722D4167CE
:10A79000656E743A2057353530302D4D43552D4375
:10A7A0006C69656E740D0A002E3E00202573000052
:10A7B0000D0A0000504F53542025733F2573204845
:10A7C0005454502F312E310D0A000000504F535475
:10A7D00020257320485454502F312E310D0A00008B
:10A7E000F03F0020AF3F0020C4B102082E2E5C4293
:10A7F00053505C696F4C6962726172795F4472692F
:10A800007665725C6170705F77353530305F687483
:10A8100074702E63000000005B20485454502D4398
:10A820006C69656E74205D5B25733A25645D20500C
:10A830004F5354E695B0E68DAEE8B685E587BAE7A6
:10A84000BC93E586B2E58CBA0D0A0A005B20485439
:10A8500054502D436C69656E74205D5B25733A25F9
:10A86000645D20E58F91E98081E5A4B1E8B4A50D90
:10A870000A0A000070B54FF46A70FDF76DFC0446DB
:10A88000172C01D1012070BDF8F75CFD0546244866
:10A890000068281A40F6B83188420AD900BF4FF440
:10A8A0008B7220A12AA0FDF755FD00BF4FF0FF30AD
:10A8B000E9E7222C00D064B9052002F019F82F48EE
:10A8C000B0F880200023012105200CF0EBFF0020D0
:10A8D000D9E7132C21D104222849823140F6A8401F
:10A8E000FDF7F4FC2548B0F88000011241F2A80001
:10A8F000FDF7B2FC214890F8801041F2A810FDF756
:10A90000ABFC04214FF4D470FDF7A6FC00BF4FF45C
:10A91000D470FDF721FC0028F9D10020B3E7000036
:10A92000340200202E2E5C4253505C696F4C6962E9
:10A93000726172795F4472697665725C6170705F92
:10A9400077353530305F687474702E630000000016
:10A950005B20485454502D436C69656E74205D5BD8
:10A9600025733A25645D20544350E8BF9EE68EA5CA
:10A97000E8B685E697B60D0A0A000000A83B00205D
:10A9800010B54FF0FF340120054988610846027B6D
:10A99000044B05A11048FCF7A2F80446204610BD60
:10A9A0004001002045080208247379732F3249744E
:10A9B000733577713861332F6C6F745F64657669B6
:10A9C00063652F7468696E672F70726F706572743B
:10A9D000792F736574000000CC3800202DE9F8430E
:10A9E0004FF0FF342EA63A4890F85200012853D178
:10A9F00001F076FA8146364A36A1484601F014FA4B
:10AA0000334A083234A1484601F00EFA3049B1F811
:10AA10004800F6F769F907463A460B462FA1484623
:10AA200001F0E4F9484601F04DFB0546002D2BD01E
:10AA30003046F5F72EFC87B23A462946304600F0FC
:10AA400013FB0446C4B90020214981F8520008468E
:10AA500000210160416040210830F5F7E7FB00204C
:10AA60001B49A1F8480000BF33467D221DA128489C
:10AA70000095FDF76FFC0EE000BF2346812219A16F
:10AA800024A0FDF767FC06E000BF862215A12FA0D9
:10AA9000FDF760FC00BF00BF2046BDE8F883000062
:10AAA000247379732F324974733577713861332F7A
:10AAB0006C6F745F6465766963652F7468696E672F
:10AAC0002F70726F70657274792F73657400000057
:10AAD00068380020696400006D736700636F646507
:10AAE000000000002E2E5C4253505C696F4C69627E
:10AAF000726172795F4472697665725C6170705FD1
:10AB000077353530305F6D7174742E63000000004E
:10AB10001CB002085B204D5154542D436C69656E86
:10AB200074205D5B25733A25645D206D717474201B
:10AB30007075626C697368206661696C202C207284
:10AB400065743A25640D0A0A000000005B204D512F
:10AB500054542D436C69656E74205D5B25733A25F2
:10AB6000645D20434A534F4E206D616C6C6F6320CF
:10AB70006661696C0D0A0A0010B54FF0FF34074991
:10AB80000748FBF719FB044600BF2346EE2205A148
:10AB90000F48FDF7DFFB00BF204610BD5C01002021
:10ABA000CC3800202E2E5C4253505C696F4C696299
:10ABB000726172795F4472697665725C6170705F10
:10ABC00077353530305F6D7174742E63000000008E
:10ABD00064B0020810B50348018B0348FBF7F3FF8C
:10ABE00010BD00005C010020CC3800200EB5032110
:10ABF0001448FCF765FA4FF400601349CDE90001F1
:10AC0000124B4FF47A720F4902901148FBF7AAFADF
:10AC100000201049C87610480068C8600E480069D6
:10AC200008640D484069C864042008723C20088309
:10AC30000120887609490420F6F780FF00200849A2
:10AC400008700EBDBC380020682800206830002045
:10AC5000CC3800205C010020400100206827002043
:10AC60003E0100202DE9F0478046404601F0A4F95E
:10AC70000746002F3FD021A1384601F087F906464C
:10AC800046B13069F5F705FB81464A461C483169F3
:10AC9000F5F7B3FA1BA1384601F078F904464CB138
:10ACA0002069F5F7F6FA81464A4615484A30216987
:10ACB000F5F7A3FA15A1384601F068F9054655B134
:10ACC000287D1449087000BFAB2213A11DA06B6939
:10ACD000FDF740FB00BF384601F028F926A10848DF
:10ACE0000830FDF761FBC8200549A1F848000120A4
:10ACF00081F8520000BFBDE8F087000069640000E1
:10AD00006838002076657273696F6E0075706461D3
:10AD100074650000B50100202E2E5C4253505C6922
:10AD20006F4C6962726172795F4472697665725CB8
:10AD30006170705F77353530305F6D7174742E637C
:10AD4000000000005B204D5154542D436C69656E2A
:10AD500074205D5B25733A25645D207061727365B4
:10AD600020757064617465202C2076616C75653A7D
:10AD700025640D0A0A00000073756363000000007B
:10AD80001FB54F48007807280AD2DFE800F0040A10
:10AD90003A6E7F839500FFF729FF0120484908702C
:10ADA0008BE048480078002827D1474A474948485F
:10ADB000F6F7D4FE012818D100BF4348C0784249B5
:10ADC0008978414A5278404B1B78CDE90032CDE971
:10ADD00002103E4B40F237123EA149A0FDF7BAFAED
:10ADE00000BF0120374908700AE000BF4FF49E728F
:10ADF00038A150A0FDF7AEFA02E0022030490870F9
:10AE00005BE05848028830495748F6F7D9FC0128DA
:10AE100022D1FFF7B1FEB8B900BF524803882A48D3
:10AE2000C1788078284A527801AC0BC40092264839
:10AE300003784FF4A67227A14C48FDF78BFA00BFA8
:10AE400004201F4908700FE000BF40F2511221A1F9
:10AE500047A0FDF77FFA07E000BF4FF4AB721DA1DA
:10AE60004EA0FDF777FA00BF27E0FFF789FD002825
:10AE70000BD100BF54A340F25F1216A15EA0FDF7F4
:10AE800069FA00BF04200E49087016E005200C493D
:10AE9000087012E0FFF79EFE6448006A58B900F09F
:10AEA0004DF900BF40F271120AA161A0FDF752FAFC
:10AEB00000BFFFF793FD00E000BF00BF1FBD000013
:10AEC000B40100203E01002034010020F4000020E5
:10AED0003A0100202E2E5C4253505C696F4C69622F
:10AEE000726172795F4472697665725C6170705FDD
:10AEF00077353530305F6D7174742E63000000005B
:10AF00005B204D5154542D436C69656E74205D5B1C
:10AF100025733A25645D20444E53204F4B3A20253B
:10AF200073202D3E2025642E25642E25642E256455
:10AF30000A0000005B204D5154542D436C69656E2E
:10AF400074205D5B25733A25645D20444E53206672
:10AF500061696C65642C207265747279696E672E04
:10AF60002E2E0A0038010020BC380020E0B0020874
:10AF70005B204D5154542D436C69656E74205D5BAC
:10AF800025733A25645D206D71747420636F6E6E55
:10AF9000656374206661696C0D0A0A005B204D517F
:10AFA00054542D436C69656E74205D5B25733A259E
:10AFB000645D20697020636F6E6E656374206661E6
:10AFC000696C0D0A0A000000247379732F324974EA
:10AFD000733577713861332F6C6F745F6465766990
:10AFE00063652F7468696E672F70726F7065727415
:10AFF000792F7365740000005B204D5154542D432C
:10B000006C69656E74205D5B25733A25645D205321
:10B0100075622053756363657373202C20746F70A1
:10B0200069633A25730D0A0A00000000CC3800203D
:10B030005B204D5154542D436C69656E74205D5BEB
:10B0400025733A25645D20444953434F4E4E454392
:10B05000542C7265736574204D515454207374617F
:10B0600074650D0A0A0000002DE9FF4104460D46F3
:10B0700017464FF0FF360020009001900290039099
:10B08000029503970E48006A01280DD16A462146B1
:10B090000B48FBF77DFA064600BF3346572209A14D
:10B0A00013A0FDF757F906E000BF5B2205A119A028
:10B0B000FDF750F900BF304604B0BDE8F081000054
:10B0C000CC3800202E2E5C4253505C696F4C696274
:10B0D000726172795F4472697665725C6170705FEB
:10B0E00077353530305F6D7174742E630000000069
:10B0F0005B204D5154542D436C69656E74205D5B2B
:10B1000025733A25645D20726573756C743A256405
:10B110000D0A0A005B204D5154542D436C69656E35
:10B1200074205D5B25733A25645D207374617465DA
:10B13000206572726F720D0A0A00000010B50120BE
:10B14000094908700949087801F0D2FB4FF4006101
:10B150000748F5F76BF84FF400610648F5F766F815
:10B1600000200549087010BDB4010020BC38002043
:10B1700068300020682800203E01002010B53A48C1
:10B180000068401C384908603848008800286ADD9B
:10B1900036488079401C35498871084680793C28BA
:10B1A00061DB0020887108464079401C48710846E0
:10B1B00040793C2857DB0020487108460079401C44
:10B1C00008710846007918284DDB00200A461071E6
:10B1D0000846C078401CD0701F2110468078801E21
:10B1E0000A2829D2DFE800F00A28052806282807BF
:10B1F000280800BF00BF00BF1E211DE01B4A1288A7
:10B200004FF4C87392FBF3F403FB142282B1174A84
:10B210001288642392FBF3F403FB142252B1134A05
:10B220001088C21700EB92729210A0EB82020AB94A
:10B230001D2100E01C2100BF00BF0C48C0788842DF
:10B2400010DD0120094AD07010468078401C9070B3
:10B25000104680780C2805DD01209070104600888B
:10B26000401C108000BF10BD140200201C020020F2
:10B2700001480078704700002D0200200146064872
:10B28000008808B90020704721B1034802680A60AD
:10B29000406848600120F6E71C02002000B585B038
:10B2A0007048007805287DD2DFE800F0030A539645
:10B2B000C00000206C49087001206A490870CEE087
:10B2C00069480078002836D168490420F6F736FC32
:10B2D000674A68496848F6F741FC012824D100BF55
:10B2E0006348C07862498978614A5278604B1B781C
:10B2F000CDE90032CDE902105E4BC7225FA169A003
:10B30000FDF728F800BF012057490870704B7148BD
:10B31000027857490620FBF71DFF01206E4908708F
:10B3200002205049087013E000BFD22253A16BA045
:10B33000FDF710F80CE0664B664802784C49062091
:10B34000FBF708FF01206449087002204549087096
:10B3500085E06148007818B90120424908707EE014
:10B360006948FBF73BFF012835D1674800886749EA
:10B3700008806548807888706348C078C8706248E3
:10B38000007908716048407948715F488079887118
:10B390005F4800685F49086000205F49087000BF8F
:10B3A0005A4800E05AE081794079584A1279574B5F
:10B3B000DB78CDE90132CDE9030154488078009073
:10B3C00052480388F4222DA154A0FCF7C3FF00BF0C
:10B3D00003202449087042E04F48007840B1002023
:10B3E000214908703C49087001201E49087036E068
:10B3F0005A480088002818DD454800684549096812
:10B40000401A5649098888420FD30020164908700F
:10B410003149087001201349087000BF40F2111231
:10B4200016A14FA0FCF796FF00BF18E0384800684F
:10B4300038490968401A3C280FD300200A4908708F
:10B440002549087001200749087000BF40F21F120B
:10B450000AA14FA0FCF77EFF00BF00E000BF00BFC5
:10B4600005B000BD2D020020CC01002028390020AD
:10B470000D020020CD010020C80100202E2E5C42CC
:10B4800053505C696F4C6962726172795F44726992
:10B490007665725C6170705F77353530305F6E74E1
:10B4A000702E63005B204E5450205D5B25733A255F
:10B4B000645D20444E53204F4B3A202573202D3E8F
:10B4C0002025642E25642E25642E25640D0A0A008D
:10B4D000283A0020110200202C0200205B204E544C
:10B4E00050205D5B25733A25645D20444E532066F1
:10B4F00061696C65642C207265747279696E672E5F
:10B500002E2E0D0A0A000000240200201C0200203A
:10B5100014020020180200202E0200205B204E544E
:10B5200050205D5B25733A25645D204E5450207396
:10B53000796E63204F4B3A20253034642D2530320C
:10B54000642D2530326420253032643A253032644F
:10B550003A253032640D0A0A000000001202002071
:10B560005B204E5450205D5B25733A25645D204E70
:10B57000545020706572696F6469632073796E63DB
:10B58000207472696767657265640D0A0A000000BD
:10B590005B204E5450205D5B25733A25645D204E40
:10B5A00054502072657472792061667465722066E9
:10B5B00061696C0D0A0A000000B591B0202109A84C
:10B5C000F4F734FE00200590069007900890049050
:10B5D000202209A924A0FEF747FA002815D120212E
:10B5E00009A8F4F723FE202222A109A8F4F705FEFA
:10B5F000202209A91CA0FEF7D9FA30B900BF1E22EB
:10B6000021A12D48FCF7A6FE00BF04AA08A807A99F
:10B6100006ABCDE90102009105AA28A109A8F4F71B
:10B6200081FE2A4905980870069848700798887026
:10B630000898C87026490498088000BF0846038807
:10B640002248C07821498978204A5278CDE90203FE
:10B65000CDE900211D48037828220BA11D48FCF7E5
:10B6600079FE00BF11B000BD636C69656E745F69DF
:10B670006E666F003139322E3136382E312E313030
:10B680003A323334350000002E2E5C4253505C6950
:10B690006F4C6962726172795F4472697665725C3F
:10B6A0006170705F77353530305F7463705F636CE5
:10B6B00069656E742E63000044AF020825642E2570
:10B6C000642E25642E25643A25640000D6000020EF
:10B6D000DA00002000AF02082DE9F04704460D46CD
:10B6E00016469946DDF820804FF0FF374FF4427040
:10B6F000FCF732FD172806D13246294620460AF0CB
:10B7000081FB074606E000BF412204A10FA0FCF721
:10B7100021FE00BF3846BDE8F08700002E2E5C42B7
:10B7200053505C696F4C6962726172795F447269EF
:10B730007665725C6170705F77353530305F746349
:10B74000705F636C69656E742E6300005B20544308
:10B75000502D434C49454E54205D5B25733A25647A
:10B760005D2074637020636C69656E74207374610E
:10B770007465206572726F720D0A0A002DE9F04F30
:10B7800089B04FF0FF36202101A8F4F74FFD01A842
:10B79000F6F75CFA00F0A4FB054600F0A1FB814639
:10B7A00000F09EFB824600F09BFB83465B490868E5
:10B7B0000968491C594B1960F5F796FA07463A464D
:10B7C0000B4657A1284600F011FB56A25BA1284664
:10B7D00000F02AFB5BA25EA1284600F025FB01AA2F
:10B7E0005DA1504600F020FB5C490869F5F7C1FAFD
:10B7F00007463A460B465AA1504600F0F7FA5A4817
:10B800000088F5F771FA07463A460B4657A15046AD
:10B8100000F0ECFA5148007808B1012000E0002067
:10B82000024655A1484600F0B7FA4C48407808B1A6
:10B83000012000E00020024650A1484600F0ACFA8A
:10B840004648807808B1012000E0002002464CA163
:10B85000484600F0A1FA4148C07808B1012000E054
:10B860000020024647A1484600F096FA3B48007D7A
:10B8700008B1012000E00020024643A1484600F044
:10B880008BFA36494868F5F774FA07463A460B468C
:10B890003FA1584600F0AAFA30498868F5F769FADE
:10B8A00007463A460B463BA1584600F09FFA2B4903
:10B8B000C868F5F75EFA07463A460B4636A1584681
:10B8C00000F094FA524635A1284600F07FFA4A4625
:10B8D00034A1284600F07AFA5A4634A1284600F0EE
:10B8E00075FA284600F0EEFB04462046F4F7D1FC3A
:10B8F00087B230480388304A3946204600F05EF867
:10B90000064614B12046FCF7ABFD15B1284600F001
:10B910000DFB304609B0BDE8F08F0000D0000020DC
:10B92000696400007463705F7365727665725F733B
:10B93000656E645F726571756573740074797065A6
:10B940000000000054435020534552564552000019
:10B950006E6574776F726B0055494400401F00207C
:10B9600074656D7000000000C0000020696E746591
:10B970007276616C00000000444F3100444F320089
:10B9800044493100444932004265657000000000BE
:10B990004149310041493200414F32004465764906
:10B9A0006E666F004469676974616C00416E616C1A
:10B9B0006F670000C2000020C40000202DE9FF5F77
:10B9C00006460F4692469B464FF0FF3800200090F7
:10B9D0000190029003902E48007817284AD16A46B9
:10B9E000394630460CF028F9304600F0E5FA0546B5
:10B9F0004DB900BF482227A132A0FCF7ABFC00BF25
:10BA00006FF0010835E06A463AA1284600F00CFACA
:10BA1000284600F057FB04464CB900BF52221DA136
:10BA200035A0FCF797FC00BF6FF002081DE04FF453
:10BA30005270FCF791FB17280BD12046F4F729FC34
:10BA40001FFA80F94A46214602200AF0DBF98046B7
:10BA500008E04FF0FF3800BF5E220EA132A0FCF7D5
:10BA600079FC00BF2046FCF7FBFC284600F05EFA9C
:10BA700000BF08E000BF682206A139A0FCF76AFCFD
:10BA800000BF4FF0FF38404604B0BDE8F09F000013
:10BA9000CA0000202E2E5C4253505C696F4C6962D4
:10BAA000726172795F4472697665725C6170705F11
:10BAB00077353530305F7463705F736572766572A9
:10BAC0002E6300005B205443502D5345525645527F
:10BAD000205D5B25733A25645D2073656E64206488
:10BAE00061746120666F726D6174206572726F722D
:10BAF0000D0A0A006D6435005B205443502D5345F8
:10BB000052564552205D5B25733A25645D2073656E
:10BB10006E642064617461206D616C6C6F6320667B
:10BB200061696C0D0A0A00005B205443502D534597
:10BB300052564552205D5B25733A25645D2074633F
:10BB4000702073657276657220736F636B65742005
:10BB50007374617465206572726F720D0A0A000059
:10BB60005B205443502D534552564552205D5B2572
:10BB7000733A25645D207374617465206572726F19
:10BB8000720D0A0A000000002DE9F84304460D4634
:10BB900016461F46DDF820804FF0FF394FF44A70FB
:10BBA000FCF7DAFA222809D13B46324629462046DC
:10BBB000CDF800800AF056FE814601E04FF0FF39D3
:10BBC0004846BDE8F8830000054840690449097CFF
:10BBD00090FBF1F0024988610846806970470000D7
:10BBE0007C57002000200549886148610874084698
:10BBF0000021016041608160C16070477C57002076
:10BC0000014611480246127C042A08DA037C5A1CB9
:10BC1000027440F8231042690A44426112E003684A
:10BC20004269D21A426142690A444261002206E036
:10BC3000531C50F8233040F82230531CDAB2032A48
:10BC4000F6DBC160704700007C57002010B5102162
:10BC5000FF20F5F74DFD0149088010BD0C060020BE
:10BC60002DE9F041FFF7F2FF0E480088F5F726F8BE
:10BC700007460D49F4F790FE06460C49F4F7BEFE60
:10BC800004460B492046F4F781FE07460949F4F7BC
:10BC9000B5FE06460849F4F77CFE05462846BDE891
:10BCA000F08100000C0600203333534000F07F4544
:10BCB0003D0AB73F04E78C3B0000C84110B5074878
:10BCC0000068806840F400000449096888600A2020
:10BCD000F7F776F90148F6F731F810BD880A002029
:10BCE00030B5024600231BE0002013E052F820503C
:10BCF000441C52F82440A5420ADD52F82040451C5D
:10BD000052F8255042F82050451C42F8254000BF0B
:10BD1000441CE0B24C1EE41A8442E7DC581CC3B257
:10BD2000481E9842E0DC30BD10B50246002309E011
:10BD3000064800680078107004480068401C034CF6
:10BD400020605B1C8B42F3DB084610BDF000002036
:10BD5000014609B1086808B90020704719B1D1E956
:10BD60000120904201D30846F7E702E08868401CB2
:10BD7000886041B1D1E90120904204D28A68086804
:10BD8000805C2028F2DDD1E90120904202D1886850
:10BD9000401E88600846E0E7F8B505460E461446A2
:10BDA000204600F05BF807460020074B3A46314634
:10BDB00000902846FDF763FD08B13846F8BD3846C7
:10BDC00000F0B4F80020F9E73C060020F8B504467E
:10BDD0000D4616460020044B324629460090204668
:10BDE000FDF74DFDF8BD00003C0600202DE9F843AD
:10BDF00006460F4614461D462046294600F03EF8EA
:10BE000080460020074B4246394600903046FDF7F9
:10BE100036FD10B14046BDE8F883404600F086F894
:10BE20000020F8E73C060020F8B505460E4614460B
:10BE3000204600F061F807460020074B3A4631469D
:10BE400000902846FDF71BFD08B13846F8BD38467E
:10BE500000F06CF80020F9E73C06002070B50546BC
:10BE6000054800F09CF8044624B10DB1022000E022
:10BE70000120E060204670BD3C06002070B50546FC
:10BE80000E46134800F08BF80446F4B10820E06039
:10BE9000C4E906560F4A104B28463146F4F794FF82
:10BEA00003D86FF0004060610FE000220B4B284682
:10BEB0003146F4F771FF03D84FF00040606104E0B1
:10BEC00028463146F4F736FF6061204670BD000019
:10BED0003C0600200000C0FFFFFFDF410000E0C182
:10BEE00010B5044800F05BF804460CB14020E06057
:10BEF000204610BD3C06002070B505460A4800F0FB
:10BF00004EF804466CB11020E0600749284600F066
:10BF1000E3F82061206920B9204600F007F80020EE
:10BF200070BD2046FCE700003C06002070B50446CA
:10BF3000002526E02568A08900F4807020B9A0685B
:10BF400010B1A068FFF7F2FFA08900F4807038B943
:10BF5000206928B10C4A2069516888470020206177
:10BF6000A08900F4007038B9206A28B1064A206A16
:10BF7000516888470020206203484168204688476E
:10BF80002C46002CD6D170BD3C06002070B504466E
:10BF90000D4600222946204603F020F970BD70B5F9
:10BFA000044628202168884705461DB128212846D7
:10BFB000F4F73CF9284670BD10B50446002211463E
:10BFC000204600F06BF810BD2DE9F0478AB004461A
:10BFD0000E46154698461C2103A8F4F727F90027BA
:10BFE00000202C490860486004B106B932E003948F
:10BFF000049600200590284A07CA07AB07C32648C5
:10C00000FFF7CDFF074607B924E003A80BF02CFC8F
:10C010008246FFF79DFE81464946384607F0FAFD05
:10C0200000B917E0B8F1000F0BD003A8FFF790FE9E
:10C03000DDE90410884203D205990398405C00B101
:10C0400008E01DB1059903980844286038460AB0F5
:10C05000BDE8F08717B13846FFF768FFC4B1019417
:10C0600000200290DDE90410884202D20598029077
:10C0700004E0049810B10498401E02901DB1DDE95F
:10C080000101084428600348DDE9011206C000BF31
:10C090000020DCE7340600203C0600202DE9F041BA
:10C0A00004460D46164614B90020BDE8F08120462E
:10C0B000F4F7EFF8471C33462A4639462046FFF787
:10C0C00083FFF2E710B50446024A0021204607F03C
:10C0D0003FFE10BD3C0600202DE9F04104460D4610
:10C0E0000026002714B90020BDE8F0812046F4F7AF
:10C0F000D0F8461C30462968884707460FB900200B
:10C10000F2E7324621463846F4F777F83846EBE74F
:10C110002DE9F04F8DB007468846002400BF00BFD0
:10C1200000BF0020049081468346039000BFCDE904
:10C130000A78904A002338464146F4F717F8CDE9CB
:10C140000601002108910991DFF82CA28B4802908A
:10C1500044E00BF26C714FF4C87291FBF2F302FBF6
:10C16000131181B10BF26C71642291FBF2F302FBAB
:10C170001311D1B10BF26C70C11700EB91718910E2
:10C18000A0EB810189B9DDE90A120298081A62F16F
:10C190000002CDE90A024FF4B773DDE90810C918AF
:10C1A00040F10000CDE9081010E0DDE90A01B0EB34
:10C1B0000A0061F10001CDE90A0140F26D13DDE9E9
:10C1C0000801C01841F10001CDE908010BF101009F
:10C1D0001FFA80FB09F101001FFA80F9DDE90A105E
:10C1E000B1EB0A0170F10000B3D209F26C701FFAD2
:10C1F00080F96348A0F8009000BFDDE90831DDE96F
:10C200000620D51A60EB0106012464E0012C0BD056
:10C21000032C09D0052C07D0072C05D0082C03D0FF
:10C220000A2C01D00C2C0CD11F3D66F10006002118
:10C230000846691A76EB000000DA52E004981F30D5
:10C240000490022C2FD14FF4C87199FBF1F201FB3D
:10C25000129169B1642199FBF1F201FB1291A9B12C
:10C260004FEAE97109EB91718910A9EB810169B974
:10C270001D3D66F1000600210846691A76EB0000B4
:10C2800000DA2EE004981D3004900CE01C3D66F1AD
:10C29000000600210846691A76EB000000DA20E06B
:10C2A00004981C300490042C05D0062C03D0092CD3
:10C2B00001D00B2C0CD11E3D66F100060021084672
:10C2C000691A76EB000000DA0BE004981E30049047
:10C2D00004F10100C4B24FF01C01691A76F10000AC
:10C2E00094DA00BF2648847008990698411A049889
:10C2F000081A80B20390039800F1010080B2039005
:10C300001F490398C8701B4A4FF000033846414646
:10C31000F3F72CFF174698464FF461620023384626
:10C320004146F3F723FF164908714FF46162002379
:10C3300038464146F3F71AFFCDE900233C2200239B
:10C34000DDE90001F3F712FF0D4948714FF4616216
:10C35000002338464146F3F709FFCDE900233C228C
:10C360000023DDE90001F3F701FF05498A710DB0F3
:10C37000BDE8F08F805101008033E1010085E201CA
:10C380003C02002070B504460D4604B10DB90120F1
:10C3900070BDAC4201D10020FAE705E0207808B971
:10C3A0000020F5E7641C6D1C2078F3F720FF06469B
:10C3B0002878F3F71CFF8642F0D02078F3F717FFB8
:10C3C00006462878F3F713FF301AE1E770470000BC
:10C3D00038B54FF4D850FBF7BFFE054603214FF4A4
:10C3E000D850FBF739FF41F288300F4B11220FA1D3
:10C3F0000090134800780AF035FA044629464FF4B5
:10C40000D850FBF729FF04F10D0008B9012038BD11
:10C4100009F0E8FD0B48046800BF0A480068001BEB
:10C420000228FAD30020F2E77D000020434845436C
:10C430004B5F49505F434F4E464C49435400000008
:10C44000700000209400002010B50124254890F9C8
:10C450000000022829DA2448006824490968884233
:10C460003DD2234890F90000012804D0022805D0CD
:10C47000042809D105E009F0B5FE06E009F0FEFF49
:10C4800003E009F0FBFF00E000BF00BF00201749F8
:10C490000860084600680A301349086011480078AF
:10C4A000401C40B20F49087019E0114890F9000093
:10C4B000012804D0022807D004280CD105E0002070
:10C4C0000B490870002407E000BF09F08BFE012033
:10C4D0000749087000E000BF00BF09F01FFC2046BC
:10C4E00010BD00008E000020980000209400002065
:10C4F0008D0000200C480068032812D300200A4950
:10C5000008600A480078022804DB00200749087008
:10C51000401E704705480078401C04490870002000
:10C52000F7E70120F5E70000C0010020C40100206A
:10C530002DE9F04104460D4617462E46207840B1BD
:10C54000A078032805D1012086F83000304602F09B
:10C55000E8FB0020BDE8F0812DE9FE4304460E46CD
:10C56000174635466078002849D02078032846D100
:10C5700031A0FBF7EFFE2846FCF709F8804642465B
:10C5800031A02968FBF7E6FEA17804F110023148DA
:10C59000FBF7E0FE2146284604F09CF9002815D15F
:10C5A00025A0FBF7D7FE2846FBF7F1FF8046424661
:10C5B00025A02968FBF7CEFE40F2446226A12EA0FA
:10C5C000FBF7C8FE2FA0FBF7C5FE32E01AA0FBF771
:10C5D000C1FE2846FBF7DBFF804642461AA02968C9
:10C5E000FBF7B8FE40F246621BA123A0FBF7B2FEA8
:10C5F0002C48A168FBF7AEFE0120BDE8FE83207841
:10C6000001280AD10521CDE90010062302AA2846F7
:10C61000216DFCF7F5FA0120EFE7607848B120784A
:10C62000022806D1A27804F110012846236D0BF0F0
:10C63000BBFE0020E1E700005B466C61736844428A
:10C640005D5B6B765D0000005B25735D5B25735D54
:10C65000200000003CB802082E2E5C4253505C467D
:10C660006C61736844425C7372635C6664625F6BA6
:10C670007664622E630000002825733A2564292021
:10C68000000000005265636F7665727920746865FA
:10C69000204B56207375636365737366756C2E0A41
:10C6A00000000000CCB802082DE9F04105460F4615
:10C6B000002600243AE005EB841101F11C0001F092
:10C6C000B5F906467EB98A221A491BA0FBF742FE3D
:10C6D00005EB841000F11C011CA0FBF73BFE26A01B
:10C6E000FBF738FE21E005EB8410406BF1698842CE
:10C6F00017DB90220F4921A0FBF72CFE05EB8410DD
:10C70000F369426B05EB8410011D2348FBF722FE01
:10C7100022A0FBF71FFE002022490860401EBDE852
:10C72000F081214840F8246000BF641CBC42C2D3A1
:10C730000020F4E7ECAC02085B442F46414C5D203E
:10C740002825733A25642920000000005761726E85
:10C75000696E673A20446F204E4F5420666F756EA5
:10C76000642074686520666C61736820646576690E
:10C770006365282573292E000A0000001B5B3331F6
:10C780003B32326D5B452F46414C5D202825733A84
:10C790002564292000000000C4B902081B5B306D2D
:10C7A0000A00000078070020E858002030B5034652
:10C7B0000D4614462078012807D15878032802D066
:10C7C0005878022801D158682860587820700020D5
:10C7D00030BD00002DE9F04704460D46164620788E
:10C7E000002828D1A8463746D8F80000401CC8F8D1
:10C7F0000000B87E10B10120BDE8F0870FA0FBF764
:10C80000A9FD3846FBF7C3FE81464A460FA03968AA
:10C81000FBF7A0FD40F225620FA117A0FBF79AFDE0
:10C8200018486168FBF796FD4FF0FF3238466168A3
:10C8300002F0CEF900BF0020DEE700005B466C612D
:10C84000736844425D5B6B765D0000005B25735D41
:10C850005B25735D200000002E2E5C4253505C4629
:10C860006C61736844425C7372635C6664625F6BA4
:10C870007664622E630000002825733A256429201F
:10C8800000000000F8B70208014800697047000086
:10C890009857002005480021016101734FF4C80139
:10C8A00041600021816001607047000098570020BE
:10C8B000014600220D4843688B4202DB83688B42AD
:10C8C00004DD0022037B5B1C037302E001220023D2
:10C8D0000373037B052B01DD016105E012B90368D9
:10C8E000036101E00161016070470000985700207A
:10C8F00010B5044600BF082C02DD4FF0FF3010BD1C
:10C9000000BFA100491C4FF4807202EBC10010214E
:10C91000FBF7A2FC00BFA100491C4FF4807202EBA0
:10C92000C100FBF719FC0028F5D1A100491C4FF408
:10C93000007202EBC1001F21FBF78EFC0120A0401A
:10C940000F49098881430E4801800120A0400D490C
:10C95000098881430B48018000200B4921F814000D
:10C960000A49085500BFA100491C4FF4407202EB70
:10C97000C100FBF7F1FB0028F5D10120BFE7000063
:10C980002E00002030000020582700203200002018
:10C990002DE9FC5F04460D4616461F4627F000436E
:10C9A000B24625F000405246CDE9004020460199AC
:10C9B000F4F70AFA03D225F00041204602E027F0FE
:10C9C000004130468046894600220D4B404649468C
:10C9D000F4F7F9F882468B4632463B462046294614
:10C9E000F4F7EBF821F0004152465B46CDE9000137
:10C9F000F4F7D2F902D80120BDE8FC9F0020FBE744
:10CA00000000B03C0148806870470000DC570020FF
:10CA100000200349886008604FF480304860704708
:10CA2000DC57002010B501460548426881FB023200
:10CA3000140444EA134203681A44826010BD0000E3
:10CA4000DC57002070B504460D46164600BF082C82
:10CA500002DD4FF0FF3070BD00BF00BFA100491CD8
:10CA6000002202EBC100FBF777FB00F00F0001286A
:10CA700002D06FF00400EEE700BF00BFA100491C28
:10CA80004FF4407202EBC100FBF766FB132802D0A3
:10CA90006FF00200DFE700BF2978687861F31F209C
:10CAA0000146A87861F31F200146E87861F31F2052
:10CAB0000146481C00B111B96FF00B00CBE716B965
:10CAC0006FF00A00C7E7A100491C4FF4406202EB77
:10CAD000C10004222946FBF7F9FB3112A200521CC7
:10CAE0004FF4805303EBC200FBF7B6FBF1B2A20098
:10CAF000521C4FF4805303EBC20202F58070FBF727
:10CB0000ABFBA100491C4FF4807202EBC100042171
:10CB1000FBF7A2FB00BFA100491C4FF4807202EB9F
:10CB2000C100FBF719FB0028F5D10120A0401B49EB
:10CB30000988084008B100208DE722E0A100491CC7
:10CB40004FF4007202EBC100FBF706FB00F0080097
:10CB500058B1A100491C4FF4007202EBC10008213A
:10CB6000FBF77AFB6FF00C0075E7A100491C4FF44E
:10CB7000407202EBC100FBF7EFFA10B96FF003004F
:10CB800069E7A100491C4FF4407202EBC100FBF7BA
:10CB9000E3FA1728D2D101205DE700002E00002023
:10CBA0002DE9F04F89B005460F4690469946DDF8CD
:10CBB00048B00024002002907E694046F3F769FBEC
:10CBC000402813D97BA0FBF7C5FB2846FBF7DFFC09
:10CBD000824652467BA02968FBF7BCFB40217CA023
:10CBE000FBF7B8FB052009B0BDE8F08FFF22182144
:10CBF00003A8F3F714FB814804904046F3F749FB80
:10CC0000C0B28DF81C00CDF820B09DF81C00014684
:10CC100018310898084405900599E8681038814251
:10CC200010D964A0FBF796FB2846FBF7B0FC8246C0
:10CC3000524664A02968FBF78DFB71A0FBF78AFBC5
:10CC40000720D0E7701C40B939462846059A05F000
:10CC500029F90646401C00287ED034B902AB39467B
:10CC60002846059A0BF042FC0446002C45D1FF20D3
:10CC7000019000200690042207A9069801F02EFCDE
:10CC80000690042208A9069801F028FC06909DF859
:10CC90001C204146069801F021FC06909DF81C00DE
:10CCA0009DF81C10A0EB010A05E0012201A90698DD
:10CCB00001F014FC0690BAF10000AAF1010AF4D1C7
:10CCC0004946089A069801F009FC069008990898C8
:10CCD000A0EB010A05E0012201A9069801F0FEFB84
:10CCE0000690BAF10000AAF1010AF4D103AA314674
:10CCF00028460DF038FB044600BFF4B99DF81C30FF
:10CD0000424606F118012846FBF792FC04469DF8BE
:10CD1000080058B99DF81C00034606F118000344AA
:10CD200008981A18284679680BF065FC9DF81C20B5
:10CD30003346414628460BF037FB5CB99DF81C0092
:10CD4000024606F1180011184A462846089BFBF7D0
:10CD50006FFC044664B900E029E0012002210623AB
:10CD600003AACDE9001031462846FBF749FF0446E7
:10CD7000002C1BD19DF80800002817D00DA0FBF750
:10CD8000E9FA2846FBF703FC019002460DA029684A
:10CD9000FBF7E0FA40F2E94221A129A0FBF7DAFA19
:10CDA0002AA0FBF7D7FA012085F8300000E007241D
:10CDB000204618E75B466C61736844425D5B6B76A6
:10CDC0005D0000005B25735D5B25735D2000000046
:10CDD0004572726F723A20546865204B56206E611E
:10CDE0006D65206C656E677468206973206D6F7265
:10CDF00065207468616E2025640A00004B5630304F
:10CE00004572726F723A20546865204B56207369E0
:10CE10007A6520697320746F6F206269670A000069
:10CE20002E2E5C4253505C466C61736844425C73C6
:10CE300072635C6664625F6B7664622E63000000FE
:10CE40002825733A25642920000000005472696780
:10CE5000676572206120474320636865636B2061CA
:10CE6000667465722063726561746564204B562E2A
:10CE70000A0000002DE9FC4106460C460025002072
:10CE800000900190102E7CD2DFE806F0080B1A16F5
:10CE90001E2226323F54575B5F6064700DF061F8CC
:10CEA00072E01CB10094009808300190DDE90001A7
:10CEB0000CF052FFBDE8FC8120880CF0C5FE63E059
:10CEC0000CF0F2FE20805FE020880CF0E7FF5BE0D2
:10CED0000CF0FFFE208057E0208801124FF498509C
:10CEE000FBF7BAF921784FF4A050FBF7B5F94BE006
:10CEF0004FF4A050FBF730F907464FF49850FBF77A
:10CF00002BF907EB002020803EE02148807820703C
:10CF10001F48C07860701E480079A0701C48407996
:10CF2000E0701B48807920711948C0796071002039
:10CF3000A07129E00DF0FDF826E020460DF013F970
:10CF400022E020460DF09EF81EE01DE020780DF056
:10CF500036F9AFE70DF0DEF8C5B268B2401C18B97B
:10CF60004FF0FF30A6E70CE025700DE00DF0C6F89D
:10CF7000C5B268B2401C10B94FF0FF309AE7257077
:10CF800002E04FF0FF3095E700BF002092E700007D
:10CF90003C0000202DE9F0418EB004460E4631469B
:10CFA000204607F0ACFB87B24FF000080025B81E02
:10CFB0000C2809D2DFE800F006090755827E8208B6
:10CFC0008282827F00BF00BF78E00AAA09AB616954
:10CFD000E068CDE90132CDE903100BA808AB0B3AAC
:10CFE00006A900900E38F9F7ACF9012800D06AE0E4
:10CFF0000698C0B28DF81C0007AA0BA9204600F0C5
:10D00000A5F99DF81C0058B39DF81C0001280AD111
:10D01000BDF82000009000230422A1682069F9F7E0
:10D0200030FB80460DE09DF81C00022809D1BDF8B8
:10D030002000009000230522A1682069F9F721FB58
:10D040008046B8F1000F02DC4FF0FF3505E03246B4
:10D050004146204608F096FF0546681C00B932E0BC
:10D060002CE0E06800900DAA0CA90BA86369F9F701
:10D07000F7F8012802D04FF0FF3517E0BDF8340073
:10D08000009000230622A1682069F9F7FAFAB0F1AE
:10D09000000802DC4FF0FF3508E0324641462046EA
:10D0A00008F070FF051E01D04FF0FF35681C00B975
:10D0B00009E003E002E00020207700BF00BF204627
:10D0C00002F057FC00BF05B93D4628460EB0BDE84A
:10D0D000F0812DE9F84F05460C46164601274FF022
:10D0E00000084FF0040A0020206000BF4FF0FF3915
:10D0F00008F101008046042801DD00BF1BE0286D17
:10D10000334601226946D0F804C0E0478146B9F1B0
:10D11000010F00D00FE09DF8001001F07F012068A2
:10D1200001FB07002060FF019DF8000000F0800077
:10D130000028DBD100BF4046BDE8F88F10B50422BF
:10D1400008494FF47060FBF7C1F8042206494FF418
:10D15000A060FBF7BBF8042204499001FBF7B6F886
:10D1600010BD00007D00002085000020810000200F
:10D1700010B580210020FBF76FF80020FAF7ECFFD4
:10D18000062203494FF41060FBF7A0F810BD000021
:10D19000AC00002010B580210020FBF75DF80020D6
:10D1A000FAF7DAFFFFF7CAFF062203494FF41060CF
:10D1B000FBF78CF810BD0000AC0000202DE9F04F0B
:10D1C00099B004460E46154698460027582103A8F4
:10D1D000F3F72CF8002D21D103AA3146204601F0A7
:10D1E000DDFB08B103AD19E040A0FBF7B3F8204622
:10D1F000FBF7CDF98246524640A02168FBF7AAF81A
:10D2000040F2BE3240A148A0FBF7A4F8314649A045
:10D21000FBF7A0F8052019B0BDE8F08FB8F1000FBA
:10D220000ED100200321CDE90010062302AA2046DA
:10D23000296DFBF7E5FC0746012084F8A40027E0F0
:10D2400001200421CDE90010062302AA2046296D01
:10D25000FBF7D6FC074694F8A400B0B9AFB95EB1AD
:10D260003046F3F716F882464FF0FF335246314608
:10D2700020460BF099F808E03DB1AA784FF0FF3353
:10D2800005F1100120460BF08FF8002084F8A4006F
:10D29000286DE168B0FBF1F0484300F101091FBBC4
:10D2A000042302AA49462046FBF748FC01281BD16B
:10D2B0000221042302AACDE9001049462046FBF7CB
:10D2C0009FFC0746286DE168B0FBF1F000FB01FB15
:10D2D0005946204602F0E0F88246BAF1000F02D02B
:10D2E00002218AF8021000BF384694E75B466C6161
:10D2F000736844425D5B6B765D0000005B25735D87
:10D300005B25735D200000002E2E5C4253505C466E
:10D310006C61736844425C7372635C6664625F6BE9
:10D320007664622E630000002825733A2564292064
:10D33000000000004E6F7420666F756E6420272514
:10D34000732720696E204B562E0A00002DE9FC4100
:10D3500004460E4690464FF0FF37002529E004F1C1
:10D36000240050F8350018B304F1240050F83510AB
:10D370003046F9F7D8F838B904F1240151F83500EE
:10D38000314602F0BBFA98B104F1240000EBC5006D
:10D39000406868B1424631466846F9F78DFE04F1AF
:10D3A000240000EBC500416868468847002700BF9D
:10D3B0006D1C052DD3DB781C58B9E06C48B1424692
:10D3C00031466846F9F778FE6846E16C88470027E1
:10D3D00000BF3846BDE8FC8170B504460D462946BD
:10D3E0002046F5F7A1FF70BD70B504460D46164600
:10D3F000324629462046F5F79FFF70BD10B504461A
:10D4000000BF082C02DD4FF0FF3010BD00BF00BF91
:10D41000A100491C002202EBC100FAF79DFE00F0BA
:10D420000F00012802D06FF00400EEE700BFA1005A
:10D43000491C4FF4807202EBC1000821FAF70CFF7F
:10D44000A100491C4FF4807202EBC100FAF784FE80
:10D45000A04201D00020D8E70120A040154909884A
:10D460008143144801800120A040134909880840E5
:10D4700008B10020C9E7A100491C4FF4007202EB7B
:10D48000C100FAF769FE00F0080028B12046FFF756
:10D490002FFA6FF00C00B8E7A100491C4FF440725E
:10D4A00002EBC100FAF758FE08B90120ADE70120F0
:10D4B000ABE70000300000202E0000202DE9F041F5
:10D4C000B0B080460C461646C0236A462146404608
:10D4D00006F02EF90546681C18B9002030B0BDE8EA
:10D4E000F0812C44204601F0A7FC0746A41CA41C94
:10D4F000241DA41C112F5DD2DFE807F05C091A5C23
:10D500005C163D1718195C5C1B285C2F5B0014F837
:10D51000010B307014F8010B707014F8010BB0702F
:10D5200014F8010BF07046E000BF00BF00BF00BF61
:10D5300000BFC0236A462146404606F0F9F805467A
:10D54000681C08B90020C9E72C4434E014F8015BDA
:10D550002C4414F8015B2C442DE0A41CC0236A4623
:10D560002146404606F0E4F80546681C08B900204C
:10D57000B4E72C441FE0C0236A462146404606F02B
:10D58000D7F80546681C08B90020A7E72C44C0233B
:10D590006A462146404606F0CBF80546681C08B9A5
:10D5A00000209BE72C44241D241D241D241D241D24
:10D5B00001E000E000BF00BF20468FE72DE9F04FFB
:10D5C000B1B081468B4690461C464546324800889D
:10D5D000401C3149088008460188284607F00CF8AD
:10D5E00005464FF4807040EAC92080B2009028467A
:10D5F000009907F001F805460121284606F0FCFFD6
:10D6000005460021284606F0F7FF0546002128467A
:10D6100006F0F2FF05460021284606F0EDFF05461C
:10D62000594601A8F2F757FE01AF3846F2F731FE2E
:10D630001FFA80FA00BF2E213846F2F720FE064678
:10D6400016B1F01B84B200E0544605F8014B04B952
:10D6500011E0224639462846F2F705FE25441EB958
:10D66000002005F8010B06E0601C0744AAEB00004F
:10D670001FFA80FADFE700BF0121284606F0BCFF51
:10D6800005460121284606F0B7FF0546A5EB080030
:10D6900000B231B0BDE8F08FBE01002070B5B0B06F
:10D6A00006460C46C0236A462146304606F040F83E
:10D6B0000546681C10B9002030B070BD2C44A41C75
:10D6C000A41C2046F8E700002DE9F047A0B004466E
:10D6D0000F4691463E4635684FF0000820780028F6
:10D6E0007ED0A078022802D0A078032878D101202B
:10D6F0000321CDE900106068411C042309AA2846D3
:10D70000FBF77EFA606810301E9000BF0AA9284619
:10D7100007F06CFC9DF82900002820D09DF8280017
:10D72000022803D09DF82800032818D10AA928460A
:10D7300003F0D0F800282AD036A0FAF70BFE2846CE
:10D74000FAF725FF8246524636A02968FAF702FE0C
:10D750009DF82A100EAA36A0FAF7FCFD17E02DA0BE
:10D76000FAF7F8FD2846FAF712FF824652462DA036
:10D770002968FAF7EFFD40F26D4238A13FA0FAF7B1
:10D78000E9FD9DF82A100EAA3FA0FAF7E3FD0AAAC8
:10D790002146284601F0C8FC1E90401C0028B5D147
:10D7A000421E2846616801F013FAD6F808806068C6
:10D7B000B06000222146284601F0F3FC686115A004
:10D7C000FAF7C8FD2846FAF7E2FE8246524615A04F
:10D7D0002968FAF7BFFD40F2754220A127A000E0BA
:10D7E00015E0FAF7B7FD35A06168FAF7B3FD01233C
:10D7F00003AA4146284607F003FD38B90798716827
:10D80000884203D9012020B0BDE8F08700BF002086
:10D81000F9E700005B466C61736844425D5B6B76C0
:10D820005D0000005B25735D5B25735D20000000DB
:10D830004572726F723A204D6F7665642074686528
:10D84000204B562028252E2A732920666F722047E8
:10D8500043206661696C65642E0A00002E2E5C42CE
:10D8600053505C466C61736844425C7372635C66DF
:10D8700064625F6B7664622E630000002825733A51
:10D8800025642920000000004B562028252E2A73ED
:10D89000292069732067617262616765204E4F5469
:10D8A000206E656564206D6F76652C20636F6C6CEF
:10D8B0006563742069742E0A00000000436F6C6C6D
:10D8C000656374206120736563746F7220403078E3
:10D8D000253038580A0000002DE9F04104460D4675
:10D8E000002600270CB1206810B90020BDE8F081A7
:10D8F000606828B1D4E90110884201D30020F5E71F
:10D90000B5F1004F01D30020F0E7A068401C0544AA
:10D910006068A84203D3A16820680844E6E720694C
:10D9200008B10020E2E7B5F1804F07D3B5F1004F11
:10D9300002D26FF0004702E00020D7E76F00206AB4
:10D9400060B13946226A206890470646DEB9E1692F
:10D9500020688847002060602060C7E73846A169DA
:10D960008847064636B9E16920688847002060602C
:10D970002060BBE7A068421C30462168F2F73DFCFE
:10D98000E1692068884767602660A0683044ADE799
:10D9900070B505460C461248006830B9114A12A10C
:10D9A00014A0FAF7D7FC00BFFEE70D48006890F816
:10D9B000340030B90B4A17A10EA0FAF7CBFC00BF18
:10D9C000FEE719488069411922460548006809F0B8
:10D9D00021FB10B14FF0FF3070BD2046FCE7000086
:10D9E0003407002024AC0208736675645F646576B2
:10D9F000000000002825732920686173206173737B
:10DA0000657274206661696C656420617420257399
:10DA10002E0A0000736675645F6465762D3E696E3C
:10DA200069745F6F6B0000003807002070B5054611
:10DA30001248007830B9124A12A114A0FAF78AFCF1
:10DA400000BFFEE735B90E4A18A110A0FAF782FC14
:10DA500000BFFEE700240CE0164850F824101822FE
:10DA60002846F2F741FC18B9124850F8240070BD5E
:10DA7000641C002CF0D00020F9E7000032070020E1
:10DA800003AC0208696E69745F6F6B002825732907
:10DA90002068617320617373657274206661696CBC
:10DAA00065642061742025732E0A00006E616D6527
:10DAB00000000000F0AB02083EB52E48007808B127
:10DAC00000203EBD00244DE02B4850F82400806A21
:10DAD00030B92A4A2AA131A0FAF73CFC00BFFEE780
:10DAE000254850F82400C06A30B9244A33A12BA03D
:10DAF000FAF730FC00BFFEE71F4850F82400006B27
:10DB000030B91E4A34A125A0FAF724FC00BFFEE775
:10DB1000194850F82400406A20B1174951F82410E0
:10DB2000486A80472F22154932A0FAF713FC1248A1
:10DB300050F82400006A104951F82410C9690E4AAF
:10DB400052F824209269CDE9002102900A4850F849
:10DB50002430182211462C48FAF7FCFB2BA0FAF7C8
:10DB6000F9FB641C002CAFD0012002490870002092
:10DB7000A7E7000032070020F0AB0208F4AB020870
:10DB80006465766963655F7461626C655B695D2D70
:10DB90003E6F70732E726561640000002825732942
:10DBA0002068617320617373657274206661696CAB
:10DBB00065642061742025732E0A0000646576690F
:10DBC00063655F7461626C655B695D2D3E6F707348
:10DBD0002E777269746500006465766963655F74A9
:10DBE00061626C655B695D2D3E6F70732E6572615D
:10DBF000736500005B442F46414C5D202825733A35
:10DC0000256429200000000068B902080A0000000D
:10DC100010B5FFF751FF0446002C00DA03E000F0D6
:10DC200081F9044600BF002C10DD1248007868B965
:10DC300001201049087010A0FAF78CFB13A115A061
:10DC4000FAF788FB20A0FAF785FB10E0002C0EDC29
:10DC500000200849087030221D491EA0FAF77AFBFF
:10DC60000AA123A0FAF776FB17A0FAF773FB204668
:10DC700010BD0000310700201B5B33323B32326D98
:10DC80005B492F46414C5D2000000000302E352EB0
:10DC900039390000466C61736820416273747261A7
:10DCA0006374696F6E204C61796572202856257304
:10DCB0002920696E697469616C697A65207375637E
:10DCC000636573732E0000001B5B306D0A0000005B
:10DCD000E7AB02081B5B33313B32326D5B452F46AD
:10DCE000414C5D202825733A25642920000000005E
:10DCF000466C617368204162737472616374696F0A
:10DD00006E204C6179657220285625732920696E32
:10DD1000697469616C697A65206661696C65642EF5
:10DD2000000000002DE9F04104460D46164600278C
:10DD3000B84634B9264A27A128A0FAF70BFB00BF42
:10DD4000FEE7A819A16B88420FD94FF4F77220495A
:10DD50002AA0FAF7FFFA30A0FAF7FCFA3CA0FAF78B
:10DD6000F9FA4FF0FF30BDE8F081204600F0CCFE1C
:10DD70008046B8F1000F11D140F2F51214491FA0EE
:10DD8000FAF7E8FA221D04F11C013348FAF7E2FA27
:10DD90002FA0FAF7DFFA4FF0FF30E4E7616B481984
:10DDA0003146D8F8302090470746002F0DDA4FF45F
:10DDB000FE72074911A0FAF7CDFA04F11C0127A061
:10DDC000FAF7C8FA22A0FAF7C5FA3846CBE70000FE
:10DDD00091AD02087061727400000000282573295B
:10DDE0002068617320617373657274206661696C69
:10DDF00065642061742025732E0A00001B5B33319B
:10DE00003B32326D5B452F46414C5D202825733AED
:10DE10002564292000000000506172746974696FE4
:10DE20006E206572617365206572726F7221205079
:10DE30006172746974696F6E206164647265737372
:10DE4000206F7574206F6620626F756E642E0000FF
:10DE50001B5B306D0A000000ACBA0208506172749E
:10DE60006974696F6E206572617365206572726F87
:10DE7000722120466C617368206465766963652849
:10DE8000257329206572617365206572726F722136
:10DE90000000000010B5044600212046A26BFFF7E9
:10DEA00041FF10BD70B505461048007830B9104AE2
:10DEB00010A112A0FAF74EFA00BFFEE700240EE010
:10DEC0001648006800EB8410011D2846F2F7E8F9B7
:10DED00020B91248006800EB841070BD641C104823
:10DEE00000688442ECD30020F7E7000074070020AC
:10DEF00008AD0208696E69745F6F6B00282573298D
:10DF00002068617320617373657274206661696C47
:10DF100065642061742025732E0A000070070020BC
:10DF20007807002010B50E48007810B10D48006841
:10DF300010BD0D480D49086003200A4908600846D5
:10DF400001680A480068FEF7AFFB00B103E001205A
:10DF50000349087000BF00F095F902480068E7E740
:10DF600074070020780700202CAC020870070020FE
:10DF70002DE9F04704460D4616461F464FF00008AF
:10DF8000C14634B92B4A2CA12DA0FAF7E3F900BF02
:10DF9000FEE736B9274A32A129A0FAF7DBF900BF1C
:10DFA000FEE7E819A16B88420FD94FF4CF722149DF
:10DFB0002CA0FAF7CFF932A0FAF7CCF93EA0FAF785
:10DFC000C9F94FF0FF30BDE8F087204600F09CFD16
:10DFD0008146B9F1000F11D140F2A512154921A0D7
:10DFE000FAF7B8F9221D04F11C013548FAF7B2F925
:10DFF00031A0FAF7AFF94FF0FF30E4E7616B481951
:10E000003A463146D9F8283098478046B8F1000F93
:10E010000DDA4FF4D672074912A0FAF79BF904F112
:10E020001C0128A0FAF796F923A0FAF793F94046C5
:10E03000C9E700006AAD0208706172740000000058
:10E0400028257329206861732061737365727420B9
:10E050006661696C65642061742025732E0A000076
:10E06000627566001B5B33313B32326D5B452F4678
:10E07000414C5D202825733A2564292000000000CA
:10E08000506172746974696F6E2072656164206595
:10E0900072726F722120506172746974696F6E20A0
:10E0A00061646472657373206F7574206F6620629B
:10E0B0006F756E642E0000001B5B306D0A0000005F
:10E0C00060BA0208506172746974696F6E2072657B
:10E0D0006164206572726F722120466C61736820E2
:10E0E00064657669636528257329207265616420FB
:10E0F0006572726F722100002DE9F04704460D46EB
:10E1000016461F464FF00008C14634B92B4A2CA1D1
:10E110002DA0FAF71FF900BFFEE736B9274A32A152
:10E1200029A0FAF717F900BFFEE7E819A16B8842AA
:10E130000FD940F2C71221492CA0FAF70BF932A0EF
:10E14000FAF708F93EA0FAF705F94FF0FF30BDE8FD
:10E15000F087204600F0D8FC8146B9F1000F11D1BC
:10E160004FF4E772154921A0FAF7F4F8221D04F1E3
:10E170001C013548FAF7EEF831A0FAF7EBF84FF04A
:10E18000FF30E4E7616B48193A463146D9F82C3044
:10E1900098478046B8F1000F0DDA40F2D5120749D2
:10E1A00012A0FAF7D7F804F11C0128A0FAF7D2F868
:10E1B00023A0FAF7CFF84046C9E700007DAD02087A
:10E1C0007061727400000000282573292068617353
:10E1D00020617373657274206661696C6564206187
:10E1E000742025732E0A0000627566001B5B3331B4
:10E1F0003B32326D5B452F46414C5D202825733AFA
:10E200002564292000000000506172746974696FF0
:10E210006E207772697465206572726F722120506A
:10E220006172746974696F6E20616464726573737E
:10E23000206F7574206F6620626F756E642E00000B
:10E240001B5B306D0A00000014BA02085061727442
:10E250006974696F6E207772697465206572726F78
:10E26000722120466C617368206465766963652855
:10E27000257329207772697465206572726F722127
:10E28000000000002DE9F04385B03EA70FF2FC0826
:10E290003846F1F7FEFF81464046F1F7FAFF0646A1
:10E2A0003D480068F0B1002518E03C48006800EBEC
:10E2B0008514201DF1F7EDFF484503D9201DF1F726
:10E2C000E8FF814604F11C00F1F7E3FFB04204D9F6
:10E2D00004F11C00F1F7DDFF06466D1C2E480068B6
:10E2E0008542E2D32EA0FAF735F832A0FAF732F8D9
:10E2F00040A0FAF72FF82AA0FAF72CF818203B468E
:10E3000002464946CDE9010800963CA0FAF722F8FA
:10E3100038A0FAF71FF822A0FAF71CF843A0FAF782
:10E3200019F834A0FAF716F800251AE01B4800681F
:10E3300000EB85141AA0FAF70DF804F11C0218235B
:10E34000D4E90D10CDE90063CDE902210490231D2D
:10E350001822494645A0F9F7FDFF26A0F9F7FAFF74
:10E360006D1C0D4800688542E0D30DA0F9F7F2FF5F
:10E3700048A0F9F7EFFF1FA0F9F7ECFF05B0BDE8E3
:10E38000F08300006E616D6500000000666C6173D3
:10E39000685F646576000000780700207007002041
:10E3A0001B5B33323B32326D5B492F46414C5D2063
:10E3B000000000003D3D3D3D3D3D3D3D3D3D3D3D81
:10E3C0003D3D3D3D3D3D3D3D2046414C207061720F
:10E3D000746974696F6E207461626C65203D3D3DA7
:10E3E0003D3D3D3D3D3D3D3D3D3D3D3D3D3D3D3D5D
:10E3F0003D0000001B5B306D0A0000007C20252DD5
:10E400002A2E2A73207C20252D2A2E2A73207C2058
:10E4100020206F66667365742020207C20202020D9
:10E420006C656E67746820207C0000002D2D2D2DFA
:10E430002D2D2D2D2D2D2D2D2D2D2D2D2D2D2D2D0C
:10E440002D2D2D2D2D2D2D2D2D2D2D2D2D2D2D2DFC
:10E450002D2D2D2D2D2D2D2D2D2D2D2D2D2D2D2DEC
:10E460002D2D2D2D2D2D2D2D2D0000007C20252D29
:10E470002A2E2A73207C20252D2A2E2A73207C20E8
:10E4800030782530386C78207C203078253038780A
:10E49000207C00003D3D3D3D3D3D3D3D3D3D3D3D04
:10E4A0003D3D3D3D3D3D3D3D3D3D3D3D3D3D3D3D9C
:10E4B0003D3D3D3D3D3D3D3D3D3D3D3D3D3D3D3D8C
:10E4C0003D3D3D3D3D3D3D3D3D3D3D3D3D3D3D3D7C
:10E4D0003D000000016042607047000030B5034617
:10E4E0000C46DB4308E014F8010B5840C0B2054D60
:10E4F00055F8200080EA1323101EA2F10102F2D188
:10E50000D84330BDC4A702082DE9F84304460E469F
:10E5100015460027207E90B916A0F9F71BFF20466C
:10E52000FAF735F88046424616A02168F9F712FF3F
:10E5300017A02168F9F70EFF0020BDE8F88300BF9F
:10E54000E06910B12046E169884700BF05F110007D
:10E55000009031462046D5E9002300F05DFD0746D6
:10E5600000BF206A10B12046216A884700BF3846A4
:10E57000E3E700005B466C61736844425D5B6B7669
:10E580005D0000005B25735D5B25735D200000006E
:10E590004572726F723A204B5620282573292069E4
:10E5A000736E277420696E697469616C697A65207D
:10E5B0004F4B2E0A000000002DE9F04104460E46A4
:10E5C00015460027207E90B914A0F9F7C3FE204617
:10E5D000F9F7DDFF8046424614A02168F9F7BAFE3C
:10E5E00015A02168F9F7B6FE0820BDE8F08100BF4C
:10E5F000E06910B12046E169884700BF31462046F6
:10E60000D5E9002308F02AFB074600BF206A10B1B5
:10E610002046216A884700BF3846E6E75B466C61C2
:10E62000736844425D5B6B765D0000005B25735D43
:10E630005B25735D200000004572726F723A204BBB
:10E640005620282573292069736E277420696E6906
:10E650007469616C697A65204F4B2E0A00000000D6
:10E660002DE9F04188B00446002700BFE06910B1F1
:10E670002046E169884700BF002507E04FF0FF31E1
:10E6800004F1A80000EBC50041606D1C402DF5D3DE
:10E6900000260AE04FF0FF323146204600F098FA9B
:10E6A000074607B139E0E06806442069B042F1D876
:10E6B00000252EE005EB4501A06A00EB8100806893
:10E6C00048B905EB4502A16A01EB82014868F1F700
:10E6D000E0FD804606E005EB4501A06A00EB810005
:10E6E000D0F808804FF0FF300790CDF8008005EBA0
:10E6F0004501A06A00EB8100436805EB4501A06A73
:10E7000050F8212002A92046FEF74AFA07B104E09A
:10E710006D1CE06AA842CDD800BF0020606100BF38
:10E72000206A10B12046216A884700BF384608B0E9
:10E73000BDE8F0812DE9F04F8BB004468846914644
:10E740001E46DDF850A0002700234A4641462046D9
:10E75000CDF800A0F9F7B6FF074607B1AAE000BF61
:10E76000E06910B12046E169884700BF002084F8C5
:10E77000300084F8310026B1D6E90001C4E90A016D
:10E7800003E00021E1620020A062002004900390D9
:10E7900060614C4903AA04ABCDE900210290024616
:10E7A00005A9204607F0DEFA0498606146A0F9F753
:10E7B000D1FD2046F9F7EBFE83465A4646A0216874
:10E7C000F9F7C8FD40F2F26246A14EA0F9F7C2FD8A
:10E7D0004FA06169F9F7BEFDD4E90310B0FBF1F079
:10E7E000012812D838A0F9F7B5FD2046F9F7CFFE79
:10E7F00083465A4638A02168F9F7ACFD4B4A4C498C
:10E800004CA0F9F7A7FD00BFFEE7002514E00021AA
:10E8100005EB450204F52A7000F83210491E05EB9D
:10E82000450200EBC200416105EB450204F52A7088
:10E8300000EBC20041606D1C082DE8D3002507E005
:10E840004FF0FF3104F1A80000EBC50041606D1CE2
:10E85000402DF5D31CA0F9F77DFD2046F9F797FE72
:10E8600083465A461CA02168F9F774FD40F20272F3
:10E870001CA124A0F9F76EFD36A02169F9F76AFD05
:10E8800000BF206A10B12046216A884700BF204699
:10E89000FAF7D2F8074600BFE06910B12046E169F7
:10E8A000884700BF00BF206A10B12046216A884710
:10E8B00000BF00BF39462046FAF742F838460BB091
:10E8C000BDE8F08FADC701085B466C6173684442D8
:10E8D0005D5B6B765D0000005B25735D5B25735DA2
:10E8E000200000002E2E5C4253505C466C61736821
:10E8F00044425C7372635C6664625F6B7664622E32
:10E90000630000002825733A2564292000000000D8
:10E91000546865206F6C6465737420616464722050
:10E92000697320403078253038580A00B5A70208AE
:10E930001CB902082825732920686173206173734C
:10E94000657274206661696C65642061742025734A
:10E950002E0A00004B5644422073697A6520697381
:10E960002025752062797465732E0A0010B50A4956
:10E970000968086880470849496808688047064967
:10E98000C96808688047044989680868804702495F
:10E9900009690868804710BD480600202DE9F0414C
:10E9A00007460D46144600262846F1F772FC8046BD
:10E9B00004F1500342462946384600F054FB30B17A
:10E9C0002146384606F012FB0120BDE8F0812246C0
:10E9D0002946384600F02EF806462EB14246294612
:10E9E0003846236D09F0E0FC3046EEE72DE9F047AC
:10E9F00004460D4616462F46B1463846F1F749FC07
:10EA00008046A078404502D00020BDE8F0876078BD
:10EA100068B1207802280AD14246394604F1100034
:10EA2000F1F762FC18B9012089F80000EDE7002039
:10EA3000EBE700007CB506460C4615460020019029
:10EA4000054801AB224629460090304600F0BCFF45
:10EA50009DF804007CBD0000EDE901082DE9F04FB0
:10EA600089B007460C461646A046F868B4FBF0F09D
:10EA7000F96800FB01FB5946384600F00DFD82465F
:10EA8000BAF1000F08D0DAF81400A04204D14FF018
:10EA9000FF3009B0BDE8F08F2BE0202301AA21460A
:10EAA0003846F9F791FD10B14FF0FF30F1E700253E
:10EAB00019E001A8415D01AA681C105C01EB00216E
:10EAC000A81C105C01EB0041E81C105C01EB006924
:10EAD0000C48814506D16019001F404502D36019DA
:10EAE000001FD6E76D1C1C2D02D26019B042E0D386
:10EAF0001C34B44203D204F12000B042CDD34FF015
:10EB0000FF30C6E74B56303010B504461148006858
:10EB1000844206D2104A11A116A0F9F71BFC00BFCF
:10EB2000FEE71C480068401E0A49096801EB801096
:10EB3000A04206D2084A18A10EA0F9F70BFC00BFAC
:10EB4000FEE704480068201A8011204951F820008F
:10EB500010BD0000700700201BAD020870617274C8
:10EB6000203E3D20706172746974696F6E5F7461DC
:10EB7000626C6500282573292068617320617373B6
:10EB8000657274206661696C656420617420257308
:10EB90002E0A00007807002070617274203C3D202E
:10EBA00026706172746974696F6E5F7461626C65FE
:10EBB0005B706172746974696F6E5F7461626C65B9
:10EBC0005F6C656E202D20315D000000E85800204C
:10EBD0002DE9F0418AB004460D4616460027002074
:10EBE0000690079008900990E068B5FBF0F100FBF3
:10EBF0001150002812D024A0F9F7ACFB2046F9F7F9
:10EC0000C6FC8046424624A02168F9F7A3FB254AAA
:10EC100025A12CA0F9F79EFB00BFFEE72946204660
:10EC2000E268F9F7BCFC07464FBBFF22102106A89B
:10EC3000F1F7F5FA0122042106A8F9F7C7FF01222E
:10EC400004210DF11900F9F7C1FF26480790089635
:10EC50004FF0FF3009900120102306AA29460090AA
:10EC60002046F9F7CAFC074618221F496846F1F703
:10EC7000C4FA01956946204609F077FC00BF384682
:10EC80000AB0BDE8F08100005B466C6173684442E5
:10EC90005D5B6B765D0000005B25735D5B25735DDE
:10ECA000200000007DA702086164647220252064B2
:10ECB000625F7365635F73697A6528646229203DCA
:10ECC0003D2030002825732920686173206173730B
:10ECD000657274206661696C6564206174202573B7
:10ECE0002E0A0000464442308CA7020813B50C4699
:10ECF0004FF0FF33012269460248F6F7DBFE009829
:10ED00001CBD0000740C002030B503460C461546AF
:10ED1000187820B12068401C2060586828600020C6
:10ED200030BD10B504462046216900F001F810BD41
:10ED300070B58EB004460D460020079006901D4920
:10ED400006AA07ABCDE900210290012208A92046BE
:10ED500007F008F818A0F9F7FDFA2046F9F717FCB4
:10ED60000646324618A02168F9F7F4FA40F28C42C0
:10ED700018A120A0F9F7EEFA012221A00799F9F7CE
:10ED8000E9FA079801280FD803940495069805908E
:10ED900000202849CDE9000103AB024608A90290F2
:10EDA000204606F0DFFF00BF002084F830000EB0E0
:10EDB00070BD000009ED01085B466C617368444258
:10EDC0005D5B6B765D0000005B25735D5B25735DAD
:10EDD000200000002E2E5C4253505C466C6173682C
:10EDE00044425C7372635C6664625F6B7664622E3D
:10EDF000630000002825733A2564292000000000E4
:10EE00005468652072656D61696E20656D707479F6
:10EE100020736563746F722069732025752C2047F9
:10EE200043207468726573686F6C64206973202571
:10EE3000642E0A00C9D60108014611F8013B1802E8
:10EE40000A78024490B27047064909780170054972
:10EE5000497841700349897881700249C978C17045
:10EE600070470000890000200649097801700549B3
:10EE7000497841700349897881700249C978C17025
:10EE8000704700008100002006490978017005499B
:10EE9000497841700349897881700249C978C17005
:10EEA000704700007D00002001464FF6FF720868A1
:10EEB000904201D1012001E00868401C08607047C1
:10EEC00006490978017005494978417003498978F4
:10EED00081700249C978C170704700008500002028
:10EEE00070B504460025002600BFA100491C4FF460
:10EEF000185202EBC100F9F72FF90646A100491C90
:10EF00004FF4185202EBC10101F58070F9F724F9B2
:10EF100000EB062086B2AEB1A100491C4FF4185296
:10EF200002EBC100F9F718F90546A100491C4FF49E
:10EF3000185202EBC10101F58070F9F70DF900EBF1
:10EF4000052085B2B542D0D1284670BD70B50446C3
:10EF50000025002600BFA100491C4FF4005202EB1F
:10EF6000C100F9F7F9F80646A100491C4FF4005218
:10EF700002EBC10101F58070F9F7EEF800EB062015
:10EF800086B2AEB1A100491C4FF4005202EBC100A1
:10EF9000F9F7E2F80546A100491C4FF4005202EBD4
:10EFA000C10101F58070F9F7D7F800EB052085B2B3
:10EFB000B542D0D1284670BD2E207047F8B5064620
:10EFC0000C46002000906A4607A12046F1F7AAF9F6
:10EFD000009988B2F8F7A4F805462A4603A00099DC
:10EFE00002F0ECF8F8BD000025640000E68890E52A
:10EFF0008A9FE88EB7E58F96E695B0E5AD97E987ED
:10F000008F2CE9809AE981933A256420E78AB6E655
:10F0100080813A25640D0A002DE9F04397B08046BF
:10F02000894616461D461E9C002701AA49464046B1
:10F03000FFF7B4FC80B10CB1049820600498A8429A
:10F0400001D2049F00E02F464EB13B463246404677
:10F050001699F9F7B9FA02E00CB1002020603846A1
:10F0600017B0BDE8F0832DE9F04391B005460E4698
:10F0700090461F46424631460020FFF72FFA4FEADE
:10F08000104900244CE005F1A80000EBC4004068E2
:10F09000401C90B305F1A80030F8340048453ED13B
:10F0A000402101A8F1F7C2F805F1A80000EBC40067
:10F0B000406800F11801402301AA2846F9F784FAB4
:10F0C000424601A93046F1F70FF938BB05F1A80017
:10F0D00000EBC4004068386005F1A80000EBC400F4
:10F0E00040884FF6BF71884208DB4FF6FF7105F18B
:10F0F000A80000EBC40041800CE010E005F1A8007E
:10F1000000EBC4004088403081B205F1A80000EB5C
:10F11000C4004180012011B0BDE8F08300BF641C31
:10F12000402CB0D30020F6E72DE9F04106460D460D
:10F1300014464FF0FF376878012802D1801EBDE8E1
:10F14000F081206D401C18B9686800F1100726E0B6
:10F150006868F1680844216D88421DD3607818B151
:10F16000A168206D471801E0206D471C6868F168B0
:10F170000844A0F1100239463046FFF76FFC0746FD
:10F18000781C30B16868F1680844B84201D3A068BF
:10F1900028B94FF0FF30D2E74FF0FF30CFE73846C5
:10F1A000CDE730B503461446C868401C08B9DA6894
:10F1B00003E0C868DD6800FB05F2A0181D69A842DD
:10F1C00009D8486810441D69A84202D24868104412
:10F1D00030BD0020FCE74FF0FF30F9E72DE9F041AA
:10F1E00005460E461746002405B116B90020BDE8B5
:10F1F000F081AC685FB100E024688CB1206A78B11E
:10F200003046216AF1F74CF80028F5D108E000E01B
:10F2100024682CB13046216AFDF7B4F80028F7D1F4
:10F220000CB1206A08B90020E1E72046DFE70000C2
:10F230002DE9F0410746884600210C460D46002680
:10F2400000BF09E02A0242EA146508EB0600385CB8
:10F2500040EA0424701CC6B2042EF3DB8D4800780B
:10F2600032281FD2DFE800F0191F252B3137383E36
:10F270003F45464C4D4E545A5B61676D73797A7BBE
:10F280007C7D83848A8B91979DA3A9AFB5BBC1C7B1
:10F29000CDD3D9DFE5F0F6FCECEB4AF6C002A41AB8
:10F2A00065F10005EEE049F6B021641A65F100054C
:10F2B000E8E048F6A042A41A65F10005E2E048F251
:10F2C0009852A41A65F10005DCE047F69062A41A92
:10F2D00065F10005D6E000BF4FF4E142A41A65F1E4
:10F2E0000005CFE000BF46F27022A41A65F10005C8
:10F2F000C8E000BF45F26043E41A65F10005C1E0D3
:10F3000000BF00BF44F25063E41A65F10005B9E0A4
:10F3100043F64873E41A65F10005B3E000BF4FF40B
:10F320006153E41A65F10005ACE043F23813E41AC6
:10F3300065F10005A6E042F63023E41A65F1000508
:10F34000A0E04FF4E153E41A65F100059AE04FF4B0
:10F350006161641A65F1000594E000BF92E000BFAE
:10F3600000BF4FF46163E41845F100058AE000BF77
:10F370004FF4E153E41845F1000583E000BF42F685
:10F380003023E41845F100057CE043F23813E4181B
:10F3900045F1000576E04FF46153E41845F10005AE
:10F3A00070E043F64873E41845F100056AE044F262
:10F3B0005063E41845F1000564E044F65853E4183E
:10F3C00045F100055EE045F2DC03E41845F1000577
:10F3D00058E045F26043E41845F1000552E045F677
:10F3E0006833E41845F100054CE046F27022A41899
:10F3F00045F1000546E04FF4E143E41845F100050E
:10F4000040E047F69061641845F100053AE048F2A3
:10F410009853E41845F1000534E048F6A043E41899
:10F4200045F100052EE049F2A833E41845F1000546
:10F4300028E049F6B022A41845F1000522E01BE0BF
:10F4400014E00DE006E0FFE74AF2B813E41845F1D6
:10F45000000517E04AF6C003E41845F1000511E085
:10F460004BF24C33E41845F100050BE04BF2D0634E
:10F47000E41845F1000505E04CF2E043E41845F1DD
:10F48000000500BF00BF20462946FCF741FEBDE84D
:10F49000F08100004902002010B502460B46002111
:10F4A00010E001EB410402F52A7000EBC400406853
:10F4B000984206D101EB410402F52A7000EBC4002A
:10F4C00010BD491C0829ECD30020F9E7F8B5044623
:10F4D00000264CB979487AA37BA2A221009082A091
:10F4E00007F010FF00BFFEE7204608F001F90646CE
:10F4F0000EB13046F8BD606A48B9704880A372A268
:10F50000AA21009078A007F0FDFE00BFFEE7206969
:10F5100030B1A08A20B1A06910B1207F00287AD133
:10F52000204605F0EFFC06460EB13046E2E72046E5
:10F5300007F0DEFF60B30020A060216D216148204C
:10F54000005B012802D10221A18201E00121A182F8
:10F55000616DA16194F858102177012515E004F13F
:10F56000540050F8350078B104F1540050F83500DB
:10F57000A169814208D904F1540050F83510A16105
:10F5800000EBC500017921776D1C042DE7D342E023
:10F5900000253DE005EB45005D4901EBC000017928
:10F5A000207B814233D105EB4500594901EBC00076
:10F5B0004179607B81422AD105EB4500544901EB3A
:10F5C000C0008179A07B814221D105EB45005049E3
:10F5D00051F83000A06005EB450001EBC0008168E8
:10F5E000216105EB45004A4901EBC0008189A182F8
:10F5F00005EB4500464901EBC0000169A16105EB3F
:10F600004500434901EBC000017D217702E06D1CFC
:10F610000B2DBFD300BF206928B1A08A18B1A06903
:10F6200008B1207F20B93BA007F096FE012061E7DA
:10F63000002700250BE0454800EBC5000179207B41
:10F64000814203D1414850F8357002E06D1C0F2D06
:10F65000F1D300BF47B1A06830B139463CA023695F
:10F66000A26807F079FE05E027B1394643A0226978
:10F6700007F072FE00BF204606F0DAFA06460EB129
:10F68000304637E7207D00F0040040B10022012120
:10F69000204608F073F806460EB130462AE7206986
:10F6A000B0F1807F05D90121204607F0E1F9064637
:10F6B00002E0002084F8350030461BE7FCA5020874
:10F6C000666C6173680000002825732920686173E7
:10F6D00020617373657274206661696C6564206172
:10F6E000742025732E0000002E2E5C4253505C7354
:10F6F0006675645C7372635C736675642E63000088
:10F70000666C6173682D3E7370692E77720000001D
:10F71000F4A402085761726E696E673A20546869F2
:10F720007320666C6173682064657669636520691F
:10F7300073206E6F7420666F756E64206F72206E1A
:10F740006F7420737570706F72742E007CA4020841
:10F7500046696E64206120257320257320666C61E4
:10F76000736820636869702E2053697A6520697315
:10F7700020256C642062797465732E0046696E647E
:10F78000206120257320666C61736820636869704E
:10F790002E2053697A6520697320256C6420627974
:10F7A0007465732E0000000010B50520FDF7A0F869
:10F7B0000020034908700349087000F005F810BDE7
:10F7C000300200203102002010B580212048F0F7DF
:10F7D0002DFD4FF480711E488630F0F727FD4FF461
:10F7E00080711C48F0F722FD4FF4C0711A48F0F701
:10F7F0001DFD40211948F0F719FD15480021C0F8FA
:10F80000821050201249A1F88000002081F80604DF
:10F81000134908704FF490511248F0F707FD00218A
:10F820001148A0F802164FF48061A0F58050F0F75F
:10F83000FDFC00200D49A1F8000401F5B0500021A5
:10F8400041608160C160016100200949086010BD0C
:10F85000A83B00202E3D00202E3E0020AF3F002080
:10F8600038020020F2430020F04F0020F03F00203B
:10F870003402002010B5002007F0D4FC09490860CC
:10F880000846006810B94FF0FF3010BD0548006809
:10F89000806905490862034800680069C861002062
:10F8A000F3E7000034070020380700202DE9F0417D
:10F8B0000B3020F00706104D19E02068B04215D338
:10F8C000B0420AD9871B201DD4F80480F0F795FCBC
:10F8D000A019C0E90078286004E060682860201D55
:10F8E000F0F78BFC201D2660BDE8F081251D2C68FB
:10F8F000002CE2D10020F7E78008002070B5054613
:10F900000C462946A2686068831825E010782F28E5
:10F9100003D108782F2800D022E008782B2807D0C0
:10F920000878232804D008781678B04200D017E071
:10F9300008782B280AD1501C02E0561C3246701C55
:10F94000984202D206782F2EF7D103E008782328B8
:10F9500000D15A1E491C521C087808B19A42D5D3CE
:10F9600000BF9A4203D1087808B9012070BD002079
:10F97000FCE77CB504464FF0FF36A06908B90026C5
:10F9800020E004F15400F8F7CFF8D0B1207FC0B9DF
:10F990006846F8F7C5F84FF47A716846F8F7B8F892
:10F9A000A1682069F6F795FF0546002D08DD6A4637
:10F9B0002946204606F0E6FA061E01D101202077EE
:10F9C00000BF00BF30467CBD2DE9F04786B005463C
:10F9D0000C4616461F46DDF838804FF00009D5F872
:10F9E00014A000BFE868814400236A4651462846B7
:10F9F00005F006FC00B125E0B8F1000F00D121E0D0
:10FA00009DF80100022803D09DF80100032818D1B9
:10FA100001981030206500BF2146284605F0E6FA1F
:10FA20003A4631462046C04710B106B0BDE8F087DF
:10FA3000224669462846FFF777FB2065401C0028D0
:10FA4000EAD100BF4A4669462846FFF7AAFB82462C
:10FA5000401C0028C6D100BFE7E710B5044600BF30
:10FA6000082C02DD4FF0FF3010BD00BF00BFA10029
:10FA7000491C002202EBC100F8F76EFB00F00F00FA
:10FA8000012802D06FF00400EEE700BF00BFA10024
:10FA9000491C4FF4407202EBC100F8F75DFB1328DC
:10FAA00002D06FF00200DFE700BFA100491C4FF455
:10FAB000807202EBC1000221F8F7CEFB00BFA1006B
:10FAC000491C4FF4807202EBC100F8F745FB002897
:10FAD000F5D105E02046FCF70BFF6FF00300C3E70C
:10FAE000A100491C4FF4407202EBC100F8F734FB4F
:10FAF0001428EFD10120B7E7F3F7CAFFF7F72AFE82
:10FB000062B6F7F7F5F8F7F7C9F8F7F7A9F9F7F7D5
:10FB1000C9F9F7F771FAF7F78BFAF7F7A5FAF7F7DC
:10FB2000A1F8F7F7E1F9F7F76FF8F7F72DFAF7F71C
:10FB300079F94FF480721C491C48F5F7A0FC4FF48A
:10FB400080721B491B48F5F79AFC1B48F5F796F99C
:10FB500004211A48F5F706FC1948F2F7D7FBFCF721
:10FB6000ADF801F00DFA0AF03FF9FEF7FFFEF9F7E4
:10FB700099FFFBF721FD00BF12A3962212A117A047
:10FB8000F8F7E8FB00BF0EE0F7F7B2FD01F034FB39
:10FB9000F7F7AEFD01F038FE3C200849096888639C
:10FBA0000A20F3F70DFAEFE788080020740C002014
:10FBB00088090020040D00202C0C0020E40B0020FC
:10FBC000880A0020322E32002E2E2F436F72652FAE
:10FBD0005372632F6D61696E2E6300005B204D418F
:10FBE000494E205D5B25733A25645D2041505020CD
:10FBF000496E69742046696E697368202C205665C9
:10FC00007273696F6E3A25730D0A0A007CB506227D
:10FC100069464FF41060F8F7D9FA01205C49096889
:10FC200008705B490968487006205949096888705E
:10FC3000002057490968C87055480068051D554897
:10FC40000068000E287053480068000C6870514826
:10FC50000088000AA8704F480078E87000204C49DE
:10FC6000096808814A48006800F10A058020287068
:10FC700000206870464909680873002144480068FC
:10FC8000417343480068817341480068C173002094
:10FC90003F490968087400213D48006841743C48A8
:10FCA000006881743A480068C174002038490968C6
:10FCB000087500213648006841753548006881752F
:10FCC00033480068C1750020314909680876002171
:10FCD0002F48006841762E48006881762C480068DD
:10FCE000C1762D4800782A49096808772A48417862
:10FCF000274800684177284881782548006881773F
:10FD00002548C17822480068C177234801792048F6
:10FD1000006880F82010204841791D48006880F86C
:10FD20002110062406E00021194800681C30015506
:10FD3000601CC4B2102CF6DB002406E0002114483D
:10FD400000682C300155601CC4B2402CF6DB002446
:10FD500006E000210E4800686C300155601CC4B2FA
:10FD6000802CF6DB63200A49096881F8EC008221C7
:10FD70000748006880F8ED1053210548006880F8B6
:10FD8000EE1063210248006880F8EF107CBD00008F
:10FD9000A00000209C000020AC0000202DE9F843CA
:10FDA00005460F46164655B9164817A318A240F245
:10FDB0006F3100901EA007F0A5FA00BFFEE756B90C
:10FDC000104821A312A24FF45C71009018A007F014
:10FDD00099FA00BFFEE795F8350008B1042000E06D
:10FDE00003208046002408E0601CA8EB0000C0004F
:10FDF00027FA00F03055601CC4B24445F4DBBDE87E
:10FE0000F8830000B8A60208666C61736800000001
:10FE100028257329206861732061737365727420CB
:10FE20006661696C65642061742025732E00000092
:10FE30002E2E5C4253505C736675645C7372635C17
:10FE4000736675642E630000617272617900000050
:10FE5000F0B590B005460C462678677846EA072646
:10FE6000A77846EA0746E77846EA076600962679C5
:10FE7000677946EA0726A77946EA0746E77946EA18
:10FE800007660196267A677A46EA0726A77A46EA3F
:10FE90000746E77A46EA07660296267B677B46EACC
:10FEA0000726A77B46EA0746E77B46EA07660396EE
:10FEB000267C677C46EA0726A77C46EA0746E77C5D
:10FEC00046EA07660496267D677D46EA0726A77DF3
:10FED00046EA0746E77D46EA07660596267E677E80
:10FEE00046EA0726A77E46EA0746E77E46EA076611
:10FEF0000696267F677F46EA0726A77F46EA0746DB
:10FF0000E77F46EA0766079694F8206094F8217028
:10FF100046EA072694F8227046EA074694F82370CA
:10FF200046EA0766089694F8246094F8257046EA35
:10FF3000072694F8267046EA074694F8277046EAA2
:10FF40000766099694F8286094F8297046EA07260F
:10FF500094F82A7046EA074694F82B7046EA07663A
:10FF60000A9694F82C6094F82D7046EA072694F8C7
:10FF70002E7046EA074694F82F7046EA07660B96FD
:10FF800094F8306094F8317046EA072694F832709D
:10FF900046EA074694F8337046EA07660C9694F8EA
:10FFA000346094F8357046EA072694F8367046EACD
:10FFB000074694F8377046EA07660D9694F838605D
:10FFC00094F8397046EA072694F83A7046EA0746EC
:10FFD00094F83B7046EA07660E9694F83C6094F8F5
:10FFE0003D7046EA072694F83E7046EA074694F8C4
:10FFF0003F7046EA07660F96A868E9682A696B6948
:020000040802F0
:1000000082EA03060E405E40009F3E44FE4F3E449F
:100010003044C60146EA5066701881EA020606407E
:100020005640019F3E44F94F3E4433441E0346EA86
:100030001356331880EA01061E404E40029F3E448C
:10004000F34F3E443244560446EAD236F21883EA6D
:10005000000616404640039F3E44EE4F3E44314466
:100060008E0546EA9126B11882EA03060E405E40EC
:10007000049F3E44E84F3E443044C60146EA506681
:10008000701881EA020606405640059F3E44E34F41
:100090003E4433441E0346EA1356331880EA0106F1
:1000A0001E404E40069F3E44DD4F3E4432445604BF
:1000B00046EAD236F21883EA000616404640079F09
:1000C0003E44D84F3E4431448E0546EA9126B1184D
:1000D00082EA03060E405E40089F3E44D24F3E44F3
:1000E0003044C60146EA5066701881EA02060640AE
:1000F0005640099F3E44CD4F3E4433441E0346EADA
:100100001356331880EA01061E404E400A9F3E44B3
:10011000A6F524464F3E3244560446EAD236F2183B
:1001200083EA0006164046400B9F3E44C04F3E44C3
:1001300031448E0546EA9126B11882EA03060E4044
:100140005E400C9F3E44BB4F3E443044C60146EAED
:100150005066701881EA0206064056400D9F3E44E4
:10016000B54F3E4433441E0346EA1356331880EA23
:1001700001061E404E400E9F3E44B04F3E44324466
:10018000560446EAD236F21883EA00061640464084
:100190000F9F3E44AA4F3E4431448E0546EA9126C5
:1001A000B11881EA02061E405640019F3E44A54F09
:1001B0003E443044460146EAD066701880EA0106A3
:1001C00016404E40069F3E449F4F3E4433445E02DD
:1001D00046EAD356331883EA00060E4046400B9F8A
:1001E0003E449A4F3E443244960346EA9246F21801
:1001F00082EA030606405E40009F3E44944F3E4420
:1002000031440E0546EA1136B11881EA02061E4055
:100210005640059F3E448F4F3E443044460146EAD7
:10022000D066701880EA010616404E400A9F3E4490
:10023000894F3E4433445E0246EAD356331883EA7C
:1002400000060E4046400F9F3E44844F3E443244D9
:10025000960346EA9246F21882EA030606405E409A
:10026000049F3E447E4F3E4431440E0546EA11361B
:10027000B11881EA02061E405640099F3E44794F5C
:100280003E443044460146EAD066701880EA0106D2
:1002900016404E400E9F3E44734F3E4433445E0230
:1002A00046EAD356331883EA00060E404640039FC1
:1002B0003E446E4F3E443244960346EA9246F2185C
:1002C00082EA030606405E40089F3E44684F3E4473
:1002D00031440E0546EA1136B11881EA02061E4085
:1002E00056400D9F3E44634F3E443044460146EA2B
:1002F000D066701880EA010616404E40029F3E44C8
:100300005D4F3E4433445E0246EAD356331883EAD7
:1003100000060E404640079F3E44584F3E4432443C
:10032000960346EA9246F21882EA030606405E40C9
:100330000C9F3E44524F3E4431440E0546EA11366E
:10034000B11881EA02065E40059F3E444D4F3E448F
:100350003044060146EA1076701880EA01065640DD
:10036000089F3E44484F3E443344DE0246EA53561B
:10037000331883EA00064E400B9F3E44434F3E44F1
:100380003244160446EA1246F21882EA0306464050
:100390000E9F3E443E4F3E443144CE0546EA512630
:1003A000B11881EA02065E40019F3E44394F3E4447
:1003B0003044060146EA1076701880EA010656407D
:1003C000049F3E44344F3E443344DE0246EA5356D3
:1003D000331883EA00064E40079F3E442F4F3E44A9
:1003E0003244160446EA1246F21882EA03064640F0
:1003F0000A9F3E442A4F3E443144CE0546EA5126E8
:10040000B11881EA02064DE078A46AD756B7C7E86A
:10041000DB702024EECEBDC1AF0F7CF52AC6874726
:10042000134630A8019546FDD8988069AFF7448BF4
:10043000BED75C892211906B937198FD8E4379A68B
:100440002108B44962251EF640B340C0515A5E26C9
:10045000AAC7B6E95D102FD65314440281E6A1D88D
:10046000C8FBD3E7E6CDE121D60737C3870DD5F426
:10047000ED145A4505E9E3A9F8A3EFFCD9026F672B
:100480008A4C2A8D4239FAFF81F6718722619D6D6F
:100490000C38E5FD44EABEA4A9CFDE4B604BBBF6A9
:1004A00070BCBFBE5E400D9F3E44944F3E443044FE
:1004B000060146EA1076701880EA01065640009F51
:1004C0003E448F4F3E443344DE0246EA53563318CF
:1004D00083EA00064E40039F3E448A4F3E44324426
:1004E000160446EA1246F21882EA03064640069FC0
:1004F0003E44854F3E443144CE0546EA5126B1186C
:1005000081EA02065E40099F3E44804F3E443044EB
:10051000060146EA1076701880EA010656400C9FE4
:100520003E447B4F3E443344DE0246EA5356331882
:1005300083EA00064E400F9F3E44764F3E443244CD
:10054000160446EA1246F21882EA03064640029F63
:100550003E44714F3E443144CE0546EA5126B1181F
:1005600061EA03065640009F3E446C4F3E443044CF
:10057000860146EA9066701860EA02064E40079FC0
:100580003E44674F3E4433449E0246EA9356331836
:1005900063EA010646400E9F3E44624F3E443244A9
:1005A000D60346EA5246F21862EA00065E40059F0C
:1005B0003E445D4F3E4431444E0546EAD126B118D3
:1005C00061EA030656400C9F3E44584F3E44304477
:1005D000860146EA9066701860EA02064E40039F64
:1005E0003E44534F3E4433449E0246EA93563318EA
:1005F00063EA010646400A9F3E444E4F3E44324461
:10060000D60346EA5246F21862EA00065E40019FAF
:100610003E44494F3E4431444E0546EAD126B11886
:1006200061EA03065640089F3E44444F3E4430442E
:10063000860146EA9066701860EA02064E400F9FF7
:100640003E443F4F3E4433449E0246EA935633189D
:1006500063EA01064640069F3E443A4F3E44324418
:10066000D60346EA5246F21862EA00065E400D9F43
:100670003E44354F3E4431444E0546EAD126B1183A
:1006800061EA03065640049F3E44304F3E443044E6
:10069000860146EA9066701860EA02064E400B9F9B
:1006A0003E442B4F3E4433449E0246EA9356331851
:1006B00063EA01064640029F3E44264F3E443244D0
:1006C000D60346EA5246F21862EA00065E40099FE7
:1006D0003E44214F3E4431444E0546EAD126B118EE
:1006E000AE680644AE60EE687718EF602E69B71802
:1006F0002F616E69F7186F6110B0F0BDC67E9B2840
:10070000FA27A1EA8530EFD4051D880439D0D4D961
:10071000E599DBE6F87CA21F6556ACC4442229F4B7
:1007200097FF2A43A72394AB39A093FCC3595B6579
:1007300092CC0C8F7DF4EFFFD15D84854F7EA86F46
:10074000E0E62CFE144301A3A111084E827E53F76C
:1007500035F23ABDBBD2D72A91D386EB70B5204C87
:1007600094F8280008B9002070BD94F82800820091
:10077000214604F11400EFF740FD94F8281004F12D
:100780001400FBF7ADFA94F8280000EBD071491083
:10079000A0EB410101290AD194F8280000EBD071A7
:1007A0004A1004F1140151F82210E16216E094F8A5
:1007B000282002EBD2735B105B1E04F1140555F880
:1007C0002350114602EBD1735E1004F1140353F869
:1007D0002630E81800EBD0735B10E362E06AC3E7F1
:1007E000AC57002010B500200649C86281F82800E7
:1007F00014210448EFF71AFD142102481430EFF7D2
:1008000015FD10BDAC57002002460D4890F8281089
:10081000052908DA10F8283F0178491C00F8281942
:1008200040F823200BE0002106E04B1C50F8233059
:1008300040F821304B1CD9B20429F6DB0261704725
:10084000AC570020F8B504462568666800BFA86864
:100850000090C22207A112483368F7F77BFD00BF62
:1008600010A13068EFF71CFD10B9A868FAF7FAF983
:10087000F8BD00002E2E5C4253505C696F4C6962DB
:10088000726172795F4472697665725C6170705FE3
:1008900077353530305F6D7174742E630000000061
:1008A000D4AF0208247379732F324974733577718A
:1008B0003861332F6C6F745F6465766963652F747C
:1008C00068696E672F70726F70657274792F7365C7
:1008D000740000002DE9F04FAFB007460C464FF012
:1008E000000A2078022805D10023224619463846FE
:1008F000FCF764FC28A93846A268F8F7FDFF054616
:10090000401CC8B197F83100D0B12078032817D126
:10091000442101A8EFF78AFCA27804F1100101A894
:10092000EFF7A1FC12AA01A93846FEF783F810B12F
:100930004FF0000A76E003E007202FB0BDE8F08F0B
:10094000D4F80880002328A93846A26807F0CEFD15
:100950000020012106232EAACDE9001029463846A1
:10096000F8F74EF9A8F104080026B1461BE006F19D
:100970002000404502D24FF0200901E0A8EB060913
:100980004B46206D001D811920AA3846F7F71CFE42
:1009900001200090281D81194B4620AA3846F7F700
:1009A0002CFE82464E444645E1D301200221062317
:1009B0002EAACDE9001029463846F8F721F9F86843
:1009C000B5FBF0F0F96800FB01FBA078014605F1EA
:1009D00018000144E0680A185946384607F00BFE33
:1009E000A2782B4604F11001384607F0DDFC11A077
:1009F000F7F7B0FC3846F7F7CAFD0646324611A0B5
:100A00003968F7F7A7FC40F2254211A118A0F7F7C3
:100A1000A1FC0095A17804F1100218A0236DF7F74E
:100A200099FC00BF0123224600213846FCF7C6FB93
:100A3000504682E75B466C61736844425D5B6B764F
:100A40005D0000005B25735D5B25735D2000000089
:100A50002E2E5C4253505C466C61736844425C735A
:100A600072635C6664625F6B7664622E6300000092
:100A70002825733A25642920000000004D6F766513
:100A80006420746865204B562028252E2A7329205F
:100A900066726F6D2030782530385820746F2030A2
:100AA00078253038582E0A002DE9F0438BB00746E0
:100AB000884605A906A8F3F7BDFAFBF7D1F8064664
:100AC000234AD2E900109268CDE90302029121A0E5
:100AD00000F074FB2DA000F071FB38A000F06EFB5D
:100AE0003FA002A90EC900F069FBF1F7CBF804465C
:100AF000214644A000F062FB3046F0F73AF9044684
:100B000022460B4646A000F059FBF1F7C1F881469A
:100B1000F0F72FF9044622460B4649A000F04EFBA1
:100B20004DA000F04BFB5448C078009052488378A9
:100B30004278017851A000F041FB5948018859A042
:100B400000F03CFB5DA000F039FB0BB0BDE8F0838A
:100B5000E8F7FF1F3D3D3D3D3D3D3D3D3D3D3D3DBC
:100B60003D3D3D3D3D3D3D20424F41524420494E9B
:100B7000464F203D3D3D3D3D3D3D3D3D3D3D3D3DA7
:100B80003D3D3D3D3D3D0D0A000000004861726461
:100B900077617265204D6F64656C3A202020205388
:100BA000544D333246313033524554362D57353556
:100BB00030302D56312E300D0A0000004D435520A7
:100BC00050617274204E756D6265723A2020205318
:100BD000544D333246313033524554360D0A0000FD
:100BE0004368697020556E69717565205549443AAE
:100BF000202020253038582D253038582D253038E4
:100C0000580D0A00426F6F7420436F756E746572E1
:100C10003A202020202020256C750D0A00000000BD
:100C20004D435520496E7465726E616C2054656D3C
:100C3000703A20252E336620E284830D0A000000DE
:100C4000426F6172642054656D703A20252E3366C0
:100C500020E284830D0A00000D0A54435020436CA7
:100C600069656E742044656661756C7420436F6EAF
:100C70006669673A0D0A0000D60000204465737467
:100C8000205443502049503A202020202020202565
:100C9000642E25642E25642E25640D0A00000000B4
:100CA000DA000020446573742054435020506F7262
:100CB000743A202020202025750D0A003D3D3D3D41
:100CC0003D3D3D3D3D3D3D3D3D3D3D3D3D3D3D3D54
:100CD0003D3D3D3D3D3D3D3D3D3D3D3D3D3D3D3D44
:100CE0003D3D3D3D3D3D3D3D3D3D3D3D3D3D3D0D64
:100CF0000A00000070B504460D46F8F775FF03A022
:100D0000F7F728FB06F051FF70BD0000666C6173B9
:100D1000682065617273652066696E69736820EF8B
:100D2000BC8C7265626F6F742E2E2E0D0A0000004F
:100D300070B504460D4602A000F040FA70BD0000F8
:100D4000636D642070726F636573732066696E698A
:100D500073680D0A000000007CB506460C4620783A
:100D600030B916A000F02AFA1AA000F027FA7CBDCC
:100D70001EA12046EFF765FA68B11D4801881D489D
:100D8000C078CDE900011B488378427801781AA029
:100D900000F014FA0FE01FA12046EFF752FA38B125
:100DA000F0F770FF054629461CA000F007FA02E0A4
:100DB00020A000F003FA00BFD9E70000E794A8E6FE
:100DC000B3953A2066696E64203C706172616D7300
:100DD0003E0D0A00666F72206578616D706C653A31
:100DE00066696E642069700D0A0000006970000079
:100DF000DA000020D6000020E5BD93E5898D6970FA
:100E00003A25642E25642E25642E25643A25640D2A
:100E10000A000000626F6F7400000000E5BD93E5FA
:100E2000898DE5BC80E69CBAE6ACA1E695B03A2592
:100E3000640D0A00E58F82E695B0E5BC82E5B8B89E
:100E40000D0A00002DE9F04180460F4600240C25D4
:100E50003878E8B100BF12E004EB04101E4901EB42
:100E6000800639463046EFF71BFA30B906F120020A
:100E700031461AA000F0A2F903E0601C84B2AC4233
:100E8000EADB00BFAC4224D117A000F097F920E0C4
:100E90001AA000F093F91AA000F090F9002413E0D2
:100EA00004EB04100C4901EB800614A13046EFF767
:100EB000F7F900B906E006F1200231461EA000F065
:100EC0007DF900BF601C84B2AC42E9DB1EA000F0DB
:100ED00075F9BDE8F0810000500200202573203A2A
:100EE0002025730D0A000000E69CAAE689BEE5886D
:100EF000B0E68C87E4BBA40D0A0000000D0A0000D8
:100F00003D3D3D3D3D3D3D3D3D3D3D3D3D3D3D3D11
:100F10003D204D534820436F6D6D616E64204C69D8
:100F20007374203D3D3D3D3D3D3D3D3D3D3D3D3DA1
:100F30003D3D3D3D0D0A00002020252D313273201E
:100F40002D2025730D0A00003D3D3D3D3D3D3D3DBD
:100F50003D3D3D3D3D3D3D3D3D3D3D3D3D3D3D3DC1
:100F60003D3D3D3D3D3D3D3D3D3D3D3D3D3D3D3DB1
:100F70003D3D3D3D3D3D3D3D3D3D3D3D0D0A00007E
:100F800010B503A000F01AF906A000F017F910BD83
:100F90004D534820696E697469616C697A65642E85
:100FA0000D0A00006D73683E2000000030B589B066
:100FB00004460D4603A808F0A1FE9DF811009DF817
:100FC00010109DF80F20CDE9002102909DF80E3001
:100FD0009DF80D209DF80C1028A000F0EFF89DF86A
:100FE000150000909DF814309DF813209DF8121004
:100FF0002EA000F0E3F89DF8190000909DF818303D
:101000009DF817209DF8161030A000F0D7F89DF835
:101010001D0000909DF81C309DF81B209DF81A10B3
:1010200032A000F0CBF803A8407D009003A8037D18
:101030009DF81F209DF81E1034A000F0BFF89DF809
:101040002200022801D139A000E03AA001463BA0CD
:1010500000F0B4F83EA000F0B1F84948C078009024
:10106000474883784278017846A000F0A7F84D48B9
:1010700001884DA000F0A2F809B030BD204D4143D9
:101080002020202020202020203A20253032583ACD
:10109000253032583A253032583A253032583A25E0
:1010A0003032583A253032580D0A0000204950207D
:1010B0002020202020202020203A2025642E256476
:1010C0002E25642E25640D0A000000002053756251
:1010D0006E6574204D61736B203A2025642E256463
:1010E0002E25642E25640D0A00000000204761743F
:1010F0006577617920202020203A2025642E256400
:101100002E25642E25640D0A0000000020444E5355
:101110002020202020202020203A2025642E256415
:101120002E25642E25640D0A00000000444843501B
:101130000000000053746174696300002044484358
:101140005020202020202020203A2025730D0A0046
:101150002D2D2D2D2D2D2D2D2D2D2D2D2D2D2D2DBF
:101160002D2D2D2D2D2D2D2D2D2D2D2D2D2D2D2DAF
:101170002D2D2D2D2D2D2D2D2D2D2D2D0D0A00003C
:10118000D600002020446573742049502020202080
:10119000203A2025642E25642E25642E25640D0A10
:1011A00000000000DA000020204465737420506FB6
:1011B00072742020203A2025640D0A000FB410B567
:1011C0009AB01DA8009001A8009A1C99F7F71AF987
:1011D0000020009001A8EFF75CF884B24FF0FF33D5
:1011E000224601A90348F4F765FC1AB010BC5DF86B
:1011F00014FB0000740C002070B53248007800B970
:1012000070BD00202F4908702F48EFF742F80546BF
:101210002DB12EA12C48EFF776F8A84207D12DA0CA
:10122000FFF7CCFF20212848EFF700F8E8E700207F
:101230002A4908700B462A4A2AA12348EFF772F878
:101240000C26002438E029A11F48EEF7FAFF40B130
:101250001D48401D00F032F920211B48EEF7E6FF43
:1012600028E004EB0410234A02EB80011C48EFF74E
:1012700017F8F8B904EB04101E4901EB8000006C6C
:1012800040B104EB041001EB80001449026C002013
:10129000904707E004EB0410164A02EB800100209F
:1012A000FFF746FD20210848EEF7C0FF09A0FFF731
:1012B00085FF03E0601C84B2B442C4DB00BF00BF02
:1012C0009EE700004C0200207056002020090D0A05
:1012D000000000000D0A6D73683E2000B05600202B
:1012E0009056002025732025730000007375646FED
:1012F000000000005002002070B504460D4603A017
:10130000FFF75CFF06F051FC70BD00007379737449
:10131000656D207265626F6F742E2E2E2E2E0D0A53
:101320000000000070B505460C46202C00DD70BDA5
:10133000224629460348EEF760FF01200249087063
:1013400000BFF4E7705600204C02002070B590B04A
:1013500006460C46207870B92E48C07800902D487B
:101360008378427801782CA0FFF728FF30A0FFF7A0
:1013700025FF10B070BD00200C900D900E900F90C6
:101380000B900BAA0FA80EA90DABCDE9010200919D
:101390000CAA30A12046EEF7C5FF0546052D03D067
:1013A00030A0FFF70BFFE4E71A490C9808700D987E
:1013B00048700E9888700F98C87030490B98088054
:1013C000202103A8EEF732FF2C4802881148C0788C
:1013D00010498978CDE9010200910E4843780278DE
:1013E0001CA103A8F6F7E0FF202203A924A0F8F728
:1013F000DDFB60B9214801880648C078CDE90001CD
:10140000044883784278017820A0FFF7D7FE00BF18
:1014100000BFAEE7D6000020E5BD93E5898D697079
:101420003A25642E25642E25642E25640D0A0000BD
:10143000E794A8E6B3953A207365745F64657374A6
:101440005F6970203C69705F616464726573733EAC
:101450000D0A000025642E25642E25642E25643A8D
:10146000256400004950E59CB0E59D80E6A0BCE500
:10147000BC8FE99499E8AFAF0D0A0000DA000020B4
:10148000636C69656E745F696E666F006970206970
:101490006E666F2072656672657368202C206E65BB
:1014A000772069703A25642E25642E25642E2564E4
:1014B00020706F72743A25640D0A000010B504465E
:1014C0000EA12046EEF7BDFE38B10EA0FFF776FE66
:1014D00000210846FFF710FF0FE00EA12046EEF7AF
:1014E000B0FE38B10EA0FFF769FE00210846FFF7F5
:1014F00001FC02E00FA0FFF761FE10BD7265626F94
:101500006F740000666F726365207265626F6F743E
:101510000D0A0000636C65616E5F666C6173680044
:10152000666F72636520636C65616E5F666C617384
:10153000680D0A00E69CAAE79FA5E7AEA1E79086A2
:10154000E59198E68C87E4BBA40D0A0070B50446CB
:101550000D4602A0FFF732FE70BD0000737965747E
:10156000656D20746573742073746172742E2E2EF1
:101570002E2E0D0A0000000070B586B005460E46FE
:10158000F9F776FE0446032C1AD104A8F9F776FE83
:1015900090B19DF816009DF815109DF81420CDE926
:1015A000002102909DF813309DF81220BDF8101014
:1015B0000CA0FFF703FE13E015A0FFF7FFFD0FE0FF
:1015C000022C03D119A0FFF7F9FD09E00CB1012CA1
:1015D00003D11FA0FFF7F2FD02E028A0FFF7EEFD08
:1015E00006B070BD426F6172642054696D653A2027
:1015F000253034642D253032642D25303264202589
:101600003032643A253032643A253032640D0A00B3
:101610004572726F723A204661696C656420746F1E
:10162000206765742074696D650D0A004E54502062
:1016300069732073796E63696E672C20706C6561C5
:10164000736520776169742E2E2E0D0A000000004C
:101650004E5450206E6F742073796E6365642079E8
:1016600065742C207265736F6C76696E6720736584
:10167000727665722E2E2E0D0A0000004E545020F8
:1016800073796E63206661696C65642C2074696D82
:101690006520756E617661696C61626C650D0A002A
:1016A00010B50B4808F00AFC0948807D02280BD1D0
:1016B0000849002008F0ACF904462CB9012004497F
:1016C0008875084608F0FAFB02F000FC10BD000027
:1016D00014000020581F002010B530490F20FBF7E0
:1016E000C9FB2E480068012856D12DA0F6F732FE1E
:1016F0004FF43850F6F730FD044604F0020008B10C
:10170000642000E00A20014628A0F6F723FE04F03A
:10171000040008B12EA000E030A0014632A0F6F788
:1017200019FEFFF7BDFF1E2142F60870F6F794FD83
:101730001E2142F62870F6F78FFD1E2142F64870F2
:10174000F6F78AFD1E2142F66870F6F785FD1E2128
:1017500042F68870F6F780FD1E2142F6A870F6F773
:101760007BFD1E2142F6C870F6F776FD0020FBF7E0
:10177000BFF80120FBF7BCF80220FBF7B9F8032003
:10178000FBF7B6F80420FBF7B3F80520FBF7B0F839
:101790000620FBF7ADF800BF10BD000010000020D0
:1017A000504859206C696E6B0D0A00005468652022
:1017B00063757272656E74204D6274697320737004
:1017C000656564203A2025644D6270730D0A00003F
:1017D00046756C6C2D4475706C65780048616C665C
:1017E0002D4475706C65780054686520637572725D
:1017F000656E74204475706C6578204D6F6465204B
:101800003A2025730D0A000010B50B480068012826
:1018100002D0FFF761FF0DE000F010F800F0E4F8EF
:1018200000F030FAF9F7ACFAF8F740FDF9F736FDB9
:1018300000F0A4FE10BD00001000002030B585B0FF
:101840004FF44270F6F788FC044694B3132C0BD087
:10185000172C4AD01C2C7FD10020FBF7CFFD01288C
:1018600001D005B030BD77E0062142F60870F6F7EA
:10187000F3FC04223A4940F60840F6F727FD3948C0
:101880000088011241F20800F6F7E6FC35480178BD
:1018900041F20810F6F7E0FC04214FF48470F6F7EB
:1018A000DBFC00BF4FF48470F6F756FC0028F9D13A
:1018B00052E0FFE70020FBF71BF82B480288008866
:1018C000401C294B188000230121184605F0EAFF2F
:1018D00050B1254800884FF6FF71884203D14CF281
:1018E000503021490880BCE736E04FF40270F6F72B
:1018F00033FC00F0010058B101214FF40270F6F7FB
:10190000ABFC00BF782219A124A0F6F723FD00BF8D
:101910000020FDF7E5FA00281DDC2E48008801288C
:1019200019D12DA3D3E901211868DB68CDE9031390
:10193000CDE9010200202749088001A8EEF7A9FCA3
:1019400085B208480088064B2A4601A9009000206D
:10195000F9F7C2FE00BF00BF00BF00BF81E7000073
:10196000D6000020DA000020E00000202E2E5C428D
:1019700053505C696F4C6962726172795F4472693D
:101980007665725C6170705F77353530305F746397
:10199000705F636C69656E742E6300005B20544356
:1019A000502D434C49454E54205D5B25733A2564C8
:1019B0005D20746370206861766520636F6E6E656C
:1019C0006374656420746F2064657374206970208B
:1019D0000D0A0A00DC00002068656C6C6F20776FD0
:1019E000726C640D0A00000010B5C2B04FF4527062
:1019F000F6F7B2FB5849087008460078142844D01E
:101A000004DC002830D013287ED115E017283DD003
:101A10001C28F9D10220FBF7F1FC012801D042B0CB
:101A200010BD4E480021016000BFBC224CA158A04F
:101A3000F6F790FC00BF8BE0062142F64870F6F7FF
:101A40000BFC0220FEF709F8012800D0E7E700BFF1
:101A50005B480388C82242A15AA0F6F77BFC00BF6E
:101A60003E480021016073E00220FAF741FF0023A5
:101A7000534802880121022005F014FF022800D0FB
:101A8000CDE736480021016062E061E04FF412705A
:101A9000F6F762FB00F0010000281FD001214FF48F
:101AA0001270F6F7D9FB04222C4940F64840F6F7AD
:101AB0008DFB00BF424803882848C07827498978B1
:101AC000264A5278CDE90203CDE900212348037864
:101AD000E62223A147A0F6F73DFC00BF0220FDF758
:101AE000FFF900281EDDFF2202A9022003F02EFECE
:101AF0000446002C15DD002002A9085500BF02A8ED
:101B00002346F12216A100E021E0009048A0F6F75C
:101B100021FC00BFA1B22A480388104A02A8F9F7A5
:101B20004DFF00BF4C48008801280FD1F9F726FE71
:101B3000401C18B100204849088007E000BF40F26F
:101B4000011207A145A0F6F705FC00BF00E000BFA9
:101B500000BF00BF63E70000CA000020C4000020EF
:101B60002E2E5C4253505C696F4C696272617279CF
:101B70005F4472697665725C6170705F773535308D
:101B8000305F7463705F7365727665722E630000F8
:101B90005B205443502D534552564552205D5B25E2
:101BA000733A25645D20636C69656E7420646973A3
:101BB000636F6E6E65637465640D0A0A0000000051
:101BC000C20000205B205443502D534552564552CD
:101BD000205D5B25733A25645D206C697374656EC6
:101BE000696E67206F6E20706F72742025640D0A15
:101BF0000A0000005B205443502D53455256455275
:101C0000205D5B25733A25645D20636C69656E74A5
:101C100020636F6E6E6563746564202D2025642ECD
:101C200025642E25642E25643A25640D0A0A0000D9
:101C30005B205443502D534552564552205D5B2541
:101C4000733A25645D2072656376282564293A20FD
:101C500025730D0A0A000000C80000205B205443D1
:101C6000502D534552564552205D5B25733A2564ED
:101C70005D207265706F7274206661696C0D0A0A6E
:101C80000000000070B5D0B04FF44A70F6F764FA67
:101C90000646002E18D10120FAF72AFE00235248EA
:101CA00002880221012005F0FDFD012801D050B07D
:101CB00070BD00BF4C4803884FF4A1724BA155A0E2
:101CC000F6F748FB00BFF2E7222E79D10120FDF79D
:101CD00007F9002874DD5948594BFF2210A90090DC
:101CE000012003F0C3FD0446002C7BDD00BF10AAD9
:101CF000524803885248C07851498978CDE9033267
:101D0000CDE901104E48407800904D48037840F2EC
:101D10004B1236A14BA0F6F71DFB00BF002010A907
:101D200008550EAB0FAA06A910A806F0DBF8054669
:101D3000002D4FDB15B1012D43D134E03F4802881F
:101D40003F4906A806F0D6F900282BDD04220FA98A
:101D50004948EEF7B3FA28B948480088BDF838106A
:101D600088421FD000BFBDF838309DF83F009DF875
:101D70003E109DF83D20CDE90203CDE900219DF8FC
:101D80003C3040F25D1219A13D48F6F7E3FA00BF7E
:101D900039480F990160BDF83800384908800020A3
:101DA000FAF7A6FD15E0042225493648EEF786FA33
:101DB00028B122480288224906A806F039FA08E02C
:101DC00010E031A31D4802881D4906A806F008F856
:101DD00000BF06E030A319480288194906A805F09B
:101DE000FFFF00BF00BF62E7E20000202E2E5C4232
:101DF00053505C696F4C6962726172795F447269B9
:101E00007665725C6170705F77353530305F756410
:101E1000702E63005B20554450205D5B25733A258E
:101E2000645D206C697374656E696E67206F6E20E7
:101E3000706F72742025640D0A0A0000E80000200B
:101E4000E40000205B20554450205D5B25733A255B
:101E5000645D20726563762066726F6D2025642E46
:101E600025642E25642E25643A2564202D3E2025E8
:101E7000730D0A0A00000000D6000020DA000020DE
:101E800088AF0208C40000206572726F72206E6510
:101E900074207479706500006572726F7220696ECB
:101EA000666F00002DE9F04704460F4615460026F0
:101EB0004FF0FF3800BF2A4639462046F7F71CFD91
:101EC0008046401C002835D194F8300000281DD0F1
:101ED000002E1BD119A0F6F73DFA2046F6F757FB66
:101EE00081464A4619A02168F6F734FA40F2364294
:101EF00019A121A0F6F72EFA29462248F6F72AFA68
:101F000029462046FCF714FF0126D4E796B10BA022
:101F1000F6F720FA2046F6F73AFB81464A460BA030
:101F20002168F6F717FA294617A0F6F713FA0020EA
:101F300084F830004046BDE8F08700005B466C61E5
:101F4000736844425D5B6B765D0000005B25735DEA
:101F50005B25735D200000002E2E5C4253505C46D2
:101F60006C61736844425C7372635C6664625F6B4D
:101F70007664622E630000002825733A25642920C8
:101F80000000000088B802084572726F723A204162
:101F90006C6C6F6320616E204B56202873697A65E4
:101FA00020256429206661696C656420616674651A
:101FB000722047432E204B562066756C6C2E0A000B
:101FC0002DE9F04106460F4614461D4621461831BC
:101FD000284601EB0008424639463046FFF762FFCB
:101FE000BDE8F0812DE9FF47044624B12068C828E8
:101FF00001D1A06880B900BF0CB1206800E00020CA
:1020000003467C2243A148A0F6F7A4F900BF4FF095
:10201000FF3004B0BDE8F08751A1A068EEF711F9D8
:1020200007464FB900BF84223AA14FA0F6F792F9B4
:1020300000BF4FF0FF30ECE703AA58A13846EEF797
:1020400071F9039850B100BF8B2232A156A0039BB7
:10205000F6F780F900BF4FF0FF30DAE75DA1A06826
:10206000EEF7EFF88046B8F1000F08D000BF9322DA
:1020700028A15BA0F6F76EF900BF0020C9E765A1B3
:10208000A068EEF7DEF805462DB10A35644A65A171
:102090002846EEF747F965A1A068EEF7D2F8814629
:1020A000B9F1000F05D05E4A203262A14846EEF732
:1020B00039F963A1A068EEF7C4F88246BAF1000FBF
:1020C00005D0574A243260A15046EEF72BF961A1A2
:1020D000A068EEF7B6F8064636B1F61D504A28322B
:1020E00050A13046EEF71EF900BF4D482830A0F150
:1020F000B801D1F8B4104A4ACDE900210290B838AD
:10210000B52204A1D0F8B0305448F6F723F900BF47
:1021100001207EE72E2E5C4253505C4F54415C6F91
:1021200074612E63000000005B204F54412D544128
:10213000534B205D5B25733A25645D204F5441204D
:10214000636865636B207265737020696E76616C7D
:1021500069642C20636F64653A25640D0A0A0000E7
:1021600022636F6465223A005B204F54412D544135
:10217000534B205D5B25733A25645D204E6F2063D1
:102180006F6465206669656C6420696E2072657392
:10219000706F6E73650D0A0A0000000022636F64A1
:1021A00065223A25640000005B204F54412D5441C4
:1021B000534B205D5B25733A25645D2041504920D7
:1021C0006572726F7220636F64653A25640D0A0A46
:1021D000000000002264617461223A6E756C6C002C
:1021E0005B204F54412D5441534B205D5B25733A86
:1021F00025645D204E6F2075706772616465207480
:1022000061736B20617661696C61626C650D0A0AAD
:102210000000000022746172676574223A22000097
:1022200010080020255B5E225D00000022746964B6
:10223000223A000022746964223A256400000000FA
:102240002273697A65223A002273697A65223A25F7
:1022500064000000226D6435223A2200C8BB0208E7
:1022600010B504462046F0F7ABFE10BDF0B5ADF555
:10227000077D04460D46802167A8EDF7D7FF802132
:1022800047A8EDF7D3FF4FF4807107A8EDF7CEFF15
:102290004FF0FF365048D0F8B00050A152A355A2DD
:1022A000CDE90010802167A8F6F764F84A48D0F815
:1022B000B0004AA14CA356A2CDE90010802147A846
:1022C000F6F758F804F6FF70594B5AA24FF4807194
:1022D000CDE9004007A8F6F74DF807A847AB67AA75
:1022E000502100905CA0F7F733FD38B100BFD22237
:1022F0005FA164A0F6F72EF800BF00BF04E0F7F777
:10230000D5FF0A20FFF7ACFFF7F742FE062803D0FF
:10231000F7F73EFE0028F2D1F7F73AFE40B900BFCA
:10232000DE2253A161A0F6F715F800BF6FF0010699
:1023300003A8F7F715FE07460398C8280CD00398A2
:10234000CE2809D000BFE62249A166A0039BF6F77C
:1023500001F800BF6FF00106049838B9002600BFED
:10236000EE2243A16CA0F5F7F5FF31E004980028B8
:102370002EDD059800282BD0049820441649D1F86A
:10238000B410884211D20498B0F5805F0DD000BF20
:1023900004984FF48053F52235A100906A48F5F770
:1023A000D9FF00BF6FF0020612E02846DDE90421E4
:1023B000EDF723FF00BF04990819401E2346FB22B6
:1023C000CDE900012AA161A0F5F7C4FF00BF049E7A
:1023D00030460DF5077DF0BD800700206C6F745FFF
:1023E00064657669636500003249747335777138C6
:1023F000613300002F667573652D6F74612F25732F
:102400002F25732F25642F646F776E6C6F616400C6
:1024100070726F5F69643D2573266465765F6E61D7
:102420006D653D2573267469643D256400000000D8
:102430005CBC0208417574686F72697A6174696F77
:102440006E3A2025730D0A52616E67653A20256C3D
:10245000752D256C750D0A00696F742D6170692EDC
:102460006865636C6F7564732E636F6D00000000A8
:102470002E2E5C4253505C4F54415C6F74612E634E
:10248000000000005B204F54412D5441534B205D10
:102490005B25733A25645D206874747020676574E9
:1024A000206661696C0D0A0A000000005B204F5431
:1024B000412D5441534B205D5B25733A25645D20CB
:1024C000446F776E6C6F6164204854545020746977
:1024D0006D656F7574206F72206572726F720D0A70
:1024E0000A0000005B204F54412D5441534B205DA6
:1024F0005B25733A25645D20446F776E6C6F616471
:102500002048545450206572726F7220636F646566
:102510003A25640D0A0A00005B204F54412D5441B6
:10252000534B205D5B25733A25645D204669726DCF
:102530007761726520646F776E6C6F616420666985
:102540006E6973680D0A0A003CBB02085B204F5499
:10255000412D5441534B205D5B25733A25645D202A
:10256000446F776E6C6F61645B256C752D256C759F
:102570005D206C656E3D25640D0A0A0070B5ADF5F1
:10258000047DC948007806287AD2DFE800F00334D9
:1025900060E2FEFDF822C549C5A0F7F765FA00BF65
:1025A000C2484FF49072C5A1D0F88C30C8A0F5F79E
:1025B000D1FE00BFBD4890F88A00012817D1C9207C
:1025C00000F02CFC38B900BF4FF49372BBA1CFA030
:1025D000F5F7C0FE07E000BF4FF49572B7A1D8A091
:1025E000F5F7B8FE00BF0020B04981F88A0001204D
:1025F000AD49087041E3AD480078012826D100209C
:10260000AA4908708021A948401CEDF70FFE20213F
:10261000A6489030EDF70AFE4021A448B830EDF707
:1026200005FE0020A149C1F88400A1F88800C1F886
:10263000B000C1F8B40002209B49087000BF40F20E
:1026400041129EA1CC48F5F785FE00BF15E34FF47B
:10265000807144A8EDF7EAFD4FF4807104A8EDF70E
:10266000E5FDC64AC6A144A8F5F79EFE8F49D1F8FC
:102670008C00EDF70EFE20B18C48D0F88C0001E004
:10268000F7E2C4A0064633460222C3A104A8F5F728
:102690008BFE44A804ABC5A250210090CDA0F7F753
:1026A00057FB0546002D48D104E0F7F7FFFD0A204F
:1026B000FFF7D6FDF7F76CFC062803D0F7F768FCA8
:1026C0000028F2D1F7F764FC58B900BF4FF4AF729D
:1026D0007AA1C6A0F5F73EFE00BF0120724908703E
:1026E000CBE26846F7F73CFC6846FFF77BFC044604
:1026F000012C0AD103206C49087000BF4FF4B57259
:102700006EA1C6A0F5F726FE16E054B90120664971
:10271000087000BF40F26F1268A1CCA0F5F71AFE56
:102720000AE005206049087000BF4FF4BA7263A147
:10273000D1A0F5F70FFE00BF0AE000BF4FF4BD7255
:102740005EA1D7A0F5F706FE00BF0120564908702C
:1027500093E25648B0F8880000282ED15348D0F8AC
:102760008400002829D1DBA0FBF79CFB054600BFB5
:102770004FF4C47251A1DAA0AB6BF5F7EBFD00BFCB
:102780002846FBF787FB01E064E282E000280BDAD1
:1027900000BF40F28B1249A1E0A0F5F7DBFD00BFBE
:1027A00005204149087068E200BF40F28F1243A142
:1027B000E6A0F5F7CFFD00BF00BF00BF3B48D0F853
:1027C000840000903948B0F888304FF4C9723BA1BA
:1027D000E9A0F5F7BFFD00BF3449D1F88400F34903
:1027E000FFF744FD0446002C10DAF1480178007828
:1027F000401CEF4A1070052903DD05202A490870A6
:1028000003E04FF47A70FFF72BFD36E2002C3BDD3E
:102810000020E7490870AFA0FBF744FB05462348BA
:102820002346E24AD0F884102846FBF765FC0028CE
:102830001BDB1E48D0F8840020441C49C1F88400EA
:102840000846B0F88800401CA1F8880000BF084680
:10285000D0F8840000900846B0F8883040F2A71203
:1028600016A1D4A0F5F776FD12E000BF0F4840F2A4
:10287000AB1212A1D0F88430DBA0F5F76BFD00BFDE
:10288000052009490870F8E114B9042006490870C8
:10289000F3E1642000F0C2FA20B100BF40F2BD12A3
:1028A00006A1BDE1C1E100007808002080070020FA
:1028B0006F74615F696E666F000000002E2E5C42CF
:1028C00053505C4F54415C6F74612E6300000000F4
:1028D0005B204F54412D5441534B205D5B25733A8F
:1028E00025645D204F544120696E69742066696ECD
:1028F0006973682C2063757272656E7420766572D8
:1029000073696F6E3A25730D0A0A00005B204F54FD
:10291000412D5441534B205D5B25733A25645D2066
:102920006F7461207570677261646520737563638D
:10293000657373207265706F727465640D0A0A00A6
:102940005B204F54412D5441534B205D5B25733A1E
:1029500025645D206F74612076657273696F6E20E7
:10296000757064617465206661696C2C726574723F
:10297000790D0A0A00000000F8BA02085CBC0208DF
:10298000417574686F72697A6174696F6E3A202557
:10299000730D0A00312E3000747970653D25642670
:1029A00076657273696F6E3D257300002F667573CF
:1029B000652D6F74612F32497473357771386133C7
:1029C0002F6C6F745F6465766963652F63686563F8
:1029D0006B000000696F742D6170692E6865636C0F
:1029E0006F7564732E636F6D000000005B204F54A1
:1029F000412D5441534B205D5B25733A25645D2086
:102A00004F544120636865636B20485454502074D0
:102A1000696D656F75740D0A0A0000005B204F54E4
:102A2000412D5441534B205D5B25733A25645D2055
:102A30005374617274206669726D77617265206487
:102A40006F776E6C6F61640D0A0A00005B204F5453
:102A5000412D5441534B205D5B25733A25645D2025
:102A60004E6F20757067726164652072657175695B
:102A70007265640D0A0A00005B204F54412D5441D9
:102A8000534B205D5B25733A25645D204F544120F4
:102A9000636865636B206572726F720D0A0A0000CD
:102AA0005B204F54412D5441534B205D5B25733ABD
:102AB00025645D204854545020636865636B207220
:102AC0006571756573742073656E64206661696CE9
:102AD0000D0A0A00646F776E6C6F6164000000007D
:102AE0005B204F54412D5441534B205D5B25733A7D
:102AF00025645D20457261736520646F776E6C6F2D
:102B0000616420706172746974696F6E2C207369DE
:102B10007A653D25640D0A0A000000005B204F54D1
:102B2000412D5441534B205D5B25733A25645D2054
:102B3000506172746974696F6E206572617365208B
:102B40006661696C65640D0A0A0000005B204F54E1
:102B5000412D5441534B205D5B25733A25645D2024
:102B6000506172746974696F6E206572617365205B
:102B7000646F6E650D0A0A005B204F54412D54416D
:102B8000534B205D5B25733A25645D20446F776E5F
:102B90006C6F616420626C6F636B202564206F66CC
:102BA000667365743D25640D0A0A0000605C0020B0
:102BB000790800205B204F54412D5441534B205D38
:102BC0005B25733A25645D20646F776E6C6F61647A
:102BD00020626C6F636B3A2564202C20746F7461E3
:102BE0006C3A25640D0A0A005B204F54412D544174
:102BF000534B205D5B25733A25645D20466C617301
:102C000068207772697465206661696C656420610B
:102C100074206F66667365743D25640D0A0A0000B2
:102C200018A0F5F797FB00BF27E00120244981F8A1
:102C30008A008390012283A922A0F6F7B7FF00BF84
:102C40004FF4E372AFF28C312248F5F783FB00BFFB
:102C500000F05EF800BF40F2CD12AFF2A0311EA02E
:102C6000F5F778FB00BFF7F718F80120274908703F
:102C700003E001202549087000BF00BF0DF5047D69
:102C800070BD00005B204F54412D5441534B205DDB
:102C90005B25733A25645D207265706F72742064E1
:102CA0006F776E6C6F61642066696E697368206609
:102CB00061696C2C2072657472790D0A0A0000003B
:102CC00080070020757067726164655F666C61677C
:102CD0000000000084BB02085B204F54412D54418A
:102CE000534B205D5B25733A25645D204F54412092
:102CF0007461736B2061626F72742C206261636B0C
:102D000020746F2069646C650D0A0A007808002041
:102D100000BF2D2211A116A0F5F71CFB00BF00BFBC
:102D200000BF00BF00BF00BFBFF34F8F00BF00BF99
:102D300000BF1C48006800F4E0601B490843001D08
:102D40001849086000BF00BF00BFBFF34F8F00BF2E
:102D500000BF00BF00BF00BFFDE700002E2E5C4299
:102D600053505C4F54415C6F74612E63000000004F
:102D70005B204F54412D5441534B205D5B25733AEA
:102D800025645D204F54412072656164792C207365
:102D9000797374656D207265626F6F742E2E2E0DBF
:102DA0000A0A00000CED00E00000FA050348007874
:102DB000012801D1024908707047000078080020FE
:102DC0008007002070B504460D46FFF7EFFF00BFF7
:102DD0004FF4D57202A107A0F5F7BCFA00BF70BD91
:102DE0002E2E5C4253505C6D73685C6D73682E636D
:102DF000000000005B204D5348205D5B25733A25A1
:102E0000645D205354415254204F54412054415347
:102E10004B2E2E2E2E0D0A0A0000000030B5F1B008
:102E200004463948D0F8B00038A13BA33DA2CDE913
:102E30000010802151A8F5F79DFA3348D0F8B00072
:102E400032A135A33EA2CDE90010802131A8F5F7CB
:102E500091FA434B43A2802111A8F5F78BFA234640
:102E600045A2202109A8F5F785FA09A8EDF711FA7E
:102E700085B211A809A943A231ABCDE90115009291
:102E8000039051AA502144A0F7F714F950B100BFA4
:102E9000572247A14BA0F5F75DFA00BF4FF0FF3076
:102EA00071B030BD04E0F7F701FA0A20FFF7D8F956
:102EB000F7F76EF8062803D0F7F76AF80028F2D182
:102EC000F7F766F848B900BF642239A149A0F5F7C1
:102ED00041FA00BF4FF0FF30E2E705A8F7F740F8EE
:102EE00000BF0799059823466A22CDE9000130A169
:102EF0004C48F5F72FFA00BF0598C82801D10020EB
:102F0000CEE74FF0FF30CBE7800700206C6F745F97
:102F1000646576696365000032497473357771388A
:102F2000613300002F667573652D6F74612F2573F3
:102F30002F25732F25642F7374617475730000003F
:102F400070726F5F69643D2573266465765F6E619C
:102F50006D653D2573267469643D2564000000009D
:102F60005CBC0208417574686F72697A6174696F3C
:102F70006E3A2025730D0A007B2273746570223A25
:102F800025647D006170706C69636174696F6E2F78
:102F90006A736F6E00000000696F742D6170692E96
:102FA0006865636C6F7564732E636F6D000000005D
:102FB0002E2E5C4253505C4F54415C6F74612E6303
:102FC000000000005B204F54412D5441534B205DC5
:102FD0005B25733A25645D20737461747573207288
:102FE00065706F727420706F7374206661696C0D08
:102FF0000A0A00005B204F54412D5441534B205D81
:103000005B25733A25645D20737461747573207257
:1030100065706F72742074696D656F75740D0A0A3E
:103020000000000014BC02082DE9F04FC3B00646B2
:103030000F4615461C464FF0000A06F1200856B907
:10304000524853A354A240F2F91100905AA004F040
:1030500059F900BFFEE7012C0DD0B4F5807F0AD0EE
:103060004A485BA34CA240F2FB11009052A004F02E
:1030700049F900BFFEE796F8340050B943485EA313
:1030800045A240F2FD1100904BA004F03BF900BFB7
:10309000FEE779193069814206D95BA004F05CF93A
:1030A000052043B0BDE8F08FD8F8080018B14046BD
:1030B000D8F80810884759E00121304603F034FE63
:1030C0008246BAF1000F00D053E002208DF80400D0
:1030D0000DF1050239463046FCF760FE96F83500E2
:1030E00008B1052000E004208346B7FBF4F004FBA0
:1030F000107078B1B7FBF4F004FB1070201AA842EE
:1031000006D2B7FBF4F004FB1070A4EB000906E054
:10311000A94604E0A54201D9A14600E0A946A5EBD5
:1031200009054F4401A901EB0B004A464C99EDF704
:1031300064F800200BEB09020090034601A9404609
:10314000D8F804C0E0478246BAF1000F03D038A097
:1031500004F002F90DE0304606F0D8FB8246BAF1E1
:10316000000F00D005E04C9848444C90002DA3D1AE
:1031700000BF0021304603F0D7FDD8F80C0018B18D
:103180004046D8F80C10884750468AE73DA602080A
:10319000666C6173680000002825732920686173DC
:1031A00020617373657274206661696C6564206167
:1031B000742025732E0000002E2E5C4253505C7349
:1031C0006675645C7372635C736675642E6300007D
:1031D00077726974655F6772616E203D3D203120B2
:1031E0007C7C2077726974655F6772616E203D3DFB
:1031F0002032353600000000666C6173682D3E6930
:103200006E69745F6F6B00004572726F723A204690
:103210006C617368206164647265737320697320E4
:103220006F7574206F6620626F756E642E000000EB
:103230004572726F723A20466C61736820777269CA
:1032400074652053504920636F6D6D756E696361BD
:103250007465206572726F722E0000002DE9FF41C7
:103260004FF0000895480078FBF73AFE071E0BDD8B
:1032700001A802AB3A460090914801688F48007857
:1032800002F0F4FA87B203E0002004B0BDE8F08158
:10329000BDF8040043286CD189480068007F894943
:1032A0000978884224D186480068407F854949785A
:1032B00088421DD182480068807F8249897888428F
:1032C00016D17F480068C07F7E49C97888420FD1F7
:1032D0007B48006890F820007A490979884207D134
:1032E0007748006890F8210076494979884201D0F2
:1032F0000020CAE77448007840B97348407828B97C
:103300007148807810B97048C07888B39DF808007B
:103310006D490978884211D19DF809006A494978B8
:1033200088420BD19DF80A0067498978884205D107
:103330009DF80B006449C97888421BD09DF80800AD
:1033400062490978884211D19DF809005F4949789E
:1033500088420BD19DF80A005C498978884205D1E2
:103360009DF80B005949C978884203D000208CE7AA
:1033700000E0A0E052480468F034A7F1F00005191D
:1033800096E0207833284DD007DC70B1012813D0A7
:10339000032821D006287DD131E0352807D03628F2
:1033A00060D0FF287ED12C4681E0641C7FE0641C45
:1033B000641C14F8018B7AE0641C641C14F8010B83
:1033C0004349087014F8010B487014F8010B887019
:1033D00014F8010BC8706AE0641C14F8016B14F84F
:1033E000010B3C49087014F8010B487014F8010BEC
:1033F000887014F8010BC870301F044457E0641C37
:1034000014F8016B14F8010B3349087014F8010B20
:10341000487014F8010B887014F8010BC870301F45
:10342000044444E0641C14F8016B14F8010B2B49AC
:10343000086014F8011B2948006801EB00202749A7
:10344000086014F8011B2548006801EB002023499F
:10345000086014F8011B2148006801EB00201F4997
:10346000086024E0641C14F8016B14F8010B164981
:10347000087014F8010B487014F8010B887014F8E8
:10348000010BC8709DF80800104908709DF80900EC
:10349000487000E006E09DF80A0088709DF80B0077
:1034A000C87004E0641C14F8016B344400BF00BF12
:1034B000AC42FFF466AF4FFA88F0E6E670000020F9
:1034C000A0000020AC00002071000020750000204A
:1034D000850000208100002089000020900000204D
:1034E0002DE9F0470446894692464F461221204670
:1034F000ECF79CFE3846FBF79FFC2080B81CFBF7DE
:103500009BFC064606F4004008B10120A070C6F3FB
:10351000C320E07006F4806008B10120207106F439
:10352000007008B10120607106F4807008B10120BC
:10353000A07106F0800008B10120E07106F00F00D4
:103540002072381DFBF778FC6081B81DFBF774FC16
:10355000A08107F10800FBF76FFCE08107F10A008A
:10356000FBF76AFC208207F10C0800250DE04146BC
:103570003846FAF793F88046B8F1000F03D14FF0C0
:10358000FF30BDE8F087681C85B26089A842EEDC98
:1035900000250DE0524641463846F9F78FFF804638
:1035A000B8F1000F02D14FF0FF30EAE7681C85B296
:1035B000A089A842EEDC002501E0681C85B2E08904
:1035C000A842FADC002501E0681C85B2208AA842E6
:1035D000FADC207A08B90120D3E70020D1E72DE9F1
:1035E000F04180460C4600250027E068B0F57A7F60
:1035F00002D30020BDE8F081E068401CE060A168D3
:103600002068405C5B2800D05FE0A068401CA060A0
:103610002046F8F79DFB4CB1D4E90110884205D251
:10362000A1682068405C5D2800D13FE01CB1D4E96E
:103630000110884203D3A068401EA06045E0A06846
:10364000401EA06000BF04F11000F8F7A8FC064679
:1036500006B93AE015B93546374602E03E60776074
:103660003746A068401CA0602046F8F771FB214651
:10367000384600F0CFFA00B927E02046F8F768FB9B
:1036800044B1D4E90110884204D2A1682068405CAA
:103690002C28D8D044B1D4E90110884204D2A168C2
:1036A0002068405C5D2800D00FE000BFE068401E4D
:1036B000E06005B16F602020C8F80C00C8F8085021
:1036C000A068401CA060012094E715B12846F8F7D7
:1036D0002DFC00208EE702460023002100BF23E0DE
:1036E000505C302806DB505C392803DC505C3038F5
:1036F000034415E0505C412806DB505C462803DC9F
:10370000505C373803440BE0505C612806DB505CAA
:10371000662803DC505C5738034401E00020704702
:10372000032900D21B01491C0429D9D31846F6E706
:103730002DE9F04307468C461C4600250026A84686
:10374000614600BF11F8013B06B96D1C03F0C000D3
:10375000C0280AD106B96D1C0126087803F03F097C
:1037600000EB0920C11911F8013B03B91BE0581CFB
:10377000201A04B2002C03DA4FF0FF30BDE8F083CA
:1037800006B91D4403E011F8010B02F8010B181EE5
:10379000A3F101091FFA89F3F5D12E2002F8010BDC
:1037A00008F10108CEE700BFB8F1000F04D12E20C8
:1037B00002F8010B601E04B2002002F8010B601E2B
:1037C00004B22846DAE700002DE9FC5F81460C468A
:1037D00000BF00200190FBF7EFFB83460026B246B6
:1037E000002000900CB1206810B90020BDE8FC9FBB
:1037F00000263AE0A16820680844805D342820D083
:103800000ADCA0F12B0009282CD2DFE800F0202BE5
:1038100021262B1617181900382816D006DC352853
:1038200010D036280FD037281CD10DE039280DD004
:1038300045280FD0652815D10BE000BF00BF00BFA1
:1038400000BF00BF00BF00BF00BF00BF00BF00BF80
:1038500000BF00BF0AF1010A05E00AF1010A0120D8
:10386000009000E008E000BF761C24B1A06830445E
:1038700061688842BED300BF0AF101002169884710
:1038800005460DB90020B1E7A268206881185246AC
:103890002846ECF7B2FC002005F80A00009848B171
:1038A000002605E0A85D2E2801D105F806B0761C9B
:1038B0005645F7D301A9284604F066F9074688461D
:1038C0000198854204D128466169884700208DE728
:1038D000C9E90678154A164B38464146EDF774FAA1
:1038E00004D86FF00040C9F8140011E00022114B19
:1038F00038464146EDF750FA04D84FF00040C9F879
:10390000140005E038464146EDF714FAC9F81400F2
:103910000820C9F80C00A0680199491B0844A06060
:10392000284661698847012060E700000000C0FF69
:10393000FFFFDF410000E0C12DE9F04180460C4669
:1039400000260025E068B0F57A7F02D30020BDE8AC
:10395000F081E068401CE06044B1D4E90110884285
:1039600004D2A1682068405C7B2800D084E0A06875
:10397000401CA0602046F8F7EBF94CB1D4E90110E7
:10398000884205D2A1682068405C7D2800D164E0AF
:103990001CB1D4E90110884203D3A068401EA06086
:1039A0006AE0A068401EA06000BF04F11000F8F7B4
:1039B000F6FA074607B95FE016B93E463D4602E013
:1039C0002F607D603D4624B1A068401C616888423C
:1039D00000D351E0A068401CA0602046F8F7B8F979
:1039E0002146284600F04EF800B945E02046F8F799
:1039F000AFF9286928620020286144B1D4E9011098
:103A0000884204D2A1682068405C3A2800D033E0A4
:103A1000A068401CA0602046F8F79AF92146284685
:103A200000F0F8F800B927E02046F8F791F944B122
:103A3000D4E90110884204D2A1682068405C2C2897
:103A4000B3D044B1D4E90110884204D2A1682068FF
:103A5000405C7D2800D00FE000BFE068401EE060C1
:103A600006B175604020C8F80C00C8F80860A0686E
:103A7000401CA06001206AE716B13046F8F756FAFC
:103A8000002064E72DE9F84F80460C46A1682068C5
:103A90000844461CA16820680844451C002000908A
:103AA0000027A1682068405C222800D0A6E04FF0E3
:103AB000000AD1460DE028785C2809D1681C2168ED
:103AC000401A6168884200D398E009F101096D1C31
:103AD0006D1C2068281A6168884202D22878222842
:103AE000E9D12068281A6168884202D22878222801
:103AF00000D083E0A16820680844281AA0EB090AD6
:103B00000AF1010021698847074607B976E0009766
:103B100061E030785C2807D016F8010B0099087036
:103B20000098401C009056E04FF00209A81B0128A5
:103B300000DA63E07078662819D008DC222832D0D9
:103B40002F2832D05C282FD0622840D108E06E2880
:103B500014D0722819D074281ED0752837D12BE0C4
:103B60000820009908700098401C009030E00C205C
:103B7000009908700098401C009029E00A200099E4
:103B800008700098401C009022E00D2000990870F9
:103B90000098401C00901BE00920009908700098D4
:103BA000401C009014E000BF00BF707800990870BE
:103BB0000098401C00900BE06A462946304604F00D
:103BC0003CFD8146B9F1000F00D117E000E015E09F
:103BD00000BF4E4400BFAE429BD300200099087046
:103BE0001020C8F80C00C8F810702068281AA060CF
:103BF000A068401CA0600120BDE8F88F1FB13846C6
:103C000061698847002716B12068301AA06000203B
:103C1000F2E7000070B505460C460CB1206808B903
:103C2000002070BD9CB1A068001D616888420ED85C
:103C3000A2682168881804223FA1ECF755FB30B92F
:103C40000420E860A068001DA0600120E9E79CB1A5
:103C5000A068401D616888420ED8A2682168881853
:103C6000052237A1ECF740FB30B90120E860A068DD
:103C7000401DA0600120D4E7ACB1A068001D6168C0
:103C8000884210D8A2682168881804222EA1ECF777
:103C90002BFB40B90220E86001206861A068001D8C
:103CA000A0600120BDE76CB1D4E90110884209D2BF
:103CB000A1682068405C222804D121462846FFF7ED
:103CC000E1FEAEE7BCB1D4E90110884213D2A1688D
:103CD0002068405C2D2809D0A1682068405C30280D
:103CE00009DBA1682068405C392804DC21462846AD
:103CF000FFF76AFD95E76CB1D4E90110884209D25B
:103D0000A1682068405C5B2804D121462846FFF763
:103D100066FC86E76CB1D4E90110884209D2A1683B
:103D20002068405C7B2804D121462846FFF704FE2A
:103D300077E7002075E700006E756C6C00000000EE
:103D400066616C73650000007472756500000000A8
:103D5000F0B589B007460E46144600252421684672
:103D6000ECF764FA4FF480702168884700904FF4B4
:103D700080700190059694E8070006AB07C3009891
:103D800000B935E06946384600F0B4FB00B92FE0D1
:103D9000684604F099FBA06850B1029B591C00983A
:103DA000A2689047054605B922E0002000901CE07B
:103DB000029A501C21688847054605B918E0DDE9DC
:103DC0000130401C834201D2019801E00298401C5E
:103DD000024628460099ECF710FA00200299685430
:103DE00000986168884700200090284609B0F0BD1F
:103DF000009820B1009861688847002000901DB1AC
:103E000028466168884700250020EFE72DE9F0414A
:103E100007460C460025A846BE6814B90020BDE838
:103E2000F081E068B0F57A7F01D30020F7E7012147
:103E30002046F9F751FD05460DB90020EFE75B205C
:103E40002870A068401CA060E068401CE06028E08A
:103E50002146304600F04EFB08B90020DFE720463F
:103E600004F032FB3068D8B1606908B1022000E08C
:103E70000120804608F101012046F9F72DFD054695
:103E80000DB90020CBE72C2005F8010B606910B1BB
:103E9000202005F8010B00202870A0684044A06095
:103EA0003668002ED4D102212046F9F715FD0546CB
:103EB0000DB90020B3E75D2005F8010B0020287044
:103EC000E068401EE0600120A9E7000000B589B06D
:103ED00003A805F013FF9DF82200022807D12B4804
:103EE000F4F738FA2AA12CA0F4F734FA06E02748B0
:103EF000F4F730FA26A132A0F4F72CFA9DF811104D
:103F00009DF810009DF80F20CDE9002002919DF84A
:103F10000E309DF80D209DF80C1033A0F4F71AFA1E
:103F20009DF8150000909DF814309DF813209DF821
:103F3000121039A0F4F70EFA9DF8190000909DF8C0
:103F400018309DF817209DF816103BA0F4F702FAE0
:103F50009DF81D0000909DF81C309DF81B209DF8D9
:103F60001A103DA0F4F7F6F903A8407D009003A8CD
:103F7000037D9DF81F209DF81E103FA0F4F7EAF97D
:103F80004548F4F7E7F909B000BD000054AE020857
:103F90005735353030000000202573206E6574776A
:103FA0006F726B20636F6E66696775726174696F9B
:103FB0006E203A20444843500D0A0D0A00000000CC
:103FC000202573206E6574776F726B20636F6E6649
:103FD000696775726174696F6E203A2073746174D9
:103FE00069630D0A0D0A0000204D41432020202066
:103FF00020202020203A20253032583A25303258CF
:104000003A253032583A253032583A253032583A2B
:10401000253032580D0A0000204950202020202051
:1040200020202020203A2025642E25642E25642E71
:1040300025640D0A00000000205375626E6574202F
:104040004D61736B203A2025642E25642E25642E45
:1040500025640D0A000000002047617465776179CE
:1040600020202020203A2025642E25642E25642E31
:1040700025640D0A0000000020444E53202020201B
:1040800020202020203A2025642E25642E25642E11
:1040900025640D0A00000000E8AD02082DE9F04F8C
:1040A0008BB081460F464FF0000AD9E90645D0464D
:1040B00000261C2104A8ECF7B9F8FAF77DFF834627
:1040C00000200290039017B90BB0BDE8F08FCDE946
:1040D0000045DDE900210AB1012200E0002241EAA9
:1040E000020020F00041394A511AC90F61B9CDE9E7
:1040F000004551000198B1EB400F03D1009808B979
:10410000012000E0002028B131A104A8F4F74CF907
:1041100080462EE0D9F81400ECF7D5FD22462B4658
:10412000CDE90001ECF738FE07D12BA104A8D9F89E
:104130001420F4F739F980461BE022462B4627A1CC
:1041400004A8F4F731F9804602AA26A104A8ECF7E6
:10415000E9F8012806D122462B46DDE90201F8F7ED
:1041600017FC30B922462B461FA104A8F4F71CF90E
:104170008046B8F1000F02DBB8F1190F01DD002015
:10418000A2E708F101013846F9F7A6FB8246BAF129
:10419000000F01D1002097E700260DE004A8805D04
:1041A000584503D12E200AF8060004E004A8805DDB
:1041B0000AF8060000BF761C4645EFD300200AF837
:1041C0000600B8684044B86001207DE70000F07F39
:1041D0006E756C6C000000002564000025312E31E6
:1041E00035670000256C670025312E3137670000E8
:1041F0002DE9F04781460C4600250026D9F80870C5
:1042000014B90020BDE8F087E068B0F57A7F01D3EB
:104210000020F7E7606908B1022000E001200646AF
:10422000711C2046F9F758FB05460DB90020E9E757
:104230007B2005F8010BE068401CE060606910B16C
:104240000A2005F8010BA0683044A06069E06069AD
:10425000B8B12046E168F9F73FFB05460DB90020EB
:10426000D0E74FF0000804E0092005F8010B08F141
:104270000108E0684045F7D8D4E902010844A0608D
:1042800000BF2146386A00F07BF808B90020B9E782
:10429000204604F019F9606908B1022000E001200D
:1042A000064631462046F9F717FB05460DB90020B2
:1042B000A8E73A2005F8010B606910B1092005F85C
:1042C000010BA0683044A0602146384600F012F986
:1042D00008B9002096E7204604F0F6F8606908B1B6
:1042E000012000E00020396809B1012100E000212F
:1042F0004618711C2046F9F7EFFA05460DB9002063
:1043000080E7386810B12C2005F8010B606910B106
:104310000A2005F8010B00202870A0683044A06036
:104320003F68002F93D1606910B1E068401C00E045
:10433000022001462046F9F7CFFA05460DB90020C4
:1043400060E7606950B1002003E0092105F8011B16
:10435000401CE168491E8142F7D800BF7D2005F866
:10436000010B00202870E068401EE060012049E752
:1043700070B504460D462946206900F001F870BD6D
:104380002DE9F04707468A46002400260025A0466E
:10439000A146BAF1000F02D10020BDE8F0876FB945
:1043A00003215046F9F798FA06460EB90020F4E7C3
:1043B0004DA13046EBF78FFF0120EEE73C4622E0AF
:1043C00020780C2811D006DC08280DD009280FD041
:1043D0000A2810D10AE00D2809D0222802D05C2832
:1043E00009D100E000BF00BF00BF00BF00BF00BF99
:1043F00009F1010905E02078202801DA09F1050911
:1044000000BF00BF641C20780028D9D1E01B00EB5E
:10441000090808F103015046F9F75EFA06460EB99D
:104420000020BAE7B9F1000F0FD1222030704246C8
:104430003946701CEBF7E1FE222108F101003154EE
:104440000021401C31540120A7E722203070751C48
:104450003C463DE020781F2808DD2078222805D042
:1044600020785C2802D0207828702FE05C2005F8A6
:10447000010B20780C2815D006DC08280FD009285D
:1044800019D00A281AD110E00D2811D0222803D003
:104490005C2813D1287018E02220287015E06220D3
:1044A000287012E0662028700FE06E2028700CE063
:1044B0007220287009E07420287006E022780BA191
:1044C0002846F3F771FF2D1D00BF00BF641C6D1C53
:1044D00020780028BED1222108F1010031540021AA
:1044E000401C3154012058E7222200007525303449
:1044F000780000002DE9F04104460E46002504B185
:1045000016B90020BDE8F081207B102857D008DCC8
:1045100001281BD0022827D0042809D008285DD103
:1045200030E0202850D0402853D0802856D12EE0AB
:1045300005213046F9F7D0F905460DB90020E1E72D
:1045400027A12846EBF7C7FE0120DBE7062130460E
:10455000F9F7C2F905460DB90020D3E722A1284694
:10456000EBF7B9FE0120CDE705213046F9F7B4F9A4
:1045700005460DB90020C5E71DA12846EBF7ABFEA7
:104580000120BFE731462046FFF788FDBAE7002744
:10459000206908B90020B5E72069EBF77AFE471CCF
:1045A00039463046F9F798F905460DB90020A9E7D4
:1045B0003A4628462169EBF720FE0120A2E7314662
:1045C0002046FFF7D5FE9DE731462046FFF71EFC4B
:1045D00098E731462046FFF70BFE93E7002091E76E
:1045E0006E756C6C0000000066616C736500000005
:1045F00074727565000000000A1200F8012B00F8C3
:10460000011B704770B504460D46164610480068F9
:1046100030B9104A10A113A0F3F79CFE00BFFEE7CB
:104620000B48006890F8340030B90A4A15A10DA073
:10463000F3F790FE00BFFEE71748806901192B468B
:1046400032460348006802F0A9FE304670BD000003
:104650003407002019AC0208736675645F646576E0
:10466000000000002825732920686173206173739E
:10467000657274206661696C6564206174202573BD
:104680002E0A0000736675645F6465762D3E696E60
:1046900069745F6F6B0000003807002001460A68EC
:1046A00010780A68521C0A60704730B501460A68E3
:1046B000537814784FF4807505FB04300B689B1C0D
:1046C0000B6030BDF0B505460C4616460027206845
:1046D000301A01280FDD2046FFF7E7FF68602068E9
:1046E00069680844B04206D82168A96020686968F2
:1046F000084420600127002028603846F0BD2DE9DD
:10470000FC4104460D464FF0FF3700200190002683
:1047100000902846F3F712FA80466169206D4346FF
:104720000122D0F804C0E047012800D02AE0012689
:104730002846F3F703FA8046424669462046F8F7D2
:10474000C8FC6169481C0099F1F7D2FE0644009844
:1047500000280FDD2846F3F7F1F9804662699119C8
:10476000206D4346D0F804C0009AE0470099884283
:1047700000D007E0606900788DF804000198C0F36C
:10478000031700BF3846BDE8FC81000070B586B055
:1047900005460C4608260020049005904DB92E4889
:1047A0002EA330A29621009036A002F0ABFD00BFF0
:1047B000FEE74CB928483AA32AA29721009031A0DD
:1047C00002F0A0FD00BFFEE7082304AA31462846F8
:1047D00000F032FE28B136A002F0BEFD002006B087
:1047E00070BD9DF8100020709DF8110060709DF85C
:1047F0001200A0709DF81300E0709DF814009DF861
:10480000151040EA01209DF8161040EA0140606052
:10481000A078012806DD6278A178334802F09CFD7B
:104820000020DCE7E078092805DAE1782F4802F07B
:1048300093FD0020D3E7E1786278A3786068CDE942
:104840000032CDE902102378294AAD210DA002F0F3
:1048500059FD0120C3E7000001A70208666C6173DF
:104860006800000028257329206861732061737334
:10487000657274206661696C6564206174202573BB
:104880002E0000002E2E5C4253505C736675645CF3
:104890007372635C736675645F736664702E630025
:1048A00062617369635F686561646572000000003E
:1048B0004572726F723A2043616E2774207265618F
:1048C00064204A4544454320626173696320666CF5
:1048D00061736820706172616D65746572206865CE
:1048E000616465722E00000094B502081CB70208CE
:1048F000C0B402082DE9F0478EB08046894608F121
:104900004404D9F804A0242105A8EBF78FFCB8F1E2
:10491000000F09D1CD48CEA3CFA2C2210090D6A0CE
:1049200002F0F0FC00BFFEE7B9F1000F09D1C74863
:10493000D8A3C9A2C3210090CFA002F0E3FC00BF1E
:10494000FEE7242305AA5146404600F075FD30B12C
:10495000D4A002F001FD00200EB0BDE8F087DFA278
:10496000CB21C5A002F0CEFCE6A2CC21C2A002F071
:10497000C9FC00251FE005A810F82500012101EB66
:10498000850105AA515C022202EB850205AB9A5C07
:10499000032303EB85030DF1140C1CF80330CDE960
:1049A0000032CDE902106B1CDDA2CE21B2A002F0D4
:1049B000A9FC681CC5B2092DDDDB9DF81500E0716E
:1049C0009DF8140000F00300012802D0032811D143
:1049D00008E00120A071E379DA4AD721A6A002F00D
:1049E00091FC0CE00020A071D7A2DB21A2A002F074
:1049F00089FC04E0E1A002F0AFFC0020ACE700BFBE
:104A00009DF81400C0F3800010B1012811D107E017
:104A10000120A080E7A2E62197A002F073FC08E045
:104A20004FF48070A080EBA2EA2193A002F06AFC10
:104A300000BF00BF9DF81400C0F3C00010B10128F2
:104A40002AD107E001202072EDA2F5218AA002F010
:104A500059FC21E000202072F54AFA2186A002F0DC
:104A600051FC9DF81400C0F3001010B1012811D1C1
:104A700007E050206072EF4AFF217FA002F042FC65
:104A800008E006206072EC4A4FF482717AA002F0CE
:104A900039FC00BF00BF00BF00BF9DF81600C0F387
:104AA000410020B101280DD0022820D114E00120BE
:104AB000A0720020E072E1A240F20F116EA002F09D
:104AC00021FC1CE00120A072E072E2A24FF48A7186
:104AD00069A002F017FC12E00020A0720120E07231
:104AE000E3A240F2191164A002F00CFC07E00020E0
:104AF000A072E072E4A002F02FFC00202CE700BFBF
:104B00009DF81B0000069DF81A1040EA01409DF830
:104B1000191040EA01209DF8181040EA01079DF89D
:104B20001B00C00910B1012815D104E0012000EBE1
:104B3000D700E0600FE027F00047232F06D90020C0
:104B4000E060DA4802F008FC002005E7F81E0121C9
:104B50008140E16000BF00BFD5A240F2311146A004
:104B6000E36802F0CFFB002500262BE068001C3034
:104B700005A9085C20B368001C30095C012088404E
:104B800004F1100141F8360068001D3005A9095CE8
:104B900004F1100000EBC600017104F1100000EBFD
:104BA000C6000079009004F1100050F83600830A26
:104BB000C5A240F2371130A002F0A4FB701CC6B2AF
:104BC000681CC5B2042DD1DB0025002637E004F1B6
:104BD000100050F8350080B3681CC6B22BE004F119
:104BE000100050F8360020B304F1100050F83510D2
:104BF00050F8360081421CD904F1100252F83510E9
:104C000002EBC502107904F1100252F8363042F876
:104C1000353002EBC602137904F1100202EBC50233
:104C2000137104F1100242F8361002EBC602107143
:104C300000BF701CC6B2042ED1DB681CC5B2042DA7
:104C4000C5DB0120207000BF86E6000013A7020824
:104C5000666C617368000000282573292068617301
:104C600020617373657274206661696C656420618C
:104C7000742025732E0000002E2E5C4253505C736E
:104C80006675645C7372635C736675645F73666497
:104C9000702E630062617369635F68656164657249
:104CA000000000004572726F723A2043616E2774F3
:104CB0002072656164204A454445432062617369FE
:104CC0006320666C61736820706172616D657465E4
:104CD00072207461626C652E000000004A454445F4
:104CE0004320626173696320666C61736820706140
:104CF00072616D65746572207461626C6520696EA5
:104D0000666F3A004D53422D4C53422020332020F1
:104D100020203220202020312020202030000000C0
:104D20005B253034645D203078253032582030786F
:104D300025303258203078253032582030782530D0
:104D4000325800007CB40208556E69666F726D209F
:104D500034204B4220657261736520697320756E43
:104D6000617661696C61626C6520666F722074683F
:104D70006973206465766963652E00004572726F01
:104D8000723A20556E69666F726D2034204B422056
:104D9000657261736520737570706F7274656420DD
:104DA000696E666F726D6174696F6E206572726F85
:104DB000722E00005772697465206772616E756C9F
:104DC0006172697479206973203120627974652E6B
:104DD000000000005772697465206772616E756C1F
:104DE0006172697479206973203634206279746540
:104DF00073206F72206C61726765722E0000000074
:104E000054617267657420666C61736820737461A5
:104E10007475732072656769737465722069732095
:104E20006E6F6E2D766F6C6174696C652E0000007C
:104E3000E8B502082CB60208A4B60208332D427960
:104E40007465206F6E6C7920616464726573736938
:104E50006E672E00332D206F7220342D42797465D9
:104E60002061646472657373696E672E00000000D0
:104E7000342D42797465206F6E6C792061646472A0
:104E8000657373696E672E004572726F723A2052B5
:104E9000656164206164647265737320627974650E
:104EA00073206572726F7221000000004CB5020819
:104EB000436170616369747920697320256C642093
:104EC00042797465732E0000466C617368206465D6
:104ED0007669636520737570706F72747320256CCA
:104EE000644B4220626C6F636B2065726173652E48
:104EF00020436F6D6D616E642069732030782530BA
:104F000032582E002DE9FF410446002504F1200609
:104F100054B9194819A31BA24FF43971009021A06C
:104F200002F0F0F900BFFEE79F20039003200090FD
:104F300002AB012203A930467768B8470546A5B9F8
:104F40009DF8081021739DF8091061739DF80A10EF
:104F5000A173A07B617BCDE90010237B174A4FF43E
:104F60003B7110A002F0CEF902E015A002F0F4F9B6
:104F7000284604B0BDE8F08165A60208666C61733E
:104F8000680000002825732920686173206173730D
:104F9000657274206661696C656420617420257394
:104FA0002E0000002E2E5C4253505C736675645CCC
:104FB0007372635C736675642E63000084B20208CA
:104FC0004572726F723A205265616420666C61733B
:104FD0006820646576696365204A454445432049F5
:104FE00044206572726F722E000000002DE9F04FB0
:104FF00091B006460C464FF0000A0020029018239C
:105000000BAA3046216DF3F7DFFA06210BA8F3F760
:1050100040FB20700D98A060A068401C30B1A068D3
:105020003169884202D8A068182826D21820A060CA
:10503000207805281BD00520207051A0F3F78AF9AD
:105040003046F3F7A4FA83465A4651A03168F3F785
:1050500081F952A0216DF3F77DF901200521CDE9F9
:10506000001006230BAA3046216DF3F7C9FD00207E
:105070006070022011B0BDE8F08F00BF04220FA9BC
:105080005046F9F72BFA8246042210A95046F9F748
:1050900025FA8246A068A0F118070025A94617E066
:1050A00005F12000B84202D24FF0200901E0A7EB41
:1050B00005094B46206D1830411903AA3046F3F715
:1050C00083FA4A4603A95046F9F708FA82464D4446
:1050D000BD42E5D30E9850452AD09DF83C004028AB
:1050E00001DD402001E09DF83C0083460020607017
:1050F00002200290206D00F118085B4604F11002B6
:1051000041463046F3F760FA1DA0F3F723F9304625
:10511000F3F73DFA019002461DA03168F3F71AF942
:1051200004F11002594628A0236DF3F713F924E087
:1051300001206070206D00F118089DF83C000346C6
:1051400004F1100241463046F3F73EFA9DF83C0068
:1051500000EB080161651098E0609DF83C00A070CC
:105160009DF83C00402802D33F208DF83C000021F0
:105170009DF83C2004F11000815402987AE7000069
:105180005B466C61736844425D5B6B765D0000005A
:105190005B25735D5B25735D200000004572726FB7
:1051A000723A20546865204B5620403078253038BC
:1051B00058206C656E6774682068617320616E208A
:1051C0006572726F722E0A004572726F723A2052C7
:1051D00065616420746865204B562028252E2A734B
:1051E00040307825303858292043524333322063E9
:1051F0006865636B206661696C6564210A00000064
:105200002DE9F0479AB00546884614461F464FF0F0
:10521000000A00201690179018901990E868B8FBC3
:10522000F0F100FB1180002812D069A0F3F792F88A
:105230002846F3F7ACF981464A4669A02968F3F796
:1052400089F86A4A6AA171A0F3F784F800BFFEE703
:1052500094B95FA0F3F77EF82846F3F798F98146F2
:105260004A465FA02968F3F775F8604A6FA167A006
:10527000F3F770F800BFFEE741462846FAF70CF94D
:1052800006466EB11FB15FB17069401C40B1182273
:1052900031462046EAF7B1FF50461AB0BDE8F08724
:1052A000102316AA41462846F3F78EF900206070B5
:1052B0000021A170C4F804801798A0605D49A0681F
:1052C000884204D11898401C38B1189828B10020A1
:1052D0002070401EE0600820DFE701202070189851
:1052E000E060042116A8F3F7D4F9607004210DF1F1
:1052F0005900F3F7CEF9A070002F54D000202061A0
:105300006068103060616078012803D1E868103867
:10531000206143E06078022840D1E86810382061BD
:1053200060681030149000BF69462846FFF75EFEA3
:105330009DF8010060B99DF80000012808D09DF893
:105340000000052804D0002020614FF0020A10E080
:10535000606902990844606120690299401A2061DD
:105360006A4621462846F9F7DFFE1490401C0028C3
:10537000DAD100BF6068EB68C21828466169F3F7AC
:10538000D4F881466069484507D0C4F81490E868AD
:105390006168A9EB0101401A206100BF214628463F
:1053A00003F0E3F811E028466168FAF775F88146E2
:1053B000B9F1000F08D14FF0FF306061002020618B
:1053C0002146284603F0D1F800BF504665E70000AB
:1053D0005B466C61736844425D5B6B765D00000008
:1053E0005B25735D5B25735D200000006CA70208E0
:1053F0006164647220252064625F7365635F736912
:105400007A6528646229203D3D20300028257329D3
:105410002068617320617373657274206661696CC2
:1054200065642061742025732E0A0000736563741F
:105430006F72000046444230FEB504460D461646E3
:105440001F4625A103C9CDE90101280C8DF80500EF
:10545000280A8DF80600E8B28DF8070054B92048F4
:1054600020A322A24FF4AD71009028A001F04AFFC2
:1054700000BFFEE7B5F1807F0AD319482AA31BA21B
:1054800040F25B11009021A001F03CFF00BFFEE75D
:1054900056B9134828A315A24FF4AE7100901BA073
:1054A00001F030FF00BFFEE7606A50B90C4825A349
:1054B0000EA240F25D11009014A001F023FF00BF86
:1054C000FEE700973346052201A904F12000D4F835
:1054D00024C0E047FEBD00005A000000FF000000AD
:1054E00024A70208666C61736800000028257329F0
:1054F0002068617320617373657274206661696CE2
:1055000065642061742025732E0000002E2E5C42FD
:1055100053505C736675645C7372635C7366756428
:105520005F736664702E630061646472203C203196
:10553000203C3C2032340000726561645F62756615
:1055400000000000666C6173682D3E7370692E77F1
:10555000720000007FB5054605F1440400260020D6
:10556000029003904DB9254825A327A26D210090F4
:105570002DA001F0C7FE00BFFEE700202070082329
:1055800002AA31462846FFF757FF28B12DA001F0A7
:10559000E3FE002004B070BD9DF8080053280BD135
:1055A0009DF80900462807D19DF80A00442803D138
:1055B0009DF80B00502804D02A4801F0CDFE0020B1
:1055C000E8E79DF80C00A0709DF80D006070607811
:1055D000012806DDA278617823A001F0BDFE00203D
:1055E000D8E79DF80E00A178CDE9001063782CA2D1
:1055F00083210DA001F086FE0120CBE7F0A6020872
:10560000666C617368000000282573292068617347
:1056100020617373657274206661696C65642061D2
:10562000742025732E0000002E2E5C4253505C73B4
:105630006675645C7372635C736675645F736664DD
:10564000702E63004572726F723A2043616E277448
:10565000207265616420534644502068656164652A
:10566000722E0000D4B302084572726F723A205451
:1056700068697320726576657273696F6E28562546
:10568000642E2564292053464450206973206E6F90
:105690007420737570706F727465642E0000000062
:1056A000436865636B2053464450206865616465B8
:1056B00072206973204F4B2E2054686520726576E6
:1056C000657273696F6E206973205625642E256498
:1056D0002C204E504E2069732025642E00000000BF
:1056E0002DE9F04704008A4616D054F8047CD4F81B
:1056F00000903E1F564500D956462046F2F7B0FEB0
:1057000005468846324621465046FAF7CFF840B162
:10571000C0F80090BDE8F087BDE8F0470846F2F712
:10572000CDBE44E9017955B129686A18211F8A4222
:1057300002D9611B091F2960C5F80480EAE7024A03
:10574000C2F80080E6E70000800800202DE9F0475D
:105750000446884616460027002500BF082C02DDB7
:10576000681EBDE8F08700BF00BFA100491C0022F1
:1057700002EBC100F2F7F0FC00F00F00012802D0AC
:105780006FF00400EDE700BF00BF16B96FF00D0029
:10579000E7E700BFA100491C4FF4F05202EBC10043
:1057A000F2F7DAFC4FF6FF7101EA8025B54200DA24
:1057B0002E4638E02046F9F793FB0546A100491C28
:1057C0004FF4407202EBC100F2F7C6FC0746172FF8
:1057D0001ED01C2F16D105B126E02046F9F7B6FBE6
:1057E0008146A100491C4FF4F85202EBC100F2F7C8
:1057F000B3FCB9EB802F0BD12046F7F779F86FF0A7
:105800000600AEE72046F7F773F86FF00600A8E74A
:105810000120A04014490988084010B10DB90020AA
:105820009FE705B100E0C5E700BFB54200DA2E46AC
:1058300032464146204604F04BF9A100491C4FF482
:10584000807202EBC1004021F2F706FD00BFA1000B
:10585000491C4FF4807202EBC100F2F77DFC002876
:10586000F5D130467DE700002E0000202DE9FC47F1
:1058700004468A4616461D46DDF82880002700BFEC
:10588000082C02DD781EBDE8FC8700BFA100491C82
:10589000002202EBC100F2F75FFC814600F00F002E
:1058A000022804D0032803D0042803D101E000BF5C
:1058B00000BF02E06FF00400E5E700BF00BF16B9CB
:1058C0006FF00D00DFE700BFA84830F81400E8B91A
:1058D0001AE02046F9F704FB0746A100491C4FF4E3
:1058E000407202EBC100F2F737FC10B96FF0030011
:1058F000C9E70120A0409E490988084010B10FB9AE
:105900000020C0E707B100E0E3E700BF09F00700AF
:10591000022804D003287CD004287BD158E0934887
:1059200030F81400E8BB08226946204604F0D0F89D
:10593000A100491C4FF4807202EBC1004021F2F734
:105940008BFC00BFA100491C4FF4807202EBC10028
:10595000F2F702FC0028F5D19DF8000028709DF8B0
:10596000010068709DF80200A8709DF80300E870BF
:105970009DF80400A8F800009DF8050098F80010B4
:1059800000EB0120A8F800009DF80600774921F8F7
:1059900014009DF8070011F8141000EB0120734962
:1059A00000E004E021F814008020724908556F4897
:1059B00030F81400B04201DD374602E06B4830F8A1
:1059C00014703E463A465146204604F081F8A1E064
:1059D000664830F81400B8BB02226946204604F03D
:1059E00077F8A100491C4FF4807202EBC1004021FE
:1059F000F2F732FC00BFA100491C4FF4807202EBA9
:105A0000C100F2F7A9FB0028F5D19DF80000574925
:105A100001E02DE076E021F814009DF8010011F876
:105A2000141000EB0120801E504921F81400084694
:105A300030F8140040F2EA51884206DD2046F6F7BD
:105A400057FF6FF47A701EE702E08020494908553D
:105A5000464830F81400B04201DD374602E04348C2
:105A600030F814703A465146204604F031F851E0BF
:105A70003E4830F81400A8BB06226946204604F0D0
:105A800027F8A100491C4FF4807202EBC1004021AD
:105A9000F2F7E2FB00BFA100491C4FF4807202EB59
:105AA000C100F2F759FB0028F5D19DF800002870DD
:105AB0009DF8010068709DF80200A8709DF8030031
:105AC000E8709DF80400294921F814009DF80500AC
:105AD00011F8141000EB0120244921F81400802053
:105AE00024490855214830F81400B04201DD3746FA
:105AF00002E01E4830F814703A465146204603F042
:105B0000E7FF07E03946204604F024F8174820F85C
:105B1000147000BF00BFA100491C4FF4807202EB5B
:105B2000C1004021F2F798FB00BFA100491C4FF4CF
:105B3000807202EBC100F2F70FFB0028F5D10B4891
:105B400030F81400C01B094921F81400084630F849
:105B5000140030B10748005D40F0010005490855C8
:105B600002E000200349085538468CE658270020FB
:105B70002E0000203200002000B131B9054A064B4A
:105B8000DA60064B044A136102E0034AD0601161F7
:105B900070470000899C02083C0000208F9C02088E
:105BA00000B131B9054A064B5A61064B044A93616C
:105BB00002E0034A5061916170470000939C020823
:105BC0003C000020919C020800BF094A128802F4A0
:105BD0000072002AF9D000B131B9064A044BDA61EB
:105BE000054B034A136202E0014AD061116270471B
:105BF0003C0000205B9F0208619F020800BF094A29
:105C0000128802F40072002AF9D000B129B9064BBB
:105C1000044A5362054B936202E0024A5062916269
:105C2000704700003C000020599F02085F9F020857
:105C30002DE9FC410446002504F1200654B916481C
:105C400016A318A24FF4337100901EA001F05AFB66
:105C500000BFFEE766208DF8040099208DF805004E
:105C6000002000900346022201A930467768B84719
:105C700005461DB9204603F049FE054635B917A271
:105C800040F2D7210FA001F03DFB02E01AA001F085
:105C900063FB2846BDE8FC815FA60208666C617361
:105CA00068000000282573292068617320617373E0
:105CB000657274206661696C656420617420257367
:105CC0002E0000002E2E5C4253505C736675645C9F
:105CD0007372635C736675642E630000466C617357
:105CE00068206465766963652072657365742073E6
:105CF0007563636573732E004572726F723A204646
:105D00006C6173682064657669636520726573658C
:105D100074206661696C65642E00000000200449EF
:105D200008600A2003490860002003490870704792
:105D300094000020980000208E0000200749096888
:105D4000074AB1FBF2F1642251430522B1FBF2F0A4
:105D500000BF011EA0F10100FBD170470C00002024
:105D6000809698002DE9F84F05460C4616461F46CA
:105D7000DDE90B8BDDF828A04FF000096869009081
:105D800000BFE86881440023224628460099FFF7B7
:105D900037FA16B16078B04212D1BBF1000F05D0CE
:105DA0000123224628460099FFF72AFAB8F1000F8E
:105DB00006D0524639462046C04708B1BDE8F88FA4
:105DC0004A4621462846F9F7ECF90090401C002885
:105DD000D7D100BFF2E730B503460C461546187818
:105DE00030B15878012803D12068401C206007E0BA
:105DF000187828B15878022802D12868401C2860F9
:105E0000002030BD2DE9F0410446884615460026A5
:105E1000002700BF082C02DD701EBDE8F08100BF26
:105E200000BFA100491C002202EBC100F2F794F967
:105E300000F00F00012802D06FF00400EDE700BF72
:105E400000BF15B96FF00D00E7E700BFA100491CC6
:105E50004FF4407202EBC100F2F77EF90646172EAE
:105E600004D01C2E02D06FF00600D6E70120A0401F
:105E700042490988084040B3A100491C4FF4007210
:105E800002EBC100F2F768F900F01F0606F01000FF
:105E900080B1A100491C4FF4007202EBC100102137
:105EA000F2F7DAF90120A0403449098881433348E8
:105EB00001800AE006F0080028B12046F6F718FD38
:105EC0006FF00C00A9E70020A7E7A100491C4FF4E0
:105ED000F85202EBC100F2F73FF94FF6FF7101EA09
:105EE0008027BD4200DD3D4623E02046F9F72EF82D
:105EF0000746A100491C4FF4407202EBC100F2F7C3
:105F00002BF90646172E07D01C2E05D02046F6F793
:105F1000EFFC6FF0060080E70120A04018490988D7
:105F2000084018B1BD4201DD002076E7BD4200DC2B
:105F300000E0DAE700BF2A464146204603F03DFE76
:105F4000A100491C4FF4807202EBC1002021F2F73E
:105F500083F900BFA100491C4FF4807202EBC1001D
:105F6000F2F7FAF80028F5D10120A040034909888A
:105F700008430249088028464FE70000300000200F
:105F80002E0000202DE9F04704460D4690464FF0C4
:105F9000FF37002610E04046F1F7D0FD8146226928
:105FA0009119206D4B462A46D0F808C0E0470746B5
:105FB000002F00DA07E03E44AE4204DA4046F1F733
:105FC000B3FD0028E7D000BFAE4206D104F1540073
:105FD000A169F1F791FD002701E04FF0FF37384646
:105FE000BDE8F0877CB50024F9F710FE04240020FA
:105FF000774909688872002175480068C1723522A6
:106000002146641C72480068EC304254012221464B
:10601000641C6F480068EC30425404222146641C22
:106020006B480068EC3042543D222146641C6848AD
:106030000068EC30425407222146641C6448006822
:10604000EC30425401222146641C61480068EC3067
:106050004254604802782146641C5D480068EC3078
:1060600042545C4842782146641C59480068EC3030
:106070004254584882782146641C55480068EC30E8
:1060800042545448C2782146641C51480068EC30A0
:106090004254504802792146641C4D480068EC3057
:1060A00042544C4842792146641C49480068EC300F
:1060B000425432222146641C45480068EC30425468
:1060C00004222046611C8CB241490968EC310A5413
:1060D000414802782046611C8CB23D490968EC3188
:1060E0000A543D4842782046611C8CB23849096800
:1060F000EC310A54384882782046611C8CB234490D
:106100000968EC310A543448C2782046611C8CB2CC
:106110002F490968EC310A5436222046611C8CB2A2
:106120002B490968EC310A5404222046611C8CB2C8
:1061300027490968EC310A54284802782046611C36
:106140008CB223490968EC310A542448427820462D
:10615000611C8CB21E490968EC310A541F488278D0
:106160002046611C8CB21A490968EC310A541B485C
:10617000C2782046611C8CB215490968EC310A547A
:10618000FF222046611C8CB211490968EC310A5487
:10619000254605E000210E480068EC3041556D1C95
:1061A000B5F59C7FF6DBFF208DF804008DF8050027
:1061B0008DF806008DF80700432001AB4FF40972FB
:1061C0000090034801680648007800F04BFB7CBD56
:1061D000A0000020AC0000207D0000207100002005
:1061E000700000207CB50024F9F710FD00209D49C7
:1061F000087048708870C8709B4908704870887033
:10620000C870042435222146641C98480068EC308C
:10621000425401222146641C94480068EC304254E8
:106220002146641C91480068EC3042543D222146CE
:10623000641C8E480068EC30425407222146641CDE
:106240008A480068EC30425401222146641C874889
:106250000068EC304254864802782146641C83482A
:106260000068EC304254824842782146641C7F48E2
:106270000068EC3042547E4882782146641C7B489A
:106280000068EC3042547A48C2782146641C774852
:106290000068EC304254764802792146641C734809
:1062A0000068EC304254724842792146641C6F48C1
:1062B0000068EC3042540C222146641C6B48006894
:1062C000EC30425400222046611C8CB267490968B8
:1062D000EC310A5400250AE06648425D2046611C04
:1062E0008CB262490968EC310A54681C85B2614875
:1062F000405D0028F0D15E49C9780811F0F7EEFE44
:106300002146621C94B2594A1268EC3250545849E2
:10631000C878F0F7E3FE2146621C94B2534A126833
:10632000EC325054524909790811F0F7D7FE214652
:10633000621C94B24D4A1268EC3250544C490879B0
:10634000F0F7CCFE2146621C94B2484A1268EC3247
:106350005054474949790811F0F7C0FE2146621CA4
:1063600094B2424A1268EC32505441494879F0F7ED
:10637000B5FE2146621C94B23C4A1268EC3250547D
:10638000A81DC1B2E81D221A38480068EC308154BB
:1063900037222046611C8CB234490968EC310A541A
:1063A00006222046611C8CB230490968EC310A543F
:1063B00001222046611C8CB22C490968EC310A5438
:1063C00003222046611C8CB228490968EC310A542A
:1063D00006222046611C8CB224490968EC310A541B
:1063E0000F222046611C8CB220490968EC310A5406
:1063F0003A222046611C8CB21C490968EC310A54CF
:106400003B222046611C8CB218490968EC310A54C1
:10641000FF222046611C8CB214490968EC310A54F1
:10642000254606E0002111480068EC304155681C03
:1064300085B2B5F59C7FF5DBFF208DF804008DF863
:1064400005008DF806008DF80700432001AB4FF4DE
:1064500009720090054801680748007800F002FAC8
:106460007CBD00007100002075000020A00000200D
:10647000AC000020A4000020700000207CB50024A7
:10648000F9F7C4FBF0480078032803D0EE48007801
:1064900004282CD10020ED49096888720021EB48BE
:1064A0000068C172EA480078E84909680873E8485A
:1064B0004178E64800684173E5488178E348006820
:1064C0008173E348C178E1480068C173E14800780E
:1064D0008DF80400DF4840788DF80500DD488078AD
:1064E0008DF80600DB48C0788DF8070008E0FF2033
:1064F0008DF804008DF805008DF806008DF8070072
:10650000042435222146641CD0480068EC304254F3
:1065100001222146641CCD480068EC30425403221D
:106520002146641CC9480068EC3042543D22214693
:10653000641CC6480068EC30425407222146641CA3
:10654000C2480068EC30425401222146641CBF4816
:106550000068EC304254C04802782146641CBB48B5
:106560000068EC304254BC4842782146641CB7486D
:106570000068EC304254B84882782146641CB34825
:106580000068EC304254B448C2782146641CAF48DD
:106590000068EC304254B04802792146641CAB4894
:1065A0000068EC304254AC4842792146641CA7484C
:1065B0000068EC3042549DF80700FF2867D1322272
:1065C0002146601C84B2A1480068EC304254042289
:1065D0002146601C84B29D480068EC3042549C48BF
:1065E00002782046611C8CB298490968EC310A5443
:1065F000974842782046611C8CB294490968EC3176
:106600000A54934882782046611C8CB28F490968ED
:10661000EC310A548E48C2782046611C8CB28B49FA
:106620000968EC310A5436222146601C84B287483E
:106630000068EC30425404222046611C8CB283492D
:106640000968EC310A54834802782146601C84B200
:106650007E480068EC3042547E4842782046611CF7
:106660008CB27A490968EC310A547A48827820461B
:10667000611C8CB275490968EC310A547548C278BE
:106680002046611C8CB271490968EC310A540C2215
:106690002046611C8CB26D490968EC310A54002215
:1066A0002046611C8CB269490968EC310A54002506
:1066B00009E06A48425D2046611C8CB26349096862
:1066C000EC310A546D1C6548405D0028F1D16249E7
:1066D000C9780811F0F702FD2146621C94B25B4AAA
:1066E0001268EC3250545C49C878F0F7F7FC214648
:1066F000621C94B2554A1268EC32505456490979DA
:106700000811F0F7EBFC2146621C94B24F4A126864
:10671000EC32505450490879F0F7E0FC2146621CF5
:1067200094B24A4A1268EC3250544B4949790811E4
:10673000F0F7D4FC2146621C94B2444A1268EC3251
:10674000505445494879F0F7C9FC2146621C94B27F
:106750003E4A1268EC325054A81DC1B2E81D221AFC
:106760003A480068EC30815437222046611C8CB2D4
:1067700036490968EC310A5408222046611C8CB263
:1067800032490968EC310A5401222046611C8CB25E
:106790002E490968EC310A5403222046611C8CB250
:1067A0002A490968EC310A5406222046611C8CB241
:1067B00026490968EC310A540F222046611C8CB22C
:1067C00022490968EC310A543A222046611C8CB2F5
:1067D0001E490968EC310A543B222046611C8CB2E8
:1067E0001A490968EC310A541F222046611C8CB2F8
:1067F00016490968EC310A5421222046611C8CB2EA
:1068000012490968EC310A54FF222046611C8CB2FF
:106810000E490968EC310A54254605E000210B4871
:106820000068EC3041556D1CB5F59C7FF6DB4320CC
:1068300001AB4FF4097200900448016808480078E1
:1068400000F010F87CBD00008D000020A0000020AA
:106850007D00002071000020AC000020A40000207A
:10686000700000202DE9F05F04468B4615461E4659
:10687000DDF828A00027B84600BF082C02DD781EEE
:10688000BDE8F09F00BFA100491C002202EBC1003F
:10689000F1F762FC00F00F00022804D0032804D0B6
:1068A000042803D100E000BF00BF02E06FF0040045
:1068B000E6E700BF00BF15B96FF00D00E0E700BFCD
:1068C00096F80090707869F31F208146B07869F3DC
:1068D0001F208146F07869F31F208146B9F1000F2F
:1068E0000DD1A100491C002202EBC100F1F734FCDC
:1068F00000F00400042802D06FF00B00C0E7BAF1EA
:10690000000F0DD1A100491C002202EBC100F1F7DC
:1069100023FC00F00400042802D06FF00A00AFE767
:10692000A100491C4FF4407202EBC100F1F714FCC6
:106930000746422F06D0222F04D0322F02D06FF00C
:1069400006009DE7A100491C4FF4406202EBC10024
:1069500004223146F1F7BAFC4FEA2A21A200521C68
:106960004FF4805303EBC200F1F776FC0AF0FF010D
:10697000A200521C4FF4805303EBC20202F5807058
:10698000F1F76AFCA100491C4FF4F85202EBC10078
:10699000F1F7E2FB4FF6FF7101EA8028454500DD83
:1069A00045461CE02046F8F7D1FA8046A100491C74
:1069B0004FF4407202EBC100F1F7CEFB10B96FF05B
:1069C00003005DE70120A04028490988084018B16C
:1069D000454501DD002053E7454500DC00E0E1E7E7
:1069E00000BF2A465946204603F0E7F8A100491C9B
:1069F0004FF4807202EBC1002021F1F72DFC00BFA3
:106A0000A100491C4FF4807202EBC100F1F7A4FB16
:106A10000028F5D125E0A100491C4FF4007202EBDB
:106A2000C100F1F799FB00F01F0707F0100048B113
:106A3000A100491C4FF4007202EBC1001021F1F7D4
:106A40000BFC0FE007F0080058B1A100491C4FF4FF
:106A5000007202EBC1000821F1F7FEFB6FF00C00A1
:106A60000EE7D8E700BF28460AE700002E00002006
:106A70002DE9FC4104460D46002654B91E481FA3CB
:106A800020A240F22A31009026A000F03BFC00BF7B
:106A9000FEE70121204600F047F9064616B13046D0
:106AA000BDE8FC8115B1B720019001E0E92001901B
:106AB000002000900346012201A904F12000676A2A
:106AC000B84706466EB984F835500DB11BA000E0FA
:106AD0001CA003461DA24FF44F7112A000F012FC3F
:106AE00007E00DB115A000E016A0014620A000F0BF
:106AF00033FC3046D4E7000085A60208666C61735B
:106B00006800000028257329206861732061737371
:106B1000657274206661696C6564206174202573F8
:106B20002E0000002E2E5C4253505C736675645C30
:106B30007372635C736675642E630000456E7465E2
:106B4000720000004578697400000000257320344D
:106B50002D427974652061646472657373696E6730
:106B6000206D6F646520737563636573732E000019
:106B70004572726F723A20257320342D4279746504
:106B80002061646472657373696E67206D6F6465FC
:106B9000206661696C65642E000000007CB50546C6
:106BA0000C460020019000906B4601AA0CA12046E3
:106BB000E9F7B8FB022806D00BA0FAF7FFFA12A0FB
:106BC000FAF7FCFA0AE0009AD1B2019A90B2F0F713
:106BD00071FD15A0DDE90021FAF7F0FA7CBD000097
:106BE00025645F2564000000E794A8E6B3953A2089
:106BF0007365745F6469676974616C203C7061726D
:106C0000616D733E0D0A0000666F72206578616DDC
:106C1000706C653A7365745F6469676974616C2050
:106C2000305F310D0A000000E68890E58A9FE8AEEB
:106C3000BEE7BDAEE695B0E5AD97E9878FE8BE93B8
:106C4000E587BA2CE9809AE981933A256420E78A9E
:106C5000B6E680813A25640D0A0000002DE9F84F60
:106C600004460D4616461F464FF00008C1463EB981
:106C70000123002229462046F6F7A0FA804650E07C
:106C80002846E9F706FB82463B46524604F18C0152
:106C90002046FBF795F9401C10B90720BDE8F88F96
:106CA00004F1340229462046F7F778FE8146B9F10F
:106CB000000F07D0002304F1340229462046F6F7DE
:106CC0007DFA8046B8F1000F08D133462A4604F118
:106CD0008C0120460097F5F763FF8046B9F1000F5D
:106CE0000AD0B8F1000F07D1012304F1340229467C
:106CF0002046F6F763FA804694F8300088B12846BB
:106D0000E9F7C7FA401CA0F1010B2846E9F7C1FAE0
:106D100059461831384601EB000A51462046F8F72B
:106D200007F84046BAE70000FEB504460D460026C7
:106D300054B91D481DA31FA240F20131009025A0A7
:106D400000F0E0FA00BFFEE715B10620029001E076
:106D500004200290002000900346012202A904F1C1
:106D60002000676AB847064626B901A9204600F008
:106D700007FC0646B6B94DB19DF8040000F00200CC
:106D800020B91AA000F0E8FA0220FEBD55B99DF81E
:106D9000040000F00200012804D11DA000F0DCFA7C
:106DA0000220F2E73046F0E773A60208666C6173D2
:106DB00068000000282573292068617320617373BF
:106DC000657274206661696C656420617420257346
:106DD0002E0000002E2E5C4253505C736675645C7E
:106DE0007372635C736675642E6300004572726F24
:106DF000723A2043616E277420656E61626C652073
:106E00007772697465207374617475732E00000065
:106E10004572726F723A2043616E27742064697301
:106E200061626C6520777269746520737461747532
:106E3000732E00002DE9FC410546002605F12004D3
:106E400055B92F482FA331A24FF4AD71009037A050
:106E500000F058FA00BFFEE795F8340050B9284812
:106E600038A32AA24FF4AE71009030A000F04AFA85
:106E700000BFFEE7A06810B12046A1688847012145
:106E80002846FFF751FF064606B12CE0C7208DF8D3
:106E90000400287D00F0080090B194208DF80500D2
:106EA00080208DF806009A208DF8070000200090C1
:106EB0000346042201A920466768B847064608E051
:106EC000002000900346012201A920466768B847C8
:106ED00006461EB11FA000F03FFA04E0284602F06B
:106EE00015FD064600BF00212846FFF71DFFE0689C
:106EF00010B12046E16888473046BDE8FC810000BB
:106F000022A60208666C61736800000028257329B8
:106F10002068617320617373657274206661696CA7
:106F200065642061742025732E0000002E2E5C42C3
:106F300053505C736675645C7372635C73667564EE
:106F40002E630000666C6173682D3E696E69745F24
:106F50006F6B00004572726F723A20466C61736805
:106F60002063686970206572617365205350492001
:106F7000636F6D6D756E6963617465206572726FA4
:106F8000722E000070B5044600252046F8F79EFAE0
:106F900005461DB9204600F04FFD05463DB90120CC
:106FA00084F8340006A0216800F0D6F906E000203D
:106FB00084F834000CA0216800F0CEF9284670BD9A
:106FC000257320666C61736820646576696365204B
:106FD000697320696E697469616C697A652073757B
:106FE00063636573732E00004572726F723A2025D9
:106FF0007320666C617368206465766963652069D7
:107000007320696E697469616C697A65206661696B
:107010006C2E00002DE9FF5F04460E4617464FF028
:10702000000904F1200854B9544855A356A24FF45E
:10703000CB7100905CA000F065F900BFFEE794F80A
:10704000340050B94D485EA34FA24FF4CC7100906C
:1070500055A000F057F900BFFEE7F1192069814201
:1070600006D95BA000F078F9052004B0BDE8F09FD8
:1070700036B92069B84203D12046FFF7DBFEF4E7BA
:10708000D8F8080018B14046D8F80810884765E0DD
:1070900094F8440070B13A463146204600F0BEFAFA
:1070A000824604F1540101EBCA0090F804B051F893
:1070B0003A5002E094F81CB0A56901212046FFF780
:1070C00033FE8146B9F1000F00D04AE08DF808B0D8
:1070D0000DF1090231462046F8F760FE94F83500BC
:1070E00008B1052000E00420019000200090034634
:1070F000D8F804C002A94046019AE0478146B9F198
:10710000000F03D03CA000F027F92AE0204602F04F
:10711000FDFB8146B9F1000F00D022E0B6FBF5F08F
:1071200005FB1060A0B1B6FBF5F005FB1060281A56
:10713000B8420CD2B6FBF5F005FB1060281A3F1AD6
:10714000B6FBF5F005FB1060281A064406E008E0DF
:10715000AF4202D97F1B2E4400E002E0002F97D1FE
:1071600000BF00212046FFF7DFFDD8F80C0018B162
:107170004046D8F80C108847484676E732A6020801
:10718000666C6173680000002825732920686173AC
:1071900020617373657274206661696C6564206137
:1071A000742025732E0000002E2E5C4253505C7319
:1071B0006675645C7372635C736675642E6300004D
:1071C000666C6173682D3E696E69745F6F6B000059
:1071D0004572726F723A20466C6173682061646414
:1071E00072657373206973206F7574206F662062F7
:1071F0006F756E642E0000004572726F723A204601
:107200006C61736820657261736520535049206317
:107210006F6D6D756E6963617465206572726F72F2
:107220002E00000000B5014600F00EF8884207D994
:1072300001EB4100C0EB4110024A02EB800000BDAF
:107240000020FCE7B40600200120704770B500253F
:10725000002613A314A2682122A000F053F8274AA5
:10726000692120A000F04EF8002414E004EB440053
:10727000C0EB4410224901EB8000446004EB440160
:10728000C1EB44111E4A02EB8100FFF77BFE05466D
:1072900005B12E46641C002CE8D0304670BD0000BD
:1072A000302E31302E323900537461727420696E81
:1072B000697469616C697A652053657269616C20D3
:1072C000466C61736820556E6976657273616C20D7
:1072D00044726976657228534655442920562573B1
:1072E0002E0000002E2E5C4253505C736675645C69
:1072F0007372635C736675642E63000040B20208AB
:10730000B40600200FB438B504460D4607A8009017
:107310002A46214609A0F1F71DF84FF480710B4869
:10732000009B069AF1F754F8084909A0F1F712F802
:107330000020009038BC5DF814FB00005B534655FC
:10734000445D2825733A256C64292000E857002005
:1073500025730D0A000000000FB408B503A80090C3
:1073600009A0F0F7F7FF4FF480710948009B029ADB
:10737000F1F72EF8064907A0F0F7ECFF0020009087
:1073800001B05DF814FB00005B534655445D0000FE
:10739000E857002025730D0A000000002DE9FE4F7C
:1073A00004460F46164698464FF0000904F12005A2
:1073B00054B92E482EA330A240F22F11009036A0CF
:1073C000FFF7A0FF00BFFEE7B8F1000F0AD1274882
:1073D00037A329A24FF4987100902FA0FFF792FFD6
:1073E00000BFFEE794F8340050B9204832A322A22F
:1073F0004FF49971009028A0FFF784FF00BFFEE7CB
:10740000B9192069814205D92FA0FFF7A5FF0520F2
:10741000BDE8FE8FA86810B12846A96888472046B5
:1074200002F074FA8146B9F1000F18D103208DF8EB
:1074300004000DF1050239462046F8F7AFFC94F838
:10744000350008B1052000E004208246009643463E
:10745000524601A92846D5F804C0E0478146E868AD
:1074600010B12846E96888474846D1E718A60208BF
:10747000666C6173680000002825732920686173B9
:1074800020617373657274206661696C6564206144
:10749000742025732E0000002E2E5C4253505C7326
:1074A0006675645C7372635C736675642E6300005A
:1074B0006461746100000000666C6173682D3E6950
:1074C0006E69745F6F6B00004572726F723A20468E
:1074D0006C617368206164647265737320697320E2
:1074E0006F7574206F6620626F756E642E000000E9
:1074F0003EB504464CB90F480FA311A2512100908C
:1075000017A0FFF7FFFE00BFFEE72046FEF722F8B8
:1075100048B101A92046FDF739F920B101A920465B
:10752000FDF7E8F93EBD15482168FFF715FF00207B
:10753000F8E70000E1A60208666C617368000000CD
:107540002825732920686173206173736572742024
:107550006661696C65642061742025732E000000EB
:107560002E2E5C4253505C736675645C7372635C70
:10757000736675645F736664702E630020B40208DE
:107580007CB504460D460520019054B9104811A35E
:1075900012A240F24F31009018A0FFF7B3FE00BFD7
:1075A000FEE755B90A481BA30CA24FF45471009092
:1075B00012A0FFF7A7FE00BFFEE7012000902B46B8
:1075C000024601A904F12000666AB0477CBD0000B4
:1075D0009DA60208666C6173680000002825732967
:1075E0002068617320617373657274206661696CD1
:1075F00065642061742025732E0000002E2E5C42ED
:1076000053505C736675645C7372635C7366756417
:107610002E63000073746174757300002DE9F843E4
:1076200005460E4617464FF0000895F8440050B93D
:1076300019481AA31FA24FF4B771009025A0FFF7B5
:1076400061FE00BFFEE7686DB6FBF0F100FB116064
:1076500010B10020BDE8F883032400BF05F15400F9
:1076600050F8340080B105F1540050F83400B842AD
:107670000AD805F1540050F83400B6FBF0F100FBD5
:10768000116008B9A04603E004B901E0641EE5E713
:1076900000BF4046DEE7000033A70208666C617356
:1076A000682D3E736664702E617661696C61626CF0
:1076B00065000000282573292068617320617373B9
:1076C000657274206661696C65642061742025733D
:1076D0002E0000002E2E5C4253505C736675645C75
:1076E0007372635C736675645F736664702E6300A7
:1076F000014600204A6862B9074B4B62074B8B6218
:10770000074BCB62074B0B63074A8A63074BCB637C
:1077100000BF00BF70470000F97A0208B97A02087A
:10772000F57A0208280700203D5D0208C0270900FD
:107730002DE9F84304460E4617461D464FF0000853
:10774000207D00F0010048B14FF480733A46314685
:1077500020460095FBF768FC80460CE0207D00F099
:10776000040038B12B463A4631462046F1F764FF13
:10777000804600E000BF4046BDE8F8832DE9FC41AB
:1077800004460F469046002504F1200654B91B48D4
:107790001BA31DA240F28731009023A0FFF7B2FD8A
:1077A00000BFFEE76FB150208DF80400002000906C
:1077B0000346012201A93046D6F804C0E047054639
:1077C00004E001212046FFF7AFFA054675B9012014
:1077D0008DF804008DF805800020009003460222F9
:1077E00001A93046D6F804C0E047054615B114A0FB
:1077F000FFF7B2FD2846BDE8FC810000CFA60208D5
:10780000666C617368000000282573292068617325
:1078100020617373657274206661696C65642061B0
:10782000742025732E0000002E2E5C4253505C7392
:107830006675645C7372635C736675642E630000C6
:107840004572726F723A2057726974655F73746122
:1078500074757320726567697374657220666169F7
:107860006C65642E0000000010B504461CB1206851
:1078700008B1A06808B1002010BD7CB1A068001D4F
:10788000616888420AD2A26821688818032204A18C
:10789000E8F72AFD10B9A068C01CA0602046EBE7FD
:1078A000EFBBBF00F8B504460E4617461D4600BFA5
:1078B000082C02DD4FF0FF30F8BD00BF012E06D0CE
:1078C000022E10D0032E10D0042E0FD10CE0042273
:1078D00069464FF47060F0F779FC009810B96FF0CA
:1078E0000200E9E705E000BF00BF02E06FF004001E
:1078F000E2E700BF05F0040010B16FF00500DBE720
:1079000005B3012E02D0022E1AD106E005F02100A7
:1079100010B96FF00500CFE713E005F0200028B1A3
:1079200005F0800010B96FF00500C5E705F0100004
:1079300028B105F0800010B96FF00500BCE700E049
:1079400000BF00BF2046F4F7D3FF05F0F00242EA83
:107950000601A200521C002303EBC200F0F77CFCDE
:107960007FB9304807880088401C2E4908800846A7
:1079700000884FF6F071884203D14FF44040294906
:1079800008803912A200521C4FF4806303EBC2003E
:10799000F0F762FCF9B2A200521C4FF4806303EBD3
:1079A000C20202F58070F0F757FCA100491C4FF4A9
:1079B000807202EBC1000121F0F74EFC00BFA10074
:1079C000491C4FF4807202EBC100F0F7C5FB0028A0
:1079D000F5D10120A0401449098881431248018053
:1079E00005F00100A0401049098808430E490880AD
:1079F0000120A0400D49098881430C4801800020E6
:107A00000B4921F814000B49085500BFA100491C7F
:107A10004FF4407202EBC100F0F79EFB0028F5D056
:107A200060B249E72C0000202E000020300000202A
:107A3000582700203200002038B50446002554B9EC
:107A4000064807A308A240F21B1100900EA0FFF702
:107A500059FC00BFFEE7284638BD00000AA6020810
:107A6000666C6173680000002825732920686173C3
:107A700020617373657274206661696C656420614E
:107A8000742025732E0000002E2E5C4253505C7330
:107A90006675645C7372635C736675642E63000064
:107AA00010B5044622464FF480510248EBF744FCDF
:107AB000002010BD000C014072B6704770B504463E
:107AC0000D464FF47A732A4621460248ECF740FEF1
:107AD00070BD00008C0B002070B504460D464FF4BD
:107AE0007A732A4621460248ECF7F3FE70BD000087
:107AF0008C0B002062B670472DE9F84F81468A460C
:107B000015461C460A9E4FF0000BD9F8107015B1AF
:107B1000BAF1000F01D01EB114B90120BDE8F88FF1
:107B2000B98800223868EBF707FC6DB1AAB24FF4B0
:107B30007A7351461348ECF7CCFE8046B8F1000F3B
:107B400002D04FF0040B16E0A6B1FF2231462046CA
:107B5000E8F765FB4FF47A70B3B2224621460090F5
:107B60000848ECF795FF8046B8F1000F02D04FF0BF
:107B7000040B00E000BFB98801223868EBF7DCFB9A
:107B80005846CBE78C0B002000B583B00A46002195
:107B9000CDE9001101466846E9F7E9F9DDE90001A0
:107BA00003B000BD01604860704710B5ECF736F8CF
:107BB00010BD00002DE9F0470446002500260027EF
:107BC000A846A9461B48406841682046884719498D
:107BD000496888688047064616488068416830468C
:107BE00088471449896888688047074611480068B3
:107BF0004168384688470F49096888688047804649
:107C00000C48C0684168404688470A49C968886886
:107C100080478146074800694168484688470549CA
:107C2000096988688047054600BF00BF2846BDE84F
:107C3000F08700004806002070B5B6B004460D4637
:107C40001646684600F07AF82A462146684600F053
:107C500087F83146684600F007F8D8216846E8F70B
:107C6000E5FA36B070BD00002DE9FC4704460D462C
:107C70002068400F616840EAC1062068C700F8B27A
:107C80008DF80000380A8DF80100380C8DF80200DC
:107C9000380E8DF80300F0B28DF80400300A8DF82C
:107CA0000500300C8DF80600300E8DF807002078A6
:107CB00000F03F08B8F1380F02D2C8F1380001E0F7
:107CC000C8F1780081464A461B49204600F048F832
:107CD00008226946204600F043F8207A287020895F
:107CE000000A6870A068000CA870A068000EE87018
:107CF000207B2871A089000A6871E068000CA871D7
:107D0000E068000EE871207C2872208A000A687200
:107D10002069000CA8722069000EE872207D28738B
:107D2000A08A000A68736069000CA8736069000E7D
:107D3000E873BDE8FC8700003CA402080021016054
:107D4000416005498160054AC260CA430261034A35
:107D5000D2434261704700000123456789ABCDEFF4
:107D60002DE9F041044688461546002D01DCBDE8AA
:107D7000F081207800F03F07C7F1400620682844D2
:107D80002060206820602068A84202D26068401C01
:107D9000606087B1B5420EDB04F11801C8193246A4
:107DA0004146E8F72AFA04F118012046F8F750F89E
:107DB000B044AD1B002706E041462046F8F748F8DE
:107DC00008F14008403D402DF6DA002D06DD04F1B3
:107DD0001801C8192A464146E8F70FFA00BFC6E75E
:107DE0002DE9F84F06460F46904699464FF0FF3A68
:107DF000F4F776F8054605B937E01FA21FA128461B
:107E0000F4F712F832461FA12846F4F70DF84A4657
:107E10001DA12846F4F708F8002213461BA12846A6
:107E2000F3F7E4FF2846F4F74DF9044614B96FF070
:107E3000010A15E02046E8F72CFA1FFA80FB3B46C2
:107E40005A4621460120CDF80080F3F79DFE824678
:107E500000BF2346D2220FA118A0F0F77BFA00BF83
:107E600014B12046F0F7FCFA00BF15B12846F4F72C
:107E70005DF85046BDE8F88F554450006E65747744
:107E80006F726B00696400006D736700636F6465F7
:107E9000000000002E2E5C4253505C696F4C6962FA
:107EA000726172795F4472697665725C6170705F4D
:107EB00077353530305F7564702E63005B20554434
:107EC00050205D5B25733A25645D2073656E6420E8
:107ED0006572726F722061636B203A2025730D0A00
:107EE0000A0000002DE9FF4F87B00F4691469A46E1
:107EF0004FF0010B0798F4F75FF88046B8F1000FD8
:107F000009D100BFF2223DA146A0F0F723FA00BF3D
:107F10004FF0FF3B67E04DA14046F4F737F80446C9
:107F20004CA14046F4F732F8054675B12869E8F7E8
:107F3000B0F90646324638462969E8F75EF92869FD
:107F4000E8F7A7F90021395401E06FF0010B002C8C
:107F50003ED0BBF1010F3BD100BF3FA000904FF4DA
:107F6000837226A143A02369F0F7F4F900BF4AA168
:107F70002069E8F795F900BB4EA14046F4F706F8F2
:107F80000290029868B106A805A9CDE900100299EF
:107F900004AB03AA086948A1E8F7C4F90398C9F833
:107FA000000048A14046F3F7F1FF064616B1B08A3B
:107FB000AAF800004FF0000B14E027A12069E8F7B1
:107FC0006FF910B94FF0010B0CE04FF0FF0B09E017
:107FD0006FF0030B00BF40F2251208A13BA0F0F7A1
:107FE000B9F900BF00BFB8F1000F02D04046F3F767
:107FF0009DFF58460BB0BDE8F08F00002E2E5C426E
:1080000053505C696F4C6962726172795F44726946
:108010007665725C6170705F77353530305F75649E
:10802000702E63005B20554450205D5B25733A251C
:10803000645D206D6573736167652070617273653F
:10804000206661696C210D0A0A0000007479706570
:1080500000000000696400007463705F73657276ED
:1080600065725F636F6E6E6563745F72657175656F
:10807000737400005B20554450205D5B25733A25E6
:10808000645D207265637620747970653A2573208B
:108090002025730D0A0A00007463705F636C6965C4
:1080A0006E745F636F6E6E6563745F726571756524
:1080B000737400006970000025642E25642E256409
:1080C0002E256400706F7274000000005B20554420
:1080D00050205D5B25733A25645D206D6573736187
:1080E0006765207479706520756E6B6E6F770D0A09
:1080F0000A0000002DE9F84F06460F4690464FF063
:10810000FF39F3F7EDFE054605B93CE021A222A1B7
:108110002846F3F789FE324621A12846F3F784FE6C
:1081200020A227A12846F3F77FFE27A228A12846F0
:10813000F3F77AFE0022274B27A12846F3F756FED5
:108140002846F3F7BFFF044614B96FF0010915E0A4
:108150002046E8F79EF81FFA80FA3B465246214631
:108160000120CDF80080F3F70FFD814600BF2346C4
:1081700074221BA124A0F0F7EDF800BF14B1204633
:10818000F0F76EF900BF15B12846F3F7CFFE484669
:10819000BDE8F88F554450006E6574776F726B00C0
:1081A000696400007463705F636C69656E745F631B
:1081B0006F6E6E6563745F726571756573740000D0
:1081C00074797065000000007375636365737300F4
:1081D0006D73670000006940636F64650000000014
:1081E0002E2E5C4253505C696F4C696272617279E9
:1081F0005F4472697665725C6170705F77353530A7
:10820000305F7564702E63005B20554450205D5BC9
:1082100025733A25645D2073656E6420636F6E6E0E
:108220006563742061636B203A2025730D0A0A0090
:108230002DE9F04F8DB083460E4691464FF0FF3A40
:1082400007A801F05BFD07A8407A07A9097ACDE9E4
:10825000001007A8C3799DF8222029A103A8F0F7F0
:10826000A3F8F3F73DFE054605B941E027A22EA18C
:108270002846F3F7D9FD2EA22FA12846F3F7D4FD07
:1082800003AA2EA12846F3F7CFFD2D480088E8F772
:108290002BFD07463A460B462AA12846F3F7A6FDD2
:1082A00000222A4B2AA12846F3F7A0FD2846F3F71F
:1082B00009FF044614B96FF0010A14E02046E7F7FD
:1082C000E8FF87B233463A4621460120CDF80090B8
:1082D000F3F75AFC824600BF2346AC221EA128A019
:1082E000F0F738F800BF14B12046F0F7B9F800BF36
:1082F00015B12846F3F71AFE50460DB0BDE8F08FD1
:1083000025642E25642E25642E2564007463705F19
:108310007365727665725F636F6E6E6563745F72AC
:1083200065717565737400007479706500000000F4
:1083300073756363657373006D7367006970000024
:10834000C2000020706F72740000000000006940DD
:10835000636F6465000000002E2E5C4253505C6920
:108360006F4C6962726172795F4472697665725CA2
:108370006170705F77353530305F7564702E6300E3
:108380005B20554450205D5B25733A25645D207366
:10839000656E6420636F6E6E6563742061636B202D
:1083A0003A2025730D0A0A002DE9FF5F04468A462C
:1083B0001E464027B84651460020029AF6F78EF82E
:1083C0004FEA10494FF6FF7B002559E0701CE0B3DF
:1083D00004F1A80030F83500484506D104F1A800A2
:1083E00000EBC5004660BDE8FF9F04F1A80000EB6C
:1083F000C5004068401C18B9402F01D12F463EE00F
:1084000004F1A80000EBC5004068401C10B304F163
:10841000A80000EBC500408800280BDD04F1A8008F
:1084200000EBC5004088401E81B204F1A80000EBBB
:10843000C500418004F1A80000EBC5004088584504
:108440001DDAA84604F1A80000E004E000EBC50036
:10845000B0F802B013E004F1A80030F83500484548
:108460000DD14FF0FF3104F1A80000EBC5004160D1
:10847000002104F1A80000EBC5004180B3E76D1CAA
:10848000402DA3D3402F0DD204F1A80000EBC7006C
:10849000466004F1A80020F83790402100EBC700A7
:1084A00041800FE0B8F1400F0CD204F1A80000EBBE
:1084B000C800466004F1A80020F83890402100EB85
:1084C000C800418000BF8EE770B5044600250CB19E
:1084D000206800B970BDA168206845182846E7F7F4
:1084E000D8FEA1680844A06000BFF3E72DE9FE4371
:1084F00007460C4616461D464FF0000860780128D6
:108500000FD10221CDE90010042302AA3846616888
:10851000F0F776FB804602223846616800F07FF86B
:1085200020E0607802281DD12069582803D32069F3
:10853000801B582813D201200321CDE90010042309
:1085400002AA38466168F0F75BFB80460322384692
:10855000616800F064F82DB10120287002E00DB1CF
:10856000002028704046BDE8FE832DE9F041054615
:108570000E46082700242CE004EB440105F52A7080
:1085800000EBC10040687168884217D1307850B163
:1085900004EB440205F52A7101EBC20018223146B2
:1085A000E7F72BFE08E04FF0FF3104EB440205F53E
:1085B0002A7000EBC2004160BDE8F08104EB440189
:1085C00005F52A7000EBC1004068401C00B9274641
:1085D000641C082CD0D3307858B1082F09D207EB8F
:1085E000470205F52A7101EBC20018223146E7F770
:1085F00004FE00BFE0E72DE9F04105460F461646B0
:1086000039462846F6F748FF044634B1666161688A
:108610006069401AE968081A2061BDE8F0812DE917
:10862000F04106460F46144639463046F6F734FF09
:10863000054605B16C70BDE8F0812DE9FF5F80460D
:108640008946154600240026C24600200390834632
:1086500002900190A9EB0A00062800DA81E00AF1F5
:108660000200FBF738F80646B6F55C4F03D3B6F5C3
:10867000604F00D275E0B6F5584F29D3B6F55C4F80
:1086800026D20AF10607002000900C200290A9EBE8
:108690000700062800DA64E038785C2802D1787890
:1086A000752800D05DE0B81CFBF715F80090009825
:1086B000B0F55C4F03D30098B0F5604F00D350E0A5
:1086C000C6F30901009861F39F2000F5803402E0B1
:1086D000062002903446802C02D20120039018E03C
:1086E000B4F5006F04D202200390C020019010E086
:1086F000B4F5803F04D203200390E020019008E00D
:10870000B4F5881F04D204200390F020019000E00B
:1087100027E00398401E00F0FF0B0BE004F0BF00C1
:1087200040F08000296801F80B00A409ABF10100BA
:1087300000F0FF0BBBF1000FF0DC0398012804DD13
:10874000019820432968087003E004F07F0029683D
:1087500008702968039808442860029804B0BDE8AE
:10876000F09F0020FAE700002DE9F04105460F4692
:10877000164641F228112948E7F758FD28482749AD
:10878000086028484860284888602848C860284809
:108790000861284848612946204801F02AF8044623
:1087A0002CB125A0EFF7D6FD0120BDE8F0813946B8
:1087B0001A4801F016F8044624B126A0EFF7CAFDC6
:1087C0000120F2E73146154801F004F804463CB1B7
:1087D00028A0EFF7BFFD114800F0DEF90120E4E723
:1087E0000E4800F087FA044624B12BA0EFF7B2FD43
:1087F0000120DAE74EF6187085420DDB01210748AB
:1088000000F046FF04463CB129A0EFF7A3FD034862
:1088100000F0C2F90120C8E70020C6E7180E0020CA
:108820001398020801980208179802080598020890
:1088300011980208558301087732357178783A200B
:108840007365742074797065206661696C65642E47
:108850000A0000007732357178783A207365742009
:10886000696E74657266616365206661696C6564D2
:108870002E0A00007732357178783A2073657420BB
:108880006475616C20717561642073706920666124
:10889000696C65642E0A00007732357178783A2069
:1088A000696E6974206661696C65642E0A00000057
:1088B0007732357178783A20736574206164647218
:1088C000657373206D6F6465206661696C65642EE5
:1088D0000A00000070B58EB0044614B902200EB034
:1088E00070BD207E012801D00320F8E794F8200015
:1088F000002876D1E07F002862D000200790089001
:1089000009900A90039004900590069000900190C1
:1089100000230122062102902046F0F740FE054682
:1089200025B17FA0616988470120D8E70020079022
:10893000089009900A90039004900590069000908A
:10894000019000230122C72102902046F0F727FE64
:10895000054625B17AA0616988470120BFE77F4EAF
:1089600023E001200DAA0023CDE9082007930393FB
:10897000049305930693009301930122052102932A
:108980000A902046F0F70BFE054625B174A06169F8
:1089900088470120A3E79DF8340000F0010000B9EA
:1089A00005E0761E0120E1688847002ED9D100BF7E
:1089B00026B973A061698847042090E700208EE7FC
:1089C00006200C900020034601220CA900902046AE
:1089D000F0F710FE05462DB151A0616988470120CE
:1089E0007DE738E0C7200C900020034601220CA947
:1089F00000902046F0F7FEFD054625B150A06169C4
:108A0000884701206BE7554E1AE005200C900120A5
:108A10000DAB02460CA900902046F0F7EBFD054691
:108A200025B14FA061698847012058E79DF83400BF
:108A300000F0010000B905E0761E0120E1688847DA
:108A4000002EE2D100BF26B94DA0616988470420FD
:108A500045E7002043E700200790089009900A901E
:108A6000039004900590069000900190002304224A
:108A7000062102902046F0F792FD054625B128A078
:108A80006169884701202AE7002007900890099033
:108A90000A900390049005900690009001900023A6
:108AA0000422C72102902046F0F779FD054625B142
:108AB00023A061698847012011E7284E24E00420A3
:108AC00001210DAA0023CDE90732039304930593F6
:108AD00006930093019304220293CDE90910052126
:108AE0002046F0F75CFD054625B11DA06169884769
:108AF0000120F4E69DF8340000F0010000B905E023
:108B0000761E0120E1688847002ED8D100BF26B923
:108B10001BA0616988470420E1E60020DFE6000031
:108B20007732357178783A20777269746520656E8E
:108B300061626C65206661696C65642E0A000000E4
:108B40007732357178783A20636869702065726190
:108B50007365206661696C65642E0A0040420F00EF
:108B60007732357178783A20676574207374617450
:108B7000757331206661696C65642E0A000000001F
:108B80007732357178783A2065726173652074693F
:108B90006D656F75742E0A0030B58DB0044614B93A
:108BA00002200DB030BD207E012801D00320F8E75F
:108BB00094F8200000282DD1E07FC8B10020079054
:108BC000089009900A9003900490059006900090F8
:108BD000019000230122B92102902046F0F7DFFC2A
:108BE0000546002D4BD02BA0616988470420D8E7AB
:108BF000B9200C900020034601220CA900902046C9
:108C0000F0F7F8FC0546002D39D022A061698847AD
:108C10000420C6E700200790089009900A9003906E
:108C20000490059006900090019000230422FF21FB
:108C300002902046F0F7B3FC054625B11CA06169FF
:108C400088470120ADE70A20E168884700200790A7
:108C5000089009900A900390049005900690009067
:108C6000019000230122B92102902046F0F797FCE1
:108C7000054625B107A061698847042091E760682F
:108C80008047054625B112A061698847012088E721
:108C9000002086E77732357178783A20706F7765F3
:108CA0007220646F776E206661696C65642E0A00BD
:108CB0007732357178783A206578697420717370ED
:108CC00069206D6F6465206661696C65642E0A00B9
:108CD0007732357178783A20737069206F7220711D
:108CE000737069206465696E6974206661696C657A
:108CF000642E0A0001B590B0109810B9022011B08E
:108D000000BD1098406908B90320F8E71098006882
:108D100038B9109840690A90E5A00A99884703205D
:108D2000EDE71098406838B9109840690A90E8A0BB
:108D30000A9988470320E2E71098806838B91098AC
:108D400040690A90EBA00A9988470320D7E710985A
:108D5000006938B9109840690A90F0A00A998847CC
:108D60000320CCE71098C06838B9109840690A9081
:108D7000F1A00A9988470320C1E7109890F82000D5
:108D8000002877D1109800680A9080470F900F98BC
:108D900038B1109840690A90EEA00A9988470120DE
:108DA000ADE71098C07F00287ED001200BAA0023D9
:108DB000CDE90820182107930393CDE904310693E8
:108DC000009301930122AB2102930A901098F0F7CF
:108DD000E6FB0F900F9858B1109840690A90E4A0F4
:108DE0000A998847109840680A908047012086E7D2
:108DF00000200790089009900A9003900490059035
:108E000006900090019000230122662102901098A4
:108E1000F0F7C5FB0F900F9858B1109840690A9071
:108E2000DCA00A998847109840680A90804707207C
:108E300065E700200790089009900A90039004903D
:108E40000590069000900190002301229921029044
:108E50001098F0F7A4FB0F900F9860B1109840693C
:108E60000A90D4A00A998847109840680A908047D1
:108E7000072044E7EBE11098C0680A900A200A999D
:108E80008847012002210CAA0023CDE90732039371
:108E9000049305930693CDE9091003210122CDE93E
:108EA00001130092902100E052E01098F0F777FB58
:108EB0000F900F9858B1109840690A90C5A00A9970
:108EC0008847109840680A908047012017E79DF86E
:108ED00031009DF8301040EA01200B901098408B33
:108EE000BDF82C1088420BD0109840690A90C4A09D
:108EF0000A998847109840680A9080470620FEE645
:108F00001098408B4EF61871884276DB002007904F
:108F1000089009900A9003900490059006900090A4
:108F2000019000230122E92102901098F0F737FB0D
:108F30000F900F98002860D0109840690A90B6A052
:108F40000A998847109840680A9080470120D6E621
:108F5000AB208DF83400FF208DF835008DF83600F9
:108F60008DF8370001200BAB04220DA9009010985A
:108F7000F0F740FB0F900F9858B1109840690A9095
:108F80007BA00A998847109840680A908047012082
:108F9000B5E666208DF834000020034601220DA9B5
:108FA00000901098F0F726FB0F900F9858B110988A
:108FB00040690A9077A00A998847109840680A90FB
:108FC000804707209BE699208DF834000020034657
:108FD00001220DA900901098F0F70CFB0F900F984C
:108FE00060B1109840690A9072A00A998847109859
:108FF00040680A908047072081E658E01098C068D2
:109000000A900A200A99884790208DF834000020A1
:109010008DF835008DF836008DF8370002200CAB46
:1090200004220DA900901098F0F7E4FA0F900F9821
:1090300058B1109840690A9066A00A99884710981C
:1090400040680A908047042059E69DF831009DF859
:10905000301040EA01200B901098408BBDF82C1086
:1090600088420BD0109840690A9065A00A998847F9
:10907000109840680A908047062040E61098408B80
:109080004EF61871884212DBE9208DF8340000207A
:10909000034601220DA900901098F0F7ABFA0F904B
:1090A0000F98002803D0109840690A90C6E070E23B
:1090B0007732357178783A207370695F71737069AF
:1090C0005F696E6974206973206E756C6C2E0A007E
:1090D0007732357178783A207370695F717370698F
:1090E0005F6465696E6974206973206E756C6C2E9F
:1090F0000A0000007732357178783A207370695F22
:10910000717370695F77726974655F7265616420FD
:109110006973206E756C6C2E0A0000007732357111
:1091200078783A2064656C61795F75732069732083
:109130006E756C6C2E0A00007732357178783A20A3
:1091400064656C61795F6D73206973206E756C6CFA
:109150002E0A00007732357178783A2073706920D2
:10916000696E6974206661696C65642E0A0000008E
:109170007732357178783A2072656C656173652055
:10918000706F77657220646F776E206661696C65B9
:10919000642E0A007732357178783A20656E616204
:1091A0006C65207265736574206661696C65642EF8
:1091B0000A0000007732357178783A20726573655D
:1091C0007420646576696365206661696C65642EE8
:1091D0000A0000007732357178783A20676574208C
:1091E0006D616E7566616374757265722064657613
:1091F000696365206964206661696C65642E0A0094
:109200007732357178783A20696420697320696E05
:1092100076616C69642E0A007732357178783A206D
:10922000656E74657220332062797465206D6F6499
:1092300065206661696C65642E0A0000D9A00A99F0
:109240008847109840680A908047082057E5109892
:1092500000680A9080470F900F9838B110984069C5
:109260000A90D9A00A998847012048E501200BAA55
:109270000023CDE90820182107930393CDE9043199
:109280000693009301930122AB2102930A90109858
:10929000F0F785F90F900F9860B1109840690A9027
:1092A000AFF234100A998847109840680A908047B6
:1092B000012024E500200790089009900A9003906F
:1092C00004900590069000900190002301226621F1
:1092D00002901098F0F763F90F900F9860B1109812
:1092E00040690A90AFF254100A9988471098406874
:1092F0000A908047072002E5002007900890099017
:109300000A9003900490059006900090019000232D
:109310000122992102901098F0F741F90F900F98CF
:1093200060B1109840690A90AFF278100A998847A6
:10933000109840680A9080470720E0E41098C068C1
:109340000A900A200A99884701200EAA0023CDE935
:1093500008200793039304930593069300930193C6
:109360000122352102930A901098F0F718F90F9016
:109370000F9858B1109840690A909AA00A998847A6
:10938000109840680A9080470520B8E49DF838009E
:1093900000F00200002840D10790089009900A9040
:1093A0000390049005900690009001900023012204
:1093B000502102901098F0F7F2F80F900F9858B1E2
:1093C000109840690A908FA00A99884710984068C1
:1093D0000A908047052092E40020079008900990A9
:1093E0000A9003900490059006900090019000234D
:1093F0000122312102901098F0F7D1F80F900F98C8
:1094000058B1109840690A9088A00A998847109826
:1094100040680A908047052071E40020079008907A
:1094200009900A9003900490059006900090019096
:1094300000230122382102901098F0F7B0F80F9025
:109440000F9858B1109840690A9080A00A998847EF
:10945000109840680A908047052050E41098C06832
:109460000A900A200A99884730208DF834009DF828
:10947000341010984177082110988177042000213A
:109480000123CDE90731CDE909100DA8039104911D
:10949000CDE9051000910191002304220291C02121
:1094A0001098F0F77CF80F900F9858B11098406919
:1094B0000A906DA00A998847109840680A908047E2
:1094C00005201CE4042002210CAA0023CDE9073268
:1094D0000393049305930693CDE909100321042215
:1094E000CDE90113009290211098F0F758F80F90F1
:1094F0000F9860B1109840690A90AFF228300A992D
:109500008847109840680A908047012008E49DF839
:1095100031009DF8301040EA01200B901098408BEC
:10952000BDF82C1088420CD0109840690A90AFF218
:1095300030300A998847109840680A908047062082
:1095400004E41098408B4EF61871884221DB00200D
:109550000790089009900A90039004900590069057
:109560000090019000230422E92102901098F0F766
:1095700016F80F900F9860B1109840690A90AFF2FA
:1095800068300A998847109840680A9080470120FF
:1095900006E400211098017701211098017600203F
:1095A00025E400007732357178783A2073657420AD
:1095B00061646472657373206D6F646520666169B0
:1095C0006C65642E0A0000007732357178783A2095
:1095D0007173706920696E6974206661696C656475
:1095E0002E0A00007732357178783A20726561640E
:1095F000207374617475732032206661696C6564D0
:109600002E0A00007732357178783A20736574201D
:10961000737220777269746520656E61626C652073
:109620006661696C65642E0A00000000773235714E
:1096300078783A20777269746520737461747573F1
:109640002032206661696C65642E0A0077323571BC
:1096500078783A20656E746572207173706920663F
:1096600061696C65642E0A007732357178783A202A
:10967000736574207265616420706172616D6574D8
:10968000657273206661696C65642E0A00000000D3
:1096900070B58CB004460E4614B902200CB070BDF3
:1096A000207E012801D00320F8E7608B4EF6187168
:1096B000884204DA32A0616988470420EEE794F812
:1096C0002000002838D1E07F00B316B9E9200B90C4
:1096D00001E0B7200B9000200790089009900A90B5
:1096E00003900490059006900090019002909DF8E0
:1096F0002C10002301222046EFF751FF0546002DD4
:109700003AD02BA0616988470120C7E716B9E92044
:109710000B9001E0B7200B900020034601220BA91B
:1097200000902046EFF766FF0546002D24D020A0CC
:10973000616988470120B1E716B9E9200B9001E083
:10974000B7200B9000200790089009900A90039092
:109750000490059006900090019002909DF82C10C6
:10976000002304222046EFF71AFF054625B110A07A
:1097700061698847012091E7267700208EE7000085
:109780007732357178783A2063757272656E74201D
:10979000747970652063616E277420757365207419
:1097A0006869732066756E6374696F6E2E0A0000B7
:1097B0007732357178783A20736574206164647209
:1097C000657373206D6F6465206661696C65642ED6
:1097D0000A00000002460AB902207047D177002033
:1097E000FBE702460AB90220704782F820100020E9
:1097F000FAE702460AB90220704751830020FBE7CE
:109800000020704710B504462046E9F7D9FB10BD8B
:109810007047002070472DE9F05F0D461E46DDE9D8
:109820000EABDDF83090DDF84880109F4DB946B999
:10983000B9F1000F05D1BAF1000F02D11398012838
:1098400002D00120BDE8F09F0020FEF729F957B1B2
:10985000B9B25846FEF740F9044624B10120FEF79C
:109860001FF90120EEE7B8F1000F0BD01FFA88F1C5
:109870001198FEF723F9044624B10120FEF710F9F0
:109880000120DFE70120FEF70BF90020DAE710B531
:1098900004462078F3F7B2FD10BD2DE9F0410446EF
:1098A0000E4615461F4621688900491C4FF4407238
:1098B00002EBC100EEF750FC17280BD12078F5F72A
:1098C0000FFB002806DDAAB220783146FBF73EFFE9
:1098D000BDE8F0810020FBE72DE9F04104460E468B
:1098E00015461F4621688900491C4FF4407202EB5F
:1098F000C100EEF731FC172806D1AAB22078314614
:10990000FCF780FABDE8F0810020FBE72DE9FC417F
:1099100004460025E76B54B9164817A318A240F275
:109920005A3100901EA0FDF7EDFC00BFFEE713E0EA
:1099300001A92046FDF724FE05462DB99DF8040037
:1099400000F0010000B908E0A66B0FB9042504E09F
:1099500006B1B0477F1E00BFEAE700BF25B99DF8FA
:10996000040000F0010010B113A0FDF7F5FC28463B
:10997000BDE8FC81AEA60208666C61736800000059
:1099800028257329206861732061737365727420C0
:109990006661696C65642061742025732E00000087
:1099A0002E2E5C4253505C736675645C7372635C0C
:1099B000736675642E6300004572726F723A2046BA
:1099C0006C617368207761697420627573792068AF
:1099D000617320616E206572726F722E000000004C
:1099E0002DE9F04106460D4614464FF0FF3700BF03
:1099F0002046EEF799F800B106E021463046F3F72D
:109A0000C9FA0746A842F3D100BF3846BDE8F08145
:109A1000F0B587B005460E4601270024314628469A
:109A2000E7F7ECFE1FA0EEF795FC39E0E7F756FFED
:109A300028B1042805D10CB90124002701E0002732
:109A400000BF00BF002F2BD10CB11AA000E01BA05B
:109A500001461CA0EEF77EFCE8F72CF8F4B10DF1FE
:109A60000A00F5F711FA0DF11200F5F7FDF90DF105
:109A70000E00F5F725FA0DF11600F5F7E5F90220CD
:109A80008DF81A00062201A94FF41060EEF79EFB34
:109A900001A800F013FA012007B0F0BD0020FBE799
:109AA000C4E70000444843502072756E6E696E67CB
:109AB0000D0A000073756363657373006661696CFA
:109AC0000000000044484350202573210D0A000087
:109AD0002DE9F04704460F4616460025A8460EB964
:109AE000BDE8F087A100491C4FF4205202EBC101F0
:109AF00001F58070EEF730FB8146A100491C4FF460
:109B0000205202EBC100EEF727FB09EB002085B2E3
:109B10002902A000C01C01EBC0083246394640466D
:109B2000EEF754FBA81985B22912A200521C4FF47B
:109B3000205303EBC200EEF78FFBE9B2A200521CE8
:109B40004FF4205303EBC20202F58070EEF784FB62
:109B500000BFC5E72DE9F04104460E460025A100EF
:109B6000491C4FF4205202EBC10101F58070EEF761
:109B7000F3FA0746A100491C4FF4205202EBC10042
:109B8000EEF7EAFA07EB002085B2A81985B2291290
:109B9000A200521C4FF4205303EBC200EEF75CFB13
:109BA000E9B2A200521C4FF4205303EBC20202F5AB
:109BB0008070EEF751FBBDE8F0812DE9F0470446D7
:109BC0000F4616460025A8460EB9BDE8F087A1004D
:109BD000491C4FF4105202EBC10101F58070EEF701
:109BE000BBFA8146A100491C4FF4105202EBC100A0
:109BF000EEF7B2FA09EB002085B22902A000801C22
:109C000001EBC008324639464046EEF75FFBA81923
:109C100085B22912A200521C4FF4105303EBC2006C
:109C2000EEF71AFBE9B2A200521C4FF4105303EBFB
:109C3000C20202F58070EEF70FFB00BFC5E70146D8
:109C4000087870470170704770B50546ECB22E1267
:109C500004F0F0014FF4A850EEF7FEFA00240EE0F5
:109C60000120A040304040B1A100491C4FF40072D7
:109C700002EBC1001F21EEF7EFFA601CC4B2082C02
:109C8000EEDB70BD72B67047704762B670477047C2
:109C90007047704710B5012210210248E9F74CFBCC
:109CA00010BD00000008014070B50026002400250A
:109CB0004FF4A850EEF750FA00F0F0064FF4B85009
:109CC000EEF74AFA0446254606EB052085B22846FB
:109CD00070BD70B50026002400254FF4B050EEF79B
:109CE0003BFA06464FF4C050EEF736FA04462546D6
:109CF00006EB052085B2284670BD000010B504466D
:109D0000062221464FF41060EEF760FA042204F1B7
:109D10000E019001EEF75AFA042204F10A014FF401
:109D2000A060EEF753FA0422A11D4FF47060EEF725
:109D30004DFA07480078A07405484178E1748178AD
:109D40002175C178617503480078A07510BD0000C9
:109D5000680000206C0000202DE9F04105460E4609
:109D6000002700F0FEF8F5B100BF00240AE0285DEE
:109D7000384447B2102F03DD4FF0FF30BDE8F081CB
:109D8000601C44B2082CF2DB00240AE0295DA2002A
:109D9000521C4FF4F85303EBC200EEF75DFA601C5F
:109DA00044B2082CF2DBEEB10027002409E0305D5C
:109DB000384447B2102F02DD4FF0FF30DEE7601C61
:109DC00044B2082CF3DB00240AE0315DA200521CEF
:109DD0004FF4F05303EBC200EEF73EFA601C44B2BE
:109DE000082CF2DB0020C9E71FB509A103C9CDE9A2
:109DF000020107A103C9CDE9000100F08BF800F0D2
:109E000027F8694602A8FFF7A7FF00F0E3F81FBD97
:109E1000020202020202020270B505460E4600244A
:109E200000BF04E000F006F82855601C84B2B4427C
:109E3000F8DB70BD08B500200090431E0122694682
:109E40000248EAF785FC9DF8000008BD340B0020AD
:109E500010B5012202210B48E9F76EFA3C20E9F720
:109E6000AFF8002202210748E9F766FA3C20E9F73B
:109E7000A7F8012202210348E9F75EFA3C20E9F73E
:109E80009FF810BD000C014010B5002210210248BF
:109E9000E9F752FA10BD00000008014070B5044611
:109EA000E5B2261229464FF4B050EEF7D5F9314607
:109EB0004FF4C050EEF7D0F970BD000010B5044665
:109EC000062221464FF41060EEF700FA042204F156
:109ED0000E019001EEF7FAF9042204F10A014FF4A1
:109EE000A060EEF7F3F90422A11D4FF47060EEF7C5
:109EF000EDF9A07C05490870E07C4870207D8870F1
:109F0000607DC870A07D0249087010BD6800002007
:109F10006C00002010B508490848FBF72DFE0849E1
:109F20000848FBF73DFE08490848FBF74DFE084985
:109F30000848FBF763FE10BD8B9C0208859C020855
:109F4000959C0208899E02086DA00208359E0208B1
:109F500051A00208199E0208704700207047704700
:109F6000704700B585B0062269464FF41060EEF7E1
:109F70002DF9042204A99001EEF728F9042203A97F
:109F80004FF4A060EEF722F9042202A94FF47060AA
:109F9000EEF71CF980210020EEF75EF90020EEF7C5
:109FA000DBF8062269464FF41060EEF78FF90422C1
:109FB00004A99001EEF78AF9042203A94FF4A060E6
:109FC000EEF784F9042202A94FF47060EEF77EF9EF
:109FD00005B000BD38B5002425E04FF47A70E8F7ED
:109FE000EFFF4FF46450EEF7B7F8042811D0601C6F
:109FF000C4B2052C17DD4FF46450EEF7ADF80546FA
:10A000000AA3042209A100900A48EEF7A3F900BFB1
:10A01000FEE74FF46450EEF79FF80546294606A088
:10A02000EEF798F900E0D8E700BF38BD5735353076
:10A0300030000000BCAE0208773535303020766540
:10A040007273696F6E206973203A25640000000006
:10A0500070B505460E46002400BF04E0285D00F000
:10A0600005F8601C84B2B442F8DB70BD01B54FF056
:10A07000FF33012269460248EAF72BFC08BD0000C5
:10A08000340B002070B5044600254FF43850EEF72D
:10A0900063F80546C5F38010207005F038002028CD
:10A0A00002D0382803D100BF0120607002E00020F8
:10A0B000607000BF00BF05F03800102805D01828D8
:10A0C00002D0202804D100BF00BF0120A07002E010
:10A0D0000020A07000BF00BF05F03800082805D0A0
:10A0E000182802D0202804D100BF00BF0120E07052
:10A0F00002E00020E07000BF00BF70BD10B500247A
:10A100004FF43850EEF728F800F0010000B10124B8
:10A11000204610BD10B500244FF43850EEF71CF85F
:10A1200000F03800302801D1012400E0002420464E
:10A1300010BD10B54FF43850EEF70EF8044624F079
:10A14000800421464FF43850EEF786F84FF438502B
:10A15000EEF702F8044644F0800421464FF43850EC
:10A16000EEF77AF810BD70B505460024287801286E
:10A1700002D144F0400401E024F040046878012852
:10A1800002D144F0380412E0E878012808D1A87818
:10A19000012802D144F0180409E044F0080406E064
:10A1A000A878012802D144F0100400E000BF214645
:10A1B0004FF43850EEF750F8FFF7BBFF70BD70B5A5
:10A1C000054600244FF43850EDF7C6FF044604F06E
:10A1D000400010B94FF0FF3070BD24F03804012D5D
:10A1E00002D144F0300401E044F0380421464FF439
:10A1F0003850EEF731F8FFF79CFF4FF43850EDF789
:10A20000ABFF0446012D04D104F0300030B1002032
:10A21000E2E704F0380008B10020DDE74FF0FF303E
:10A22000DAE7000070B504460D461646124800688D
:10A2300030B9124A12A115A0EEF78CF800BFFEE764
:10A240000D48006890F8340030B90C4A17A10FA0EF
:10A25000EEF780F800BFFEE71948806901192B4628
:10A26000324605480068FDF763FA10B14FF0FF3041
:10A2700070BD3046FCE70000340700201EAC020829
:10A28000736675645F646576000000002825732995
:10A290002068617320617373657274206661696CF4
:10A2A00065642061742025732E0A0000736675644E
:10A2B0005F6465762D3E696E69745F6F6B000000A8
:10A2C0003807002070B504460E463046E5F7E1FF3A
:10A2D00005462946204600F00FF82A4631462068F8
:10A2E000E5F78BFF20682844206070BD026811707C
:10A2F0000268521C0260704710B50A46CB1701EB8A
:10A3000013631B0A046823700268521C02600A4629
:10A31000CB1701EB13631B12A1EB0323046823701B
:10A320000268521C026010BD1FB504460298002846
:10A330000DDD20460299FFF7DFFFDDE902212068ED
:10A34000E5F75BFF20680299084420600AE0019865
:10A3500020B120460199FFF7B5FF03E00021204618
:10A36000FFF7CAFF1FBD2DE9FC4107460C46154605
:10A3700000260020012106232A46CDE900102146AF
:10A380003846EEF73DFC064616B13046BDE8FC8186
:10A39000002014232A1D211D00903846EEF72DF9C8
:10A3A00006463046F2E702030405060708090A0BD1
:10A3B0000C0D0E0F10100102020304050607080918
:10A3C0000A0B0C0D0E0F101001020000000000001F
:10A3D0000000010203040607080900000000010252
:10A3E000030400004D51544300000000040000002D
:10A3F0000000000000000000000000003C00010020
:10A400004D51545700000000000000000000000003
:10A41000000000000000000000000000000000003C
:10A42000000000000000000000000000000000002C
:10A43000000000000000000000000000800000009C
:10A44000000000000000000000000000000000000C
:10A4500000000000000000000000000000000000FC
:10A4600000000000000000000000000000000000EC
:10A47000000000000000000000000000C4B302085B
:10A4800001000000CCB302080400000064B302081D
:10A490001C0000009CB302081F000000B4B30208B7
:10A4A000200000003CB3020837000000BCB30208E3
:10A4B00062000000A4B302088900000068B302082B
:10A4C0008C000000ACB30208A100000094B30208A5
:10A4D000AD00000070B30208BF00000088B302089E
:10A4E000C800000050B30208D500000080B3020885
:10A4F000EF00000044B302081F2600000000200007
:10A500000A000000000200008100000074B302088D
:10A51000EF401300000008000100000000100000E0
:10A520002000000030B30208BF25410000002000D9
:10A53000060000000010000020000000ECB202083D
:10A540002020160000004000010000000000010073
:10A55000D80000000CB302081C30160000004000B8
:10A5600001000000001000002000000018B30208E5
:10A57000C84017000000800001000000001000002B
:10A580002000000058B30208014015000000200020
:10A59000010000000010000020000000E4B20208EA
:10A5A000373014000000100001000000001000000F
:10A5B00020000000FCB202088C20130000000800FC
:10A5C00006000000001000002000000024B3020874
:10A5D000BF25410000002000060000000010000020
:10A5E0002000000004B302085221180000000001FE
:10A5F000010000000010000020000000686172648B
:10A60000776172655F696E697400736F66747761F4
:10A6100072655F696E697400736675645F72656107
:10A620006400736675645F636869705F6572617307
:10A630006500736675645F6572617365007061675C
:10A64000653235365F6F725F315F627974655F774F
:10A6500072697465006161695F777269746500721F
:10A660006573657400726561645F6A656465635FE4
:10A670006964007365745F77726974655F656E61A4
:10A68000626C6564007365745F345F627974655FE2
:10A69000616464726573735F6D6F64650073667582
:10A6A000645F726561645F73746174757300776170
:10A6B00069745F62757379006D616B655F61647267
:10A6C0006573735F627974655F617272617900733B
:10A6D0006675645F77726974655F737461747573AE
:10A6E00000736675645F726561645F7366647000B1
:10A6F000726561645F736664705F686561646572EA
:10A7000000726561645F62617369635F686561645B
:10A71000657200726561645F62617369635F746131
:10A72000626C6500726561645F736664705F64612A
:10A73000746100736675645F736664705F676574E7
:10A740005F7375697461626C655F65726173657270
:10A75000005F6664625F696E69745F6578005F665A
:10A7600064625F6465696E697400000072656164AB
:10A770005F736563746F725F696E666F00666F7298
:10A780006D61745F736563746F7200000000000098
:10A7900000000000000000000000000000000000B9
:10A7A000FFFFFFFF6664625F6B7664625F636F6EDC
:10A7B00074726F6C006664625F6B7664625F696E70
:10A7C0006974000000000000963007772C610EEEDF
:10A7D000BA51099919C46D078FF46A7035A563E9F8
:10A7E000A395649E3288DB0EA4B8DC791EE9D5E01F
:10A7F00088D9D2972B4CB609BD7CB17E072DB8E71E
:10A80000911DBF906410B71DF220B06A4871B9F372
:10A81000DE41BE847DD4DA1AEBE4DD6D51B5D4F4AB
:10A82000C785D38356986C13C0A86B647AF962FD10
:10A83000ECC9658A4F5C0114D96C0663633D0FFA5D
:10A84000F50D088DC8206E3B5E10694CE44160D563
:10A85000727167A2D1E4033C47D4044BFD850DD24D
:10A860006BB50AA5FAA8B5356C98B242D6C9BBDB60
:10A8700040F9BCACE36CD832755CDF45CF0DD6DC5B
:10A88000593DD1ABAC30D9263A00DE518051D7C802
:10A890001661D0BFB5F4B42123C4B3569995BACF8D
:10A8A0000FA5BDB89EB802280888055FB2D90CC6AE
:10A8B00024E90BB1877C6F2F114C6858AB1D61C127
:10A8C0003D2D66B69041DC760671DB01BC20D29846
:10A8D0002A10D5EF8985B1711FB5B606A5E4BF9FD3
:10A8E00033D4B8E8A2C9077834F9000F8EA80996C6
:10A8F00018980EE1BB0D6A7F2D3D6D08976C649131
:10A90000015C63E6F4516B6B62616C1CD830658549
:10A910004E0062F2ED95066C7BA5011BC1F4088226
:10A9200057C40FF5C6D9B06550E9B712EAB8BE8B67
:10A930007C88B9FCDF1DDD62492DDA15F37CD38CF0
:10A94000654CD4FB5861B24DCE51B53A7400BCA3EE
:10A95000E230BBD441A5DF4AD795D83D6DC4D1A420
:10A96000FBF4D6D36AE96943FCD96E34468867ADF7
:10A97000D0B860DA732D0444E51D03335F4C0AAA96
:10A98000C97C0DDD3C710550AA41022710100BBE99
:10A9900086200CC925B56857B3856F2009D466B9E0
:10A9A0009FE461CE0EF9DE5E98C9D9292298D0B015
:10A9B000B4A8D7C7173DB359810DB42E3B5CBDB7C2
:10A9C000AD6CBAC02083B8EDB6B3BF9A0CE2B60343
:10A9D0009AD2B1743947D5EAAF77D29D1526DB04F8
:10A9E0008316DC73120B63E3843B64943E6A6D0D43
:10A9F000A85A6A7A0BCF0EE49DFF099327AE000A8E
:10AA0000B19E077D44930FF0D2A3088768F2011E20
:10AA1000FEC206695D5762F7CB67658071366C19B7
:10AA2000E7066B6E761BD4FEE02BD3895A7ADA10D8
:10AA3000CC4ADD676FDFB9F9F9EFBE8E43BEB717B9
:10AA4000D58EB060E8A3D6D67E93D1A1C4C2D83843
:10AA500052F2DF4FF167BBD16757BCA6DD06B53FA9
:10AA60004B36B248DA2B0DD84C1B0AAFF64A0336E8
:10AA7000607A0441C3EF60DF55DF67A8EF8E6E3167
:10AA800079BE69468CB361CB1A8366BCA0D26F25B0
:10AA900036E2685295770CCC03470BBBB9160222FD
:10AAA0002F260555BE3BBAC5280BBDB2925AB42B12
:10AAB000046AB35CA7FFD7C231CFD0B58B9ED92C27
:10AAC0001DAEDE5BB0C2649B26F263EC9CA36A758C
:10AAD0000A936D02A906099C3F360EEB8567077243
:10AAE00013570005824ABF95147AB8E2AE2BB17BAA
:10AAF000381BB60C9B8ED2920DBED5E5B7EFDC7C31
:10AB000021DFDB0BD4D2D38642E2D4F1F8B3DD6887
:10AB10006E83DA1FCD16BE815B26B9F6E177B06F82
:10AB20007747B718E65A0888706A0FFFCA3B06666F
:10AB30005C0B0111FF9E658F69AE62F8D3FF6B61FC
:10AB400045CF6C1678E20AA0EED20DD75483044E9E
:10AB5000C2B30339612667A7F71660D04D4769492C
:10AB6000DB776E3E4A6AD1AEDC5AD6D9660BDF403F
:10AB7000F03BD83753AEBCA9C59EBBDE7FCFB247F2
:10AB8000E9FFB5301CF2BDBD8AC2BACA3093B353D7
:10AB9000A6A3B4240536D0BA9306D7CD2957DE54E0
:10ABA000BF67D9232E7A66B3B84A61C4021B685DB9
:10ABB000942B6F2A37BE0BB4A18E0CC31BDF055A32
:10ABC0008DEF022D5F6664625F77726974655F73F3
:10ABD0007461747573005F6664625F726561645F5F
:10ABE0007374617475730066616C5F696E6974007B
:10ABF0003807002066616C5F666C6173685F696E20
:10AC000069740066616C5F666C6173685F64657629
:10AC10006963655F66696E6400726561640077727E
:10AC200069746500657261736500000030315045DC
:10AC30006664625F6B7664623100000000000000B1
:10AC400000000000000000006E6F72666C617368A7
:10AC500030000000000000000000000000000000C4
:10AC600000000000000004000000000030315045EA
:10AC70006664625F7473646231000000000000006B
:10AC800000000000000000006E6F72666C61736867
:10AC90003000000000000000000000000000000084
:10ACA00000000400000004000000000030315045A6
:10ACB000646F776E6C6F616400000000000000003C
:10ACC00000000000000000006E6F72666C61736827
:10ACD0003000000000000000000000000000000044
:10ACE00000000800000007000000000063686563C2
:10ACF0006B5F616E645F7570646174655F706172D3
:10AD0000745F63616368650066616C5F7061727433
:10AD10006974696F6E5F66696E6400666C61736802
:10AD20005F6465766963655F66696E645F62795FBB
:10AD3000706172740066616C5F6765745F706172E8
:10AD4000746974696F6E5F7461626C650066616CD2
:10AD50005F7365745F706172746974696F6E5F743C
:10AD600061626C655F74656D700066616C5F7061D7
:10AD700072746974696F6E5F726561640066616C9C
:10AD80005F706172746974696F6E5F777269746500
:10AD90000066616C5F706172746974696F6E5F6583
:10ADA0007261736500DDDDDDDDDCBBBBDDDDDDDDBE
:10ADB000DDDDDDDDDD98888888888888887777778D
:10ADC00077778888888555555666666666666666AE
:10ADD0006666688888833333322222222222222226
:10ADE000222228888D0000003D3D3D3D3D3D3D3DFA
:10ADF0003D3D3D3D3D3D3D3D3D3D3D3D3D3D3D3D83
:10AE00003D3D3D3D3D3D3D3D3D3D3D3D3D3D3D3D72
:10AE10003D3D3D3D3D3D3D3D3D3D3D3D3D3D3D3D62
:10AE20003D3D3D3D3D3D3D3D3D3D3D3D3D3D3D3D52
:10AE30003D3D3D3D3D3D3D3D3D3D3D3D3D3D3D3D42
:10AE40003D3D3D3D3D3D3D3D3D3D3D3D0D0A0D0AF8
:10AE5000000000003D3D3D3D3D3D3D3D3D3D3D3D16
:10AE60003D3D3D3D3D3D3D3D3D3D3D3D3D3D3D3D12
:10AE70003D3D3D3D3D3D3D3D3D3D3D3D3D3D3D3D02
:10AE80003D3D3D3D3D3D3D3D3D3D3D3D3D3D3D3DF2
:10AE90003D3D3D3D3D3D3D3D3D3D3D3D3D3D3D3DE2
:10AEA0003D3D3D3D3D3D3D3D3D3D3D3D3D3D3D3DD2
:10AEB0003D3D3D3D3D3D3D3D0D0A00006572726FDB
:10AEC000722C2025732076657273696F6E2069730A
:10AED000203078253032782C2062757420726561BC
:10AEE000642025732076657273696F6E2076616CBD
:10AEF0007565203D203078253032780D0A0000003D
:10AF00005B205443502D434C49454E54205D5B25F6
:10AF1000733A25645D207375636365737320676599
:10AF20007420697020696E666F202C2069703A2544
:10AF3000642E25642E25642E25643A25640D0A0AA4
:10AF4000000000005B205443502D434C49454E54B3
:10AF5000205D5B25733A25645D206E6F2066696E07
:10AF60006420636C69656E745F696E666F206B65E3
:10AF700079202C207365742064656661756C74207B
:10AF8000696E666F0D0A0A005B20554450205D5BB8
:10AF900025733A25645D2072656365697665206E68
:10AFA00065772074637020636C69656E74206970C6
:10AFB00020696E666F202C2069703A25643A2564FA
:10AFC0003A25643A2564202C20706F727425640D34
:10AFD0000A0A00005B204D5154542D436C69656E84
:10AFE00074205D5B25733A25645D20726563656935
:10AFF0007665206D717474206D6573736167652C5F
:10B00000746F7069633A2573202C207061796C6FBE
:10B0100061643A25730D0A0A000000005B204D515F
:10B0200054542D436C69656E74205D5B25733A251D
:10B03000645D206D717474207075626C6973682032
:10B0400073756363657373202C20746F7069633A42
:10B050002573207061796C6F61643A25730D0A0A5B
:10B06000000000005B204D5154542D436C69656E07
:10B0700074205D5B25733A25645D204D5154544323
:10B080006F6E6E656374207265743D256420283090
:10B090003D6163636570742C20313D6261645F764D
:10B0A00065722C20323D69645F72656A6563746500
:10B0B000642C20333D7376725F756E617661696CC6
:10B0C0002C20343D6261645F757365722F70776404
:10B0D0002C20353D6E6F745F61757468290A00001D
:10B0E0005B204D5154542D436C69656E74205D5B3B
:10B0F00025733A25645D20436F6E6E65637420533B
:10B1000075636365737320646573742069703A2591
:10B11000642E25642E25642E25642C20706F727495
:10B120003A25640A000000000A00000032497473E6
:10B13000357771386133000076657273696F6E3DE3
:10B14000323031382D31302D3331267265733D70F8
:10B15000726F647563747325324632497473357740
:10B1600071386133253246646576696365732532CB
:10B17000466C6F745F6465766963652665743D31FE
:10B18000393838333535313139266D6574686F6437
:10B190003D6D6435267369676E3D7A7941546E3131
:10B1A0005546663766764A45456A6F724137577726
:10B1B00025334425334400006C6F745F6465766901
:10B1C00063650000486F73743A2025730D0A436F5E
:10B1D0006E6E656374696F6E3A20636C6F73650D94
:10B1E0000A436F6E74656E742D547970653A20252C
:10B1F000730D0A436F6E74656E742D4C656E6774C3
:10B20000683A2025640D0A557365722D4167656E95
:10B21000743A2057353530302D4D43552D436C69E8
:10B22000656E740D0A000000494F3100494F32002D
:10B230004C45440042454550000000004B45590034
:10B24000596F752063616E2067657420746865208E
:10B250006C61746573742076657273696F6E206FAC
:10B260006E2068747470733A2F2F67697468756202
:10B270002E636F6D2F61726D696E6B2F534655444F
:10B28000202E000054686520666C61736820646538
:10B2900076696365206D616E75666163747572654C
:10B2A00072204944206973203078253032582C2090
:10B2B0006D656D6F727920747970652049442069DD
:10B2C00073203078253032582C20636170616369B7
:10B2D0007479204944206973203078253032582E03
:10B2E000000000004132354C303830004D323550CE
:10B2F0003332000053504932000000004632354CD2
:10B30000303034005732355131323800454E323505
:10B310005133324200000000474432355136344246
:10B32000000000005043543235564630313642005A
:10B33000535354323556463031364200414D49431D
:10B34000000000004154343544423136314500009C
:10B350004953534900000000533235464C323136D0
:10B360004B000000454F4E0045534D540000000077
:10B3700053535400573235513430425600000000C8
:10B3800057696E626F6E64004769676144657669EC
:10B39000636500004879756E6461690041746D658C
:10B3A0006C000000496E74656C00000046756461B5
:10B3B0006E0000004D6963726F6E000053616E791C
:10B3C0006F000000437970726573730046756A6997
:10B3D000747375004572726F723A20436865636BCF
:10B3E0002053464450207369676E617475726520FE
:10B3F0006572726F722E2049742773206D75737495
:10B40000206265203530343434363533682827538C
:10B4100027202746272027442720275027292E008A
:10B420005761726E696E673A2052656164205346B7
:10B43000445020706172616D657465722068656149
:10B4400064657220696E666F726D6174696F6E20DB
:10B450006661696C65642E205468652025732069D7
:10B4600073206E6F7420737570706F7274204A450C
:10B4700044454320534644502E00000034204B42A4
:10B4800020457261736520697320737570706F72E7
:10B49000746564207468726F7567686F7574207462
:10B4A0006865206465766963652E20436F6D6D6104
:10B4B0006E64206973203078253032582E000000E9
:10B4C000436865636B204A45444543206261736964
:10B4D0006320666C61736820706172616D6574656C
:10B4E0007220686561646572206973204F4B2E205D
:10B4F000546865207461626C6520696420697320FA
:10B5000025642C20726576657273696F6E2069738D
:10B51000205625642E25642C206C656E6774682087
:10B5200069732025642C20706172616D6574657289
:10B53000207461626C6520706F696E746572206939
:10B5400073203078253036582E0000004572726F17
:10B55000723A2054686520666C617368206361707C
:10B560006163697479206973206772617465722000
:10B570007468616E2033322047622F2034204742A6
:10B5800021204E6F7420537570706F727465642E35
:10B59000000000004572726F723A2054686973208F
:10B5A000726576657273696F6E285625642E256400
:10B5B00029204A4544454320626173696320666CD3
:10B5C00061736820706172616D6574657220686571
:10B5D00061646572206973206E6F7420737570707A
:10B5E0006F727465642E0000426C6F636B20507242
:10B5F0006F74656374206269747320696E2064657A
:10B60000766963652773207374617475732072653E
:10B610006769737465722061726520736F6C656C05
:10B620007920766F6C6174696C652E00466C61736D
:10B6300068206465766963652072657175697265F5
:10B640007320696E737472756374696F6E20353020
:10B65000682061732074686520777269746520655D
:10B660006E61626C65207072696F7220746F2070F9
:10B670006572666F726D696E67206120766F6C61AE
:10B6800074696C6520777269746520746F207468C2
:10B69000652073746174757320726567697374656E
:10B6A000722E0000466C617368206465766963657C
:10B6B00020726571756972657320696E7374727535
:10B6C0006374696F6E20303668206173207468651A
:10B6D00020777269746520656E61626C6520707296
:10B6E000696F7220746F20706572666F726D696E1B
:10B6F00067206120766F6C6174696C652077726970
:10B70000746520746F207468652073746174757338
:10B710002072656769737465722E00004572726FDE
:10B72000723A20546865204A45444543206261735B
:10B73000696320666C61736820706172616D657405
:10B740006572207461626C65206C656E6774682038
:10B75000286E6F7720697320256429206572726FC7
:10B76000722E00004572726F723A206462204D554D
:10B77000535420686173206D6F7265207468616E28
:10B78000206F7220657175616C203220736563745F
:10B790006F72732C2063757272656E7420686173AA
:10B7A00020257520736563746F722873290A000061
:10B7B000596F752063616E20676574207468652019
:10B7C0006C61746573742076657273696F6E206F37
:10B7D0006E2068747470733A2F2F6769746875628D
:10B7E0002E636F6D2F61726D696E6B2F466C617386
:10B7F000684442202E0A0000536563746F7220680B
:10B80000656164657220696E666F20697320696E78
:10B81000636F72726563742E204175746F20666F5A
:10B82000726D6174207468697320736563746F72DC
:10B830002028307825303858292E0A00466F756E3A
:10B840006420616E204B562028252E2A73292077EC
:10B850006869636820686173206368616E67656406
:10B860002076616C7565206661696C65642E204E7A
:10B870006F772077696C6C207265636F766572797B
:10B880002069742E0A000000416C6C6F6320616EA9
:10B89000204B56202873697A65202575292066611A
:10B8A000696C6564207768656E206E6577204B56FD
:10B8B0002E204E6F772077696C6C20474320746888
:10B8C000656E2072657472792E0A00005761726E7F
:10B8D000696E673A204D6F76656420616E204B5625
:10B8E000202873697A6520257529206661696C6551
:10B8F00064207768656E207265636F766572792E55
:10B90000204E6F772077696C6C2047432074686500
:10B910006E2072657472792E0A0000002846444237
:10B920005F47435F454D5054595F5345435F54480B
:10B93000524553484F4C44203E2030202626204676
:10B9400044425F47435F454D5054595F5345435F01
:10B950005448524553484F4C44203C20534543548F
:10B960004F525F4E554D2900466C617368206465E7
:10B9700076696365207C20252A2E2A73207C20612D
:10B980006464723A2030782530386C78207C206CE2
:10B99000656E3A20307825303878207C20626C6BD8
:10B9A0005F73697A653A20307825303878207C6971
:10B9B0006E697469616C697A65642066696E697321
:10B9C000682E0000496E697469616C697A65206649
:10B9D00061696C65642120506172746974696F6E6D
:10B9E00028257329206F666673657420616464720C
:10B9F00065737328256C6429206F7574206F662029
:10BA0000666C61736820626F756E64283C256429DA
:10BA10002E000000506172746974696F6E20777235
:10BA2000697465206572726F72212020446F6E27E1
:10BA30007420666F756E6420666C6173682064653F
:10BA40007669636528257329206F662074686520F0
:10BA5000706172746974696F6E282573292E0000F5
:10BA6000506172746974696F6E20726561642065DB
:10BA700072726F722120446F6E277420666F756E2C
:10BA80006420666C61736820646576696365282547
:10BA90007329206F66207468652070617274697400
:10BAA000696F6E282573292E0000000050617274A2
:10BAB0006974696F6E206572617365206572726F5B
:10BAC000722120446F6E277420666F756E64206645
:10BAD0006C61736820646576696365282573292025
:10BAE0006F662074686520706172746974696F6E26
:10BAF000282573292E0000005B204F54412D54410E
:10BB0000534B205D5B25733A25645D206765742087
:10BB10006F7461207461736B202C20737461727474
:10BB200020636865636B20636C6F75642076657253
:10BB300073696F6E2E2E2E0D0A0A00005B204F5483
:10BB4000412D5441534B205D5B25733A25645D20A4
:10BB5000446F776E6C6F6164206C656E67746820EB
:10BB60006D69736D617463683A206578706563749C
:10BB70003D25642C2061637475616C3D25640D0A5C
:10BB80000A0000005B204F54412D5441534B205D6F
:10BB90005B25733A25645D204F544120646F776EB6
:10BBA0006C6F616420616C6C2066696E6973682CCF
:10BBB000207265626F6F7420746F20757067726198
:10BBC00064650D0A0A0000005B204F54412D54416A
:10BBD000534B205D5B25733A25645D20466F756E7F
:10BBE00064204F5441207461736B3A207469643D42
:10BBF00025642C207461726765743D25732C207355
:10BC0000697A653D25642C206D64353D25730D0AE8
:10BC10000A0000005B204F54412D5441534B205DDE
:10BC20005B25733A25645D207374617475732072AB
:10BC300065706F727420737465703D25642C206884
:10BC40007474705F636F64653D25642C2072657346
:10BC5000703D25730D0A0A00322E3200766572732C
:10BC6000696F6E3D323032322D30352D30312672D3
:10BC700065733D70726F6475637473253246324923
:10BC800074733577713861332665743D31393838CE
:10BC9000333535313139266D6574686F643D6D64B7
:10BCA00035267369676E3D6C566D4E6B497825324B
:10BCB00042795A726849573645575A314350772569
:10BCC0003344253344000000E8BC02080000002093
:10BCD00088080000AC150108C4BF020888080020CD
:10BCE000D87700001C850108413210420163127AA6
:10BCF000100D08DC122212C0A83C1EFFFFFF19081D
:10BD00001B0108012202E2C05008010257353530FC
:10BD1000301E899C02088F041A93041A91041A3F5A
:10BD2000041A45040130197242FFB20AA757495A52
:10BD30006E65741E3DD1010895041A7104120ABB88
:10BD4000901F94393C47C0A8010A2909051050C327
:10BD500004270013326D717474732E6865636C6F01
:10BD60007564732E636F6D1C5B077201214BB8B154
:10BD7000E45A28081A2C085A380C454D515443F2FD
:10BD8000041A3CA6191C024C57398E080B346E74E9
:10BD9000702E616C6979756ED541043C27100E05D3
:10BDA0001C68656C70080E1173686F7720616C6C8D
:10BDB000206D7368202D080B19450E02087265620C
:10BDC0006F6F74EC39200F12207379737465E60875
:10BDD0000819F91202087465734221280970726FFC
:10BDE000636573732028F62064656D6F0010154D30
:10BDF000150208636C65616E5F666C61736839205B
:10BE00000809112065787465726E202700091CF5F9
:10BE10000C020866696E64292000081520706172A2
:10BE2000616D73000D18590D02086970636F6E66BD
:10BE30006967080E1173686F77206E6574776F728B
:10BE40006B202B000B1AAD0F02087365745F6970CD
:10BE5000192028132064657374204950206164649C
:10BE60007265737320619B446F7274000F164D13DB
:10BE70000208626F6172645F696E666F1A674439A7
:10BE8000242A20240910D64BA90A880808176469B7
:10BE9000676974616C881D706F696E8E49263C20DD
:10BEA0006F7581711D9D6B020868091B442988C943
:10BEB000449673746174658808BDEF010874696DF8
:10BEC00011091BCC292AC720284E545029000B1ACF
:10BED000791502086F746152756E19761C727420A0
:10BEE000260612207461736B1009C52D020828B252
:10BEF0000208320114100140A20229132A2C1C410D
:10BF0000291C2911991C9A341CB240291C9A301CF6
:10BF10009937391C9A3C1C9A0455A928620F1B407A
:10BF2000032A259A99193E0314803F1EBD840108F7
:10BF3000610417E156020870061B207C041A88046D
:10BF40001A9C042AA81012571B2098041AAC041A31
:10BF5000941041180AE5BB010801BC0108C9081E7C
:10BF600095C80108B1041A8904180AE507020809EE
:10BF70000802085D08811E1D6101082D042A1104B4
:10BF80001DCA010825041A05048B04B32401146A90
:10BF9000F4E4014C140C0140A210000A156E6F72FB
:10BFA000666C617368302280192C1B75F8B0180A12
:10BFB00046020825A2020891D9F8019F057858BCCD
:04BFC0000208000073
:0400000508010131BC
:00000001FF
