:020000040800F2
:10000000482B0020490100087F1A00087D190008CC
:100010007D1A00086D070008AB1D000800000000F5
:10002000000000000000000000000000CD1B0008E0
:100030006F07000800000000811A0008CF1B0008AD
:100040006301000863010008630100086301000800
:1000500063010008630100086301000863010008F0
:1000600063010008630100086301000863010008E0
:1000700063010008630100086301000863010008D0
:1000800063010008630100086301000863010008C0
:1000900063010008630100086301000863010008B0
:1000A00063010008630100086301000863010008A0
:1000B0006301000863010008630100086301000890
:1000C0006301000863010008630100086301000880
:1000D0006301000863010008630100086301000870
:1000E0006301000863010008630100086301000860
:1000F0006301000863010008630100086301000850
:10010000630100086301000863010008630100083F
:10011000630100086301000863010008630100082F
:10012000630100086301000863010008630100081F
:10013000DFF810D000F08AFA00480047D5570008D1
:10014000AFF30080482B0020064880470648004750
:10015000FEE7FEE7FEE7FEE7FEE7FEE7FEE7FEE777
:10016000FEE7FEE7311C000831010008202A04DB0D
:10017000203A21FA02F00021704721FA02F3D04020
:10018000C2F12002914008431946704740EA01033A
:100190009B0703D009E008C9121F08C0042AFAD23D
:1001A00003E011F8013B00F8013B521EF9D2704701
:1001B000D2B201E000F8012B491EFBD270470022A9
:1001C000F6E710B513460A4604461946FFF7F0FF56
:1001D000204610BD10B5044604E00B7800F8013B42
:1001E00003B1491C521EF8D2204610BD421C10F823
:1001F000011B0029FBD1801A704710B5002200E0D6
:10020000521C835C8C5CA34201D1002BF8D1D8B284
:10021000E1B2401A10BD30B504460020034600E0AC
:100220005B1C934203D2E05CCD5C401BF8D030BD38
:1002300030B505460020034600E05B1C934205D222
:10024000EC5CC85C201A01D1002CF6D130BD30B571
:100250000B46014600202022012409E021FA02F584
:100260009D4205D303FA02F5491B04FA02F528441E
:10027000151EA2F10102F1DC30BD2DE9F05F05464B
:10028000002092469B4688460646814640241BE055
:100290002846414647462246FFF768FF53465A46DE
:1002A000C01A914110D311461846224600F0E0F9D9
:1002B0002D1A67EB01084F4622460120002100F06D
:1002C000D7F917EB00094E41201EA4F10104DFDC31
:1002D000484631462A464346BDE8F09F2DE9FE4F89
:1002E000804681EA0300C00F0C46009021F00041D7
:1002F00023F00045B8EB0200A94105D24046214653
:1003000090461C460B46024623F00040104347D05F
:10031000270DC7F30A00C3F30A510290401A019057
:1003200040286BDAC3F3130040F4801B0098924618
:1003300020B10023D2EB030A63EB0B0B0198594663
:10034000C0F14002504600F093F906460D46504673
:100350005946019A00F09BF910EB08006141002416
:1003600087EA115284EAE7731A4340D0009A62B3D5
:10037000019A012A4FEA075215DC001B61EB0201CA
:100380004FF0004202EA0752CDE90042001C41F55D
:10039000801132462B4600F09BF903B0BDE8F08F88
:1003A00040462146F9E7001B61EB0201001C41F5C4
:1003B000801300185B412018A2F5001747EB0301DA
:1003C00040EAD570B6196D4111E06D084FEA360666
:1003D00045EAC0754FEA0752001B61EB0201001CA1
:1003E00041F5801149084FEA300000195141324669
:1003F0002B4603B0BDE8F04F00F05BB90098012236
:1004000040000023D0EB020263EBE073009821462A
:100410004FEAE074B8EB000061EB0401E9E783F018
:1004200000435BE781F0004158E72DE9FE4F81EA88
:10043000030404F0004421F0004100944FF0000B4D
:1004400023F0004350EA01045ED052EA03045BD07B
:10045000C3F30A54C1F30A552C44A4F2F3340194B3
:10046000A0FB0254C1F3130141F48011C3F3130341
:1004700043F4801301FB024400FB034E840A970AF5
:1004800044EA815447EA8357A4FB076802958D0A22
:1004900005FB07854FEA932C04FB0C542705029DAE
:1004A0004FEA065847EA1637B5EB08056EEB070C1E
:1004B000870E920E47EA811742EA8312A7FB0201D8
:1004C000B6EB0B0164EB00042B0D43EA0C335E1812
:1004D00044EB1C50DA465146E7FB0201C5F3130416
:1004E0004FEA0B3343EA14534FEA0432019C43EAC8
:1004F0000603A4F10C040294009CCDE900B400F0C2
:10050000E7F803B0BDE8F08F00200146F9E72DE9D8
:10051000F04D81EA030404F0004B21F0004514463D
:100520004FF0000A23F0004150EA050220D054EABF
:1005300001021DD0C5F30A570246C5F31303C1F3E8
:100540001300C1F30A5640F4801543F48013A7EB5F
:100550000608101BD64608F2FD3873EB050002D3DF
:1005600008F1010801E092185B41B8F1000F03DACD
:1005700000200146BDE8F08D00204FF480110646B2
:1005800084460EE0171B73EB050705D3121B63EBC4
:10059000050306434CEA010C49084FEA3000921863
:1005A0005B4150EA0107EDD152EA030012D082EA22
:1005B000040083EA0501084305D0101BAB4106D2B5
:1005C0000122002306E000224FF0004302E06FF01A
:1005D000010253101AEB06004CEB085110EB0A0015
:1005E00041EB0B01BDE8F04D00F063B8C1F30A52D6
:1005F000C1F3130140F2FF3341F480119A4202DA51
:1006000000200146704740F233439A42A2F233423F
:1006100002DC5242FFF7AABD00F02AB830B5041E32
:1006200071F1000404DB4FF00044404264EB01012F
:10063000141E73F1000405DB1C464FF000435242C8
:1006400063EB0403994208BF904230BD064C074D4E
:1006500006E0E06840F0010394E807009847103492
:10066000AC42F6D3FFF768FDF09E0008109F00082B
:10067000202A04DB203A00FA02F100207047914062
:10068000C2F1200320FA03F3194390407047202A57
:1006900006DBCB17203A41FA02F043EAE07306E0AA
:1006A00041FA02F3D040C2F12002914008431946BA
:1006B000704710B5141E73F1000408DA401C41F1B4
:1006C000000192185B411A4301D120F0010010BDD6
:1006D0002DE9F04D92469B4611B1B1FA81F202E04C
:1006E000B0FA80F220329046FFF7C2FF04460F4670
:1006F00040EA0A0041EA0B0153465A46084313D028
:10070000114653EA010019D0C8F140025046FFF7E4
:100710002DFD05460E46504659464246FFF7A8FFB6
:10072000084305D0012004E020463946BDE8F08D9D
:100730000020054346EAE0762C4337430A986305D8
:10074000E40AA0EB08000022FD0A44EA47540A30FC
:1007500002D500200146E9E7010510196941DDE9EC
:10076000084500196941BDE8F04DA2E7FEE7704772
:1007700072B6FEE706490020C8610648016941F0EB
:1007800004010161016941F040010161704700000D
:100790008801002000200240064A0021D16106495C
:1007A0000A6942F002020A614861086940F04000AB
:1007B000086170478801002000200240044B00229D
:1007C000DA61044A136943F0010313610180704741
:1007D000880100200020024014480022C168CB0696
:1007E000134904D5CA6942F00202CA611022C368E3
:1007F0005B0705D5CB6943F00103CB6142F00402EE
:10080000C369DB0707D0CB6943F00403CB61C1693F
:1008100021F00101C161A2F58071013901D0C260EE
:100820007047C16921F00101C16170470020024099
:100830008801002070B5054600F0ECF90646114C21
:1008400009E0681C07D025B100F0E4F9801BA8423C
:1008500001D9032070BDE068C007F2D1E0688006CE
:1008600001D52020E060E068C00605D4E069C0073B
:1008700002D1E068400703D5FFF7AEFF012070BD4D
:10088000002070BD0020024070B5044600F0C2F99F
:100890000546601C02D004480078044400F0BAF910
:1008A000401BA042FAD370BD000000202DE9F047A4
:1008B000054626480F460126017E01290FD0012159
:1008C000814601762868DFF888804CF2503402288F
:1008D00008D0A2462046FFF7ADFFA8B131E00220C4
:1008E000BDE8F0872046FFF7A5FF08BB0120FFF712
:1008F00041FF2046FFF79EFFD8F81010064621F072
:100900000401C8F810101CE04FF0FF303860AC68EC
:1009100011E02046FFF740FF5046FFF78BFFD8F865
:100920001010060021F00201C8F8101001D03C6040
:1009300007E004F50064D5E9020100EBC120A04204
:10094000E7D8002189F818103046C9E7880100204F
:10095000002002400348016941F08001016100204C
:1009600070470000002002402DE9F05F07461C4858
:1009700088460024017E15461E46012909D0012122
:10098000814601764CF2503A5046FFF753FF18B1BA
:1009900022E00220BDE8F09F012F02D0022F00D0FC
:1009A0000427D346DFF83CA0220128463146FFF752
:1009B000DDFB81B208EB4400FFF700FF5846FFF76C
:1009C00039FFDAF8102022F00102CAF8102018B915
:1009D000641CE4B2BC42E7D3002289F81820D9E7AE
:1009E0008801002000200240064900200A69120602
:1009F00007D5054A4A60054A4A600969090600D5D3
:100A0000012070470020024023016745AB89EFCDEC
:100A10002DE9F84FDFF8C8910024A9F1040B234613
:100A20000F2709F1040AABF1040ED1E00125A5401E
:100A300006EA0502AA4276D1DFF8A8C14E68A6EB05
:100A40000C0866452BD00DDC032E34D005DC36B304
:100A5000012E19D0022E2FD11BE0112E16D0122EEE
:100A60002AD119E0B8F5881F19D006DCB8F5803F07
:100A700015D0B8F5801F1FD111E0B8F5001F0ED0BA
:100A8000B8F5041F18D10AE0CB6815E0CB681B1D30
:100A900012E0CB6808330FE0CB680C330CE08B68B6
:100AA0002BB1012B4FF0080303D0456104E0042370
:100AB00002E0056100E00023FF2A01D8064601E0BC
:100AC00000F104064FEA840501D9A5F12005D6F806
:100AD000008007FA05FC28EA0C0803FA05F548EA45
:100AE0000508C6F800804D68ED0070D53E4DAE6932
:100AF00046F00106AE61AD6924F0030605F001057C
:100B000000953A4D06EB050CDCF80850A607360FA9
:100B100007FA06F825EA0805DFF8D480404503D136
:100B20004FF0000825E052E0DFF8C880404502D1D0
:100B30004FF001081DE0DFF8C080404502D14FF0C2
:100B4000020816E0DFF8B480404502D14FF00308F8
:100B50000FE0DFF8AC80404502D14FF0040808E018
:100B6000DFF8A080404502D14FF0050801E04FF0CA
:100B7000060808FA06F848EA0508CCF808804D6827
:100B8000D9F80060ED024D4601D5164300E09643CA
:100B90002E604D68DAF80060AD02554601D5164367
:100BA00000E096432E604D68DBF80060AD035D46C3
:100BB00001D5164300E096432E604D68DEF80060D4
:100BC000ED03754601D5164300E096432E60641C84
:100BD0000A681646E2407FF429AFBDE8F88F0000AE
:100BE0000804014000001110001002400000014004
:100BF00000080140000C01400010014000140140B9
:100C000000180140001C01400AB10161704709044D
:100C1000FBE70000014880687047000000000020EA
:100C2000024881680278114481607047000000200A
:100C3000074810B5016841F010010160032000F081
:100C400067F80F2000F006F800F024F8002010BD2F
:100C50000020024070B50D4D04464FF47A7128789B
:100C6000B1FBF0F00A490968B1FBF0F000F0B7FD04
:100C700048B9102C07D200222146501E00F028F857
:100C800000206C6070BD012070BD000000000020DD
:100C90000C0000200C4808B5816941F00101816118
:100CA000816901F001010091C16941F08051C16188
:100CB000C06900F0805000900448416821F0E06174
:100CC00041F00071416008BD001002400000014089
:100CD000F0B40E4B1B680C46C3F30223C3F10705A7
:100CE000042D00D90425191D072901D2002300E095
:100CF000DB1E012606FA05F1491E214099409E405F
:100D0000761E16403143F0BC01F087B80CED00E0D0
:100D1000064900F0070208684FF6FF03184040EA52
:100D20000220034A10430860704700000CED00E009
:100D30000000FA052DE9F0470F46050061D0434E4B
:100D4000306800F00700B84209D2306820F0070090
:100D500038433060306800F00700B84251D128684D
:100D60003B4C810712D5400703D5606840F4E06032
:100D700060602878000703D5606840F460506060C8
:100D80006068A96820F0F000084360602878C00718
:100D900028D06868012810D02168022810D089075F
:100DA00000292EDA616821F0030101436160FFF739
:100DB00031FF804641F288390DE021688903EFE771
:100DC0008901EDE7FFF726FFA0EB0801494502D9AD
:100DD0000320BDE8F0876068696800F00C00B0EBA4
:100DE000810FEFD1306800F00700B8420BD93068AE
:100DF00020F0070038433060306800F00700B84248
:100E000001D00120E5E72878400705D56068E9684A
:100E100020F4E060084360602878000706D5606829
:100E2000296920F4605040EAC100606000F038F8A1
:100E30006168084AC1F30311515CC8400649086063
:100E400006480068FFF706FF0020C2E700200240C6
:100E5000001002403E8B00080C000020040000201F
:100E60000448054900684968044AC1F30221515CFD
:100E7000C84070470C000020001002404E8B000854
:100E80000448054900684968044AC1F3C221515C1D
:100E9000C84070470C000020001002404E8B000834
:100EA0000E4A51680E4801F00C03042B11D0082B98
:100EB0000FD10C48C1F38343C903C05C0AD5516804
:100EC000084AC1F34041921E515C054A5043B0FBB1
:100ED000F1F0704704494843704700000010024099
:100EE00000127A002E8B000800093D002DE9F84F12
:100EF000040070D02078C04DC00749D06868C0F3A6
:100F00008100012807D06868C0F38100022809D158
:100F10006868C00306D52868800339D56068002852
:100F2000E7D035E06068B0F5803F0BD010B1B0F588
:100F3000A02F11D0286820F480302860286820F481
:100F4000802002E0286840F480302860606890B11A
:100F5000FFF760FE06460AE0286840F4802028601B
:100F6000F0E700BFFFF756FE801B642873D828689F
:100F70008003F7D50CE0FFF74DFE064605E000BF05
:100F8000FFF748FE801B6428F0D828688003F7D458
:100F900020789A4E80074FF001094FF0000839D5AC
:100FA000686810F00C0F07D06868C0F38100022851
:100FB00009D16868C00306D42868800714D5206961
:100FC000012808D110E02069B0B1C6F80090FFF701
:100FD00021FE074605E00AE1FFF71CFEC01B0228C0
:100FE000C4D828688007F7D52868616920F0F80020
:100FF00040EAC10028600DE0C6F80080FFF70AFE55
:10100000074604E0FFF706FEC01B022823D8286825
:101010008007F7D4207800072CD57948A169D9B189
:10102000C0F80090FFF7F6FD074604E0FFF7F2FD79
:10103000C01B02280FD8686A8007F7D571484FF4A3
:10104000FA510068B0FBF1F0009000BF0098411E1B
:101050000091FAD20EE080E0C0F80080FFF7DAFDE0
:10106000074604E0FFF7D6FDC01B022875D8686A62
:101070008007F7D42078400760D5E8690027C000D2
:1010800008D4E86940F08050E861E869012700F081
:10109000805000905C480168C90513D401688346FC
:1010A00041F480710160FFF7B5FD824606E000BFA4
:1010B000FFF7B0FDA0EB0A0064284ED8DBF8000073
:1010C000C005F5D5E06801280AD008B1052813D07D
:1010D000286A20F001002862286A20F0040002E05B
:1010E000286A40F001002862E06841F2883B98B12C
:1010F000FFF790FD82460BE0286A40F0040028626A
:10110000EEE700BFFFF786FDA0EB0A0159455AD86C
:10111000286A8007F6D50CE0FFF77CFD824605E0E3
:10112000FFF778FDA0EB0A0159454CD8286A8007E3
:10113000F6D41FB1E86920F08050E861E06988B317
:101140006968C1F38101022944D00228C6F8608091
:1011500004D0FFF75FFD044638E034E0FFF75AFDA6
:10116000074604E0FFF756FDC01B02282BD828686D
:101170008001F7D4206AB0F5803F05D16868A16886
:1011800020F4003008436860D4E908010843696826
:1011900021F4741108436860C6F86090FFF73AFDC7
:1011A000044606E025E000BFFFF734FD001B0228DF
:1011B00009D828688001F7D51BE000BFFFF72AFD9A
:1011C000001B022802D90320BDE8F88F286880019F
:1011D000F4D40EE00128F7D06868226A00F4803168
:1011E000914204D1616A00F47010884201D001205C
:1011F000EAE70020E8E70000001002400000424259
:10120000800442420C0000200070004070B50400D1
:1012100009D0606A002540B125616561A56294F836
:10122000510040B10CE0012070BD6068B0F5827FD4
:10123000F4D0E561F2E784F85050204600F040F821
:10124000022084F851002068016821F0400101600B
:10125000A088218900F4827001F404410843A18927
:1012600001F400610843217C01F002010843217D63
:1012700001F001010843218B01F400710843217F33
:1012800001F03801084394F8201001F08001084370
:10129000218D01F40051084321680860A0690421F0
:1012A00001EA1040216848602068C16921F40061AA
:1012B000C1616565012084F85100002070BD000007
:1012C00030B585B000240094019402940394006822
:1012D0001549884225D11548C16941F48041C16151
:1012E000C16901F480410491816941F00801816183
:1012F00080690F4D00F0080004904FF420400090EA
:10130000022001900320039069462846FFF780FBE6
:101310004FF48040CDE90004694628460294FFF767
:1013200077FB05B030BD00000038004000100240DF
:10133000000C01402DE9F84F044690F851001D467D
:1013400016460F46012838D160684FF00408B0F502
:10135000827F01D1A06830B3FFF75CFC8246002F8A
:1013600075D0002E73D094F85000012825D04FF08E
:10137000010984F8509084F851804FF00008C4F8B7
:101380005480A763A687E687C4F83080A4F8348029
:10139000A4F83680C4F84080C4F84480A068B0F552
:1013A000004F0CD015E084F85180009313460A4694
:1013B000204600F01CF9BDE8F88F0220FBE720680A
:1013C000016821F0400101602068016821F480413A
:1013D000016020680168490603D4016841F04001BA
:1013E0000160E068C0B134E020688168C90709D0B5
:1013F000007BA16B0870A06B401CA063E08F401EB7
:10140000E08709E0FFF706FCA0EB0A00A84202D340
:10141000681C01D032E085B3E08F0028E4D11BE0E6
:1014200020688168C90709D0C068A16B0880A06BDB
:10143000801CA063E08F401EE0870AE0FFF7EAFB14
:10144000A0EB0A00A84203D3681C02D016E012E009
:101450009DB1E08F0028E3D152462946204600F096
:1014600010FB08B12020606584F8519084F850800A
:10147000606D00289FD001209DE7FFE784F8519020
:1014800084F85080032096E72DE9F84F98461646D9
:101490008A460446FFF7BEFB814694F851000128B6
:1014A0001ED1BAF1000F73D0002E71D094F8500005
:1014B000012815D0012784F85070032084F85100CA
:1014C00000256565C4F830A0A686E686A563A587D5
:1014D000E58765642564A068B0F5004F03D00CE093
:1014E0000220BDE8F88F2068016821F0400101600A
:1014F0002068016841F48041016020680168490664
:1015000003D4016841F040010160E068B0F5006F6C
:10151000606803D048B3012E27D047E008B1012E00
:101520001FD1206B21680088C86006E020688168B0
:10153000890709D5216B0988C160206B801C206355
:10154000E08E401EE0860CE0FFF764FBA0EB090193
:10155000414503D3B8F1FF3F03D035E0B8F1000FA8
:1015600032D0E08E0028E1D123E0206B21680078A2
:10157000087306E02068816889070AD5216B09781D
:101580000173206B401C2063E08E401EE0860DE05E
:101590002BE0FFF73FFBA0EB0901414503D3B8F176
:1015A000FF3F03D010E0B8F1000F0DD0E08E00280F
:1015B000E0D14A464146204600F091FA08B1202089
:1015C0006065A06830B109E084F8517084F850502B
:1015D000032086E72068C1688068009084F8517015
:1015E00004F8505F60680028F3D0012079E72DE906
:1015F000FF4F81B01D46934604464FF001090E9EF1
:10160000FFF708FB074694F851006168012806D0EF
:10161000B1F5827F3CD1A168C9BB042838D10298BA
:10162000002871D0BBF1000FFBD0002DF9D094F849
:10163000500001282CD04FF0010A84F850A094F8F3
:101640005100042802D0052084F851004FF0000812
:10165000C4F85480C4F838B0E587A587029921639F
:10166000E586A586C4F84080C4F8448020680168F7
:10167000490603D4016841F040010160E068B0F51B
:10168000006F606808D0F0B3012D49D081E0FFE71A
:10169000022005B0BDE8F08F08B1012D39D1206BD3
:1016A00021680088C860206B801C2063E08E401E8B
:1016B000E0862EE02068816889070FD5E18E69B148
:1016C000B9F1010F0AD1216B0988C160206B801C20
:1016D0002063E08E401EE0864FF00009206881689C
:1016E000C9070CD0E18F51B1C068A16B0880A06B15
:1016F000801CA063E08F401EE0874FF00109FFF7D8
:1017000089FAC01B01E00BE067E0B04201D3701C16
:1017100050D1E08E0028CDD1E08F0028CAD13EE024
:10172000206B216800780873206B401C2063E08EDA
:10173000401EE0862DE02068816889070FD5E18E84
:1017400069B1B9F1010F0AD1216B09780173206BDE
:10175000401C2063E08E401EE0864FF000092068A8
:101760008168C9070CD0E18F51B1C068A16B0870C6
:10177000A06B401CA063E08F401EE0874FF0010982
:10178000FFF748FAC01BB04202D3701C01D011E031
:1017900086B1E08E0028CED1E08F0028CBD13A462A
:1017A0003146204600F09BF950B12020606584F856
:1017B000508012E084F851A084F85080032068E73C
:1017C000A06818B92068C1688068009084F851A0AA
:1017D00084F85080606D0028F1D0012059E710B5E1
:1017E000401EB0F1807F01D3012010BD4FF0E024F6
:1017F00060610F21601700F010FB0020A06107203E
:101800002061002010BD70B5040004D094F84100A0
:10181000002510B106E0012070BD84F8405020463C
:1018200000F024F8242084F841002068C16821F4E5
:101830000051C160204600F023FA2068016921F4BC
:10184000904101612068416921F02A0141612068CD
:10185000C16841F40051C1606564202084F84100F2
:1018600084F842006563002070BD000030B585B08B
:10187000002400940194029403940068144988425F
:1018800024D11448816941F480418161816901F466
:1018900080410491816941F00401816180690E4DAC
:1018A00000F0040004904FF40070009002200190BA
:1018B0000320039069462846FFF7AAF82815CDE9CA
:1018C0000004694628460294FFF7A2F805B030BD2F
:1018D0000038014000100240000801402DE9F843A3
:1018E000044690F84100984616460D46202802D03E
:1018F0000220BDE8F88385B17EB10020606421201C
:1019000084F84100FFF786F9A6848146E684A06842
:101910002027B0F5805F02D003E00120E9E72069CD
:1019200010B12E4600250EE000260CE08021204656
:1019300000F002FAA8B9C6B116F8010B2168486098
:10194000E08C401EE084E08C4B464FF00002CDF866
:1019500000800028EAD14FF04001204600F0ECF969
:1019600040B184F841700320C3E735F8020BC0F39F
:101970000800E3E784F841700020BAE7FEE70000C2
:1019800070B586B000241C4800940194029403941E
:10199000816941F010018161816901F010010491B8
:1019A000816941F020018161816901F02001049188
:1019B000816941F008018161816901F008010491A8
:1019C000816941F00401816180690C4E00F00400DE
:1019D0004FF480550490002229463046FFF714F951
:1019E00001200095CDE901040220039069463046AC
:1019F000FFF70EF806B070BD00100240000C014069
:101A00000F4810B50D4901604FF48271416000210B
:101A10008160C1604FF400720161C0E90512C161CB
:101A20000162416281620A21C162FFF7EFFB002877
:101A300003D0BDE81040FEF79BBE10BD003800404B
:101A4000E40000200C4810B50A4901604FF4E13170
:101A50004160002181600C22C160C0E904128161F3
:101A6000C161FFF7D0FE002803D0BDE81040FEF7AB
:101A70007FBE10BD003801403C010020FEE7FEE7BC
:101A80007047F8B5044640684FF48273984217D106
:101A9000A0684FF48065B0F5004F01D0A8420FD187
:101AA0002068066826F0400606606068984207D104
:101AB000A068A84204D100920B460022012103E055
:101AC00000920B4600228021204600F023F80028D7
:101AD00004D0606D40F0200060650320F8BDF8B5CB
:101AE00015460E460B46009204460122022100F0E4
:101AF00011F840B93346002280212046009500F0BD
:101B000009F8002804D0606D40F0200060650320D3
:101B1000F8BD00002DE9F8431E469146884604466C
:101B2000089DFFF777F8401B351AFFF773F8074653
:101B300025480068C0F3CB30684338E0701C37D0CC
:101B4000FFF768F8C01BA84203D215B1009860B334
:101B50002CE02068416821F0E00141606068B0F548
:101B6000827F0BD1A068B0F5004F02D0B0F5806F36
:101B700004D12068016821F040010160A06AB0F53D
:101B8000005F09D12068016821F4005101602068DC
:101B9000016841F400510160012084F851000020E7
:101BA00084F850000320BDE8F8830025401E009013
:101BB0002068816838EA010004D000214945BDD180
:101BC0000020F0E70121F9E70C0000207047FFF743
:101BD00027B830B58FB028216846FEF7F0FA1421F7
:101BE0000AA8FEF7ECFA01210804CDE90010002450
:101BF000029402250491CDE907504FF4E0100990BA
:101C00006846FFF773F908B172B6FEE70F20CDE919
:101C10000A054FF48060CDE90C4002210AA80E9419
:101C2000FFF788F8002801D072B6FEE70FB030BD8C
:101C3000704701680C3151E8002F22F4907241E89E
:101C40000023002BF5D10168143151E8002F22F058
:101C5000010241E80023002BF5D1016B012909D1D4
:101C600001680C3151E8002F22F0100241E80023F6
:101C7000002BF5D1202180F842100021016370472C
:101C800070B5044600680169E26821F440511143CF
:101C900001612169A0680843616908432168CA6835
:101CA00041F20C639A430243CA6020684169A26909
:101CB00021F44071114341611E492068884202D1DC
:101CC000FFF7DEF801E0FFF7CBF800EBC00101EB16
:101CD0000012606864218000B2FBF0F3B3FBF1F303
:101CE0006FF018067343B2FBF0F5B2FBF0F605EBAC
:101CF0008305322303EB0515B5FBF1F5B6FBF1F6D1
:101D000005F0F00505EB0615B2FBF0F6B2FBF0F0BE
:101D1000B0FBF1F06FF01802504306EB800003EBCC
:101D20000010B0FBF1F0216800F00F00284488603B
:101D300070BD0000003801402DE9F8439846174671
:101D40000D460446089E24E0701C22D0FEF762FF78
:101D5000A0EB0800B0421AD8CEB12068C16849078C
:101D600017D5802D15D0402D13D00168C943090720
:101D70000FD401680025406800902046FFF759FF06
:101D80000820606484F840500120BDE8F8830320F7
:101D9000FBE72068006835EA000004D00020B84264
:101DA000D2D00020F1E70120F9E7FEE70FB4054BA0
:101DB00010B503A9044A029800F07EFC10BC5DF83F
:101DC00014FB000061520008E00000207CB50C000C
:101DD0001D461646014601D0601E00E00020CDE9F8
:101DE0000010064B6A462946304600F065FC002C80
:101DF00002D0009A002111707CBD0000BF2D0008A8
:101E0000002809DB00F01F020121914040098000F9
:101E100000F1E020C0F8801270470907090E002881
:101E200004DB00F1E02080F80014704700F00F00A0
:101E300000F1E02080F8141D704702E008C8121F6E
:101E400008C1002AFAD170477047002001E001C1A3
:101E5000121F002AFBD170472DE9F04F89B01546BB
:101E600083460C4600268946EA461BE004F120081A
:101E7000A84501D2202700E02F1B3B466A46214699
:101E8000584600F02EF80020514608E0FF2E04D0FE
:101E90000A5CFF2A01D104EB00090E5C401CB84229
:101EA000F4D34446AC42E1D3FF2E03D0284609B018
:101EB000BDE8F08F4846FAE7417E09B1002070473F
:101EC0008068001D704710B5437E00240BB10120CF
:101ED00010BD806802F01CFA002800DA01242046B8
:101EE00010BD70B5457E00240DB1022070BD806824
:101EF00002F00AFB002800DA0224204670BD70B50B
:101F0000457E00240DB1032070BD806802F0B4FB53
:101F1000002800DA0324204670BD2DE9FC41164656
:101F20000F4680461D46002401A80121FF22FEF72E
:101F30003FF945B1002000902B46324639464046D5
:101F4000FFF7DDFF04462046BDE8FC8170B5491E61
:101F500000220B46802409E000EBD1052E7801F029
:101F6000070524FA05F52E4202D0521C491EF3D271
:101F7000981A70BD70B504000498154606D089B152
:101F8000002D1BD0227E002A75D123E048A0FFF748
:101F90000DFF4AA0FFF70AFF494A4AA14AA0FFF7EE
:101FA00005FFFEE742A0FFF701FF44A0FFF7FEFE9A
:101FB000434A4DA144A0FFF7F9FEFEE73CA0FFF71E
:101FC000F5FE3EA0FFF7F2FE3D4A49A13EA0FFF715
:101FD000EDFEFEE7216023716062607E00282DD156
:101FE00002F018F9284602F041FAA060B0B11C30A6
:101FF00002F044F8056AE06800281BD0B0FBF5F158
:1020000005FB1100002816D029A0FFF7CFFE2BA05A
:10201000FFF7CCFE2A4638A0E16830E024A0FFF7A5
:10202000C5FE26A0FFF7C2FE294643A0FFF7BEFE6D
:10203000042070BDE560A068806B2061E068411EEF
:1020400008420BD01AA0FFF7B1FE1CA0FFF7AEFEAE
:102050001B4A42A11CA0FFF7A9FEFEE72169B1FBC4
:10206000F0F200FB12126AB111A0FFF79FFE13A05D
:10207000FFF79CFE00E018E0D4E9032142A0FFF73F
:1020800095FE10E0B1FBF0F002280ED208A0FFF799
:102090008DFE0AA0FFF78AFED4E90310B0FBF1F130
:1020A0004948FFF783FE082070BD002070BD000086
:1020B0005B466C61736844425D00000020000000D4
:1020C000568B00086462000028257329206861731C
:1020D00020617373657274206661696C6564206148
:1020E000742025732E0A00006E616D6500000000EB
:1020F00070617468000000004572726F723A20646B
:102100006220736563746F722073697A6520282575
:102110007529204D55535420616C69676E2077698D
:10212000746820626C6F636B2073697A6520282560
:102130007A75292E0A0000004572726F723A20509B
:102140006172746974696F6E2028257329206E6F1F
:102150007420666F756E642E0A0000002864622D7C
:102160003E7365635F73697A652026202864622D5B
:102170003E7365635F73697A65202D2031292920BC
:102180003D3D2030000000004572726F723A2064BD
:102190006220746F74616C2073697A6520282575DC
:1021A00029204D55535420616C69676E20776974FE
:1021B0006820736563746F722073697A65202825BF
:1021C00075292E0A000000003896000838B50D0069
:1021D000044616D0A07E002812D118A0FFF7E6FD15
:1021E00019A0FFF7E3FD2046FFF766FE03460095C2
:1021F0002079226800281FD014A116A0FFF7D6FD71
:1022000038BD1F4C0125057620780028F8D10BA099
:10221000FFF7CCFD0CA0FFF7C9FD1AA11BA0FFF72B
:10222000C5FD06A0FFF7C2FD07A0FFF7BFFD2048D0
:10223000FFF7BCFD257038BD1EA1DEE75B466C6173
:10224000736844425D000000200000005453444283
:10225000000000004572726F723A20257320282515
:10226000734025732920697320696E697469616CF4
:10227000697A65206661696C20282564292E0A0028
:1022800010000020322E322E39390000466C617366
:102290006844422056257320697320696E69746909
:1022A000616C697A6520737563636573732E0A00C8
:1022B000849600084B56444200000000F0B5A1B0DF
:1022C0000026044601201F9684F831002348354635
:1022D000CDE900401FAB324619A90296204604F012
:1022E000DDFCA07E20B11F9810B1022021B0F0BD0E
:1022F000D4E90310B0FBF1F01F99884210D118A067
:10230000FFF754FD2046FFF7D7FD024618A02168CD
:10231000FFF74CFD19A0FFF749FD204602F050FCE5
:1023200023482346CDE90050002219A918460295FA
:1023300004F0B4FC1F4F2246002303A91046009767
:1023400003F00EFA94F8300018B1204602F09DFF19
:10235000F1E784F831503046C8E7000049390008F9
:102360005B466C61736844425D5B6B765D000000A8
:102370005B25735D5B25735D20000000416C6C2064
:10238000736563746F722068656164657220697338
:1023900020696E636F72726563742E2053657420BA
:1023A000697420746F2064656661756C742E0A0010
:1023B000D5360008F536000870B51C4615000AD061
:1023C000E21DD3082A46FFF78CFD21462846BDE8CA
:1023D0007040FFF7BBBD06A0FFF7E8FC09A0FFF7C0
:1023E000E5FC094A09A10DA0FFF7E0FCFEE70000AB
:1023F0005B466C61736844425D5B7574696C735DC8
:102400000000000020000000DA8F0008737461747F
:1024100075735F7461626C65000000002825732984
:102420002068617320617373657274206661696CE2
:1024300065642061742025732E0A000070B515466E
:10244000C91D06464FF0FF34C908FF22FDF7B0FE54
:1024500045B1681EC40805F00702305DFF21D14078
:1024600008403055204670BDF8B51446DDE9062613
:102470000D4607469A420BD314A0FFF797FC18A00D
:10248000FFF794FC174A18A11EA0FFF78FFCFEE788
:102490006CB119462046FFF7D1FF411C13D022181A
:1024A0002918012338460096FFF729FDF8BD07A03B
:1024B000FFF77CFC0AA0FFF779FC0A4A19A111A0DA
:1024C000FFF774FCFEE70020F8BD00005B466C617E
:1024D000736844425D5B7574696C735D0000000055
:1024E00020000000C88F00087374617475735F6901
:1024F0006E646578203C207374617475735F6E75CB
:102500006D000000282573292068617320617373B2
:10251000657274206661696C65642061742025733E
:102520002E0A00007374617475735F7461626C6568
:10253000000000002DE9FF5F82B00021DDE90430DA
:10254000020DDDF840B0034318D044F61050A2F25B
:10255000FF3242431514119801281FD0A5EB0B0040
:10256000401C5FEA000A4FF000064E4FDFF838913A
:10257000B046504615D5CAF1000413E01198012465
:102580004AA3012801D16FEA0B010298119AC0E910
:102590000031C0E9024206B0BDE8F09FCBF1000077
:1025A000DFE704460021404A491842EB0450CDE9D8
:1025B000001012E0E00707D032463B46404649464D
:1025C000FDF733FF8046894632463B4610461946A2
:1025D000FDF72BFF06460F466410002CEAD1DDE91B
:1025E0000401DDE90023BAF1000F06DAFDF71DFF53
:1025F00042464B46FDF719FF05E0FDF788FF4246CE
:102600004B46FDF784FF04460E460022284BFEF79A
:1026100005F803D84FF0FF30014607E00022254BB4
:1026200020463146FDF75AFEFDF7E0FF102409E091
:10263000002C0ADB0A220023FDF71FFE039B303229
:102640001A55641E50EA0102F2D1641C039AC4F1C7
:1026500011031444119A012A03D0012208430DD119
:102660000AE0084304D000204FF0110B119072E7EC
:10267000A3EB0B056D1E0DE05B4504DD4FF0000282
:1026800005F1010504E003DA4FF00002A5F10105B0
:10269000002AECD002981199C0E90231C0E9004546
:1026A00079E70000000014400000F03F3000000017
:1026B0000000F0430000E03F2DE9FF4F95B09A463F
:1026C000884606460025EEE1252877D100242746D6
:1026D000F94A0121039400E0044316F8013F203B2E
:1026E00001FA03F01042F7D130782A2811D06FF0A8
:1026F0002F033078A0F13002092A16D8039A44F04B
:10270000020402EB820203EB42021044761C0390A7
:10271000EFE758F8042B0392002A03DA504244F4FE
:102720000054039044F00204761C30782E2816D111
:1027300016F8010F44F004042A280DD06FF02F0280
:102740003078A0F13003092B09D807EB870302EB9F
:102750004303C718761CF3E758F8047B761C3078DF
:102760006C280FD006DC4C2817D068280DD06A28BA
:1027700014D104E0742810D07A280FD10DE044F46D
:1027800000140AE044F4801401E044F44014727828
:10279000824202D104F58014761C761C30786628BB
:1027A0000BD013DC582877D009DC002875D04528D9
:1027B000F6D04628F4D047281AD193E118E06328D0
:1027C00035D0642879D0652812D18BE1702873D078
:1027D00008DC6728F1D069286FD06E280DD06F28EB
:1027E00006D1ACE073282CD0752874D0782853D04B
:1027F0005246179990476D1C54E1C4F302500228C9
:1028000009D003280DD0D8F8001004280DD00D6091
:1028100008F1040846E1D8F80010EA17C1E90052AF
:10282000F6E7D8F800100D80F2E70D70F0E718F821
:10283000041B8DF8001000208DF80100EB460120EC
:1028400003E058F804BB4FF0FF3061074FF0000180
:1028500002D40DE009F101018946B9420FDA814540
:10286000F8DB1BF809100029F4D108E009F1010197
:1028700089468142FADB1BF809100029F6D103983A
:102880005346A0EB090721463846179A00F080FA14
:10289000284400EB090507E044E008E10DE01BF8DF
:1028A000010B524617999047B9F10109F7D25346E7
:1028B00021463846179AF2E039E00A21C4F3025261
:1028C0004FF0000B0091022A06D058F8040BC117F4
:1028D000032A09D00AE023E008F1070020F00702EC
:1028E000F2E80201904605E000B2C117042A01D1C6
:1028F00040B2C117002906DA0A460021404261EBC6
:1029000002012D2202E0220504D52B228DF804209D
:10291000012203E0E20701D02022F7E7914657E0C9
:102920000A2100E010214FF0000B00910BE0102174
:102930004FF0000B44F004040827009103E0082046
:102940004FF0000B0090C4F30252022A05D058F851
:10295000040B0021032A08D008E008F1070020F04A
:102960000702F2E80201904603E080B2042A00D197
:10297000C0B24FF0000922072AD53278702A07D05A
:10298000DDF800C08CF0100C5CEA0B0C05D00EE0FA
:1029900040228DF80420012208E050EA010306D00D
:1029A00030238DF804308DF8052002229146009BDB
:1029B00083F0080353EA0B030AD150EA010201D164
:1029C000620705D530228DF804204FF001097F1EE3
:1029D0003278582A04D039A20C920CAA02920BE049
:1029E0003BA2F9E75B46009AFDF747FC0C9B9B5C1A
:1029F000029A521E0292137050EA0102F2D102981A
:102A000004A9081A00F1200B600702D524F48034D1
:102A100000E001275F4502DDA7EB0B0000E000208E
:102A200000EB0B01009003984944401A0390E00327
:102A300006D453462146179A039800F0A9F9054495
:102A4000002706E001A85246C05D179990476D1C0B
:102A50007F1C4F45F6DBE0030CD553462146179A01
:102A6000039800F095F9054404E030205246179988
:102A700090476D1C0099481E00900029F5DC08E085
:102A80000298029952460078491C02911799904782
:102A90006D1CBBF10001ABF1010BF1DC5BE100F05F
:102AA00065F90544761C307800287FF40DAE19B026
:102AB0002846BDE8F08F000009280100303132338C
:102AC000343536373839616263646566000000006A
:102AD0003031323334353637383941424344454654
:102AE00000000000600700D4062708F1070020F06E
:102AF0000700F0E80223804603F0004C5FEA0C0078
:102B000001D097A009E0200501D596A005E0E007D7
:102B100001D095A001E0AFF24C001390307823F083
:102B2000004365280CD006DC452809D046281DD076
:102B300047287FD13BE0662818D067287AD136E055
:102B40000021112F01DB112000E0781CCDE90001EC
:102B500004A90CA8FFF7EEFCDDE90D010C9A4FF07B
:102B6000000B07F10109109200914EE04FF0004078
:102B70000097CDE9011004A90CA8FFF7DBFCDDE903
:102B80000D020C9B0F994FF0000B91461093009291
:102B900011B9791C00EB0109B7EB090003D4C0F1AE
:102BA000FF3B07F10109A9EB0700019042E0012F6B
:102BB00000DA01270021112F01DD112000E0384645
:102BC000CDE9000104A90CA8FFF7B4FCDDE90D0173
:102BD0000C9A00914FF0000BB946109221070FD4C8
:102BE000009A4A4503DA914601E0A9F10109B9F1D9
:102BF000010F05DD109AA9F10101515C3029F4D0D3
:102C0000B84202DA10F1040F03DA0121CDE9011014
:102C100010E0002803DC8344A9EB000102E0411C22
:102C2000494500DD8946A0EB0B00401C01904FF0A8
:102C300000400290200705D40198484502DB4FF080
:102C4000FF30019000208DF84B0002980DF14B07EA
:102C5000B0F1004F25D002200C902B200D9002984F
:102C600000280CDA404202902D200D9007E00A2146
:102C70000298FDF7ECFA3031029007F8011D0C992B
:102C8000481E0C900029F2DC02980028EFD1791E32
:102C90000D980870307800F0200040F0450007F8EB
:102CA000020D11A8C01BC01D02901398007800B13E
:102CB000012000EB0901019801EBE0710298014449
:102CC0000398401A401E0390E00306D45346214661
:102CD000179A039800F05CF805441398007818B12F
:102CE0005246179990476D1CE00323D55346214661
:102CF000179A039800F04CF805441BE0BBF1000F55
:102D000007DB0098584504DD1098179910F80B0060
:102D100001E0179930205246904701980BF1010BC2
:102D2000401E05F10105019004D12E20524617994D
:102D300090476D1CB9F10001A9F10109DEDC05E045
:102D400017F8010B5246179990476D1C0299481EBF
:102D500002900029F4DC53462146179A03989EE618
:102D60002D0000002B000000200000002DE9F041A4
:102D7000044600251E461746880404D405E039465B
:102D80002020B0476D1C641EF9D52846BDE8F081AF
:102D90002DE9F041044600251E469046C80301D5A2
:102DA000302700E02027880404D505E04146384656
:102DB000B0476D1C641EF9D52846BDE8F0814A680D
:102DC000002A06D00A68531C0B6010704868401E29
:102DD000486070472DE9FF4F8BB09B469646DDE972
:102DE000217CDDE91F56DDE91D34DDE91B12DDE93B
:102DF0001998CDE90098CDE90212DDF860A0CDE97F
:102E00000434CDE90656CDE9087C846853465A4619
:102E100071460C98A047002800D001200FB0BDE8F3
:102E2000F08F30B58BB00DF1180C01250E9C8CE89D
:102E30003C000022CDE9042102920392009201920B
:102E40008468134611461046A047002800D0012090
:102E50000BB030BD2DE9FE4F0E465FEA00084E492B
:102E60001D46174608F120094FF0010A0ED098F8C8
:102E70003400002813D0D8F81000F119814217D976
:102E800046A004F021FB0520BDE8FE8F00914DA374
:102E90004EA24FF4147155A004F0F2FAFEE700912F
:102EA0005AA34AA240F2512150A004F0E9FAFEE7E9
:102EB000D9F80810484601B18847F0070CD02846D9
:102EC0003146012300906D1C761C1A46404602F0E4
:102ED00079FE040054D17F1E0121404604F006F81B
:102EE00004004DD1AD208DF804000DF1040B34E049
:102EF000BAF1000F13D05C46621C3146404602F026
:102F00009DFC98F8350008B1052200E004222878DD
:102F1000A054A118687848704FF0000A06E028789D
:102F20008DF80500687801228DF8060000200090D9
:102F30000023D9F80440484601A9921CA047040088
:102F400003D036A004F0C0FA1AE0404605F040FD78
:102F5000040015D1AD1CB61CBF1E022FC8D2002123
:102F6000404603F0C3FF04000AD1012F0CD1012316
:102F70001A4631464046009502F024FE040003D074
:102F80000021404603F0B2FFD9F80C10484601B1C9
:102F90008847204678E700008D9300084572726FDD
:102FA000723A20466C617368206164647265737361
:102FB000206973206F7574206F6620626F756E6470
:102FC0002E000000666C61736800000028257329DC
:102FD0002068617320617373657274206661696C27
:102FE00065642061742025732E0000002E2E5C2E57
:102FF0002E5C6170705C4253505C736675645C73E8
:1030000072635C736675642E63000000666C6173A6
:10301000682D3E696E69745F6F6B00004572726F58
:10302000723A20466C617368207772697465205328
:10303000504920636F6D6D756E69636174652065BD
:1030400072726F722E0000002DE9F0418AB00025E7
:1030500004464FF0FF3007950895CDE9030403A817
:10306000CDE905208846234808A9CDE9001007AB23
:103070002A4602954146204603F010FE1E4F08984E
:10308000012640B1CDE9005704AB0222414620465B
:10309000029603F003FE0798002827D00399491CE5
:1030A00024D1012802D894F8300048B1CDE9005766
:1030B00004AB012241462046029603F0EFFD15E0E5
:1030C0000EA0FEF773FE2046FEF7F6FE02460FA0A6
:1030D0002168FEF76BFE4FF469720FA118A0FEF78E
:1030E00065FE1AA0FEF762FE84F8306003980AB00D
:1030F000BDE8F081036D0008793100085B466C6122
:10310000736844425D5B6B765D0000005B25735D18
:103110005B25735D200000002E2E5C2E2E5C6170FE
:10312000705C4253505C466C61736844425C7372DD
:10313000635C6664625F6B7664622E63000000000D
:103140002825733A2564292000000000547269671D
:10315000676572206120474320636865636B206167
:103160006674657220616C6C6F63204B56206661DB
:10317000696C65642E0A000002786AB14A680369C6
:103180005832934208D98278012A07D0022A03D103
:103190000A6892F830200AB10020704789684069B7
:1031A000086001207047000010B586B004000BD005
:1031B00051B14AB1684601F03BFC6A4621460448D9
:1031C00001F04CFC06B010BD4FF0FF30FAE70000F4
:1031D000D02200200EB500F095F804F005F901F0BA
:1031E00019F8002001900290009001AB0FA212A1EB
:1031F000134801F033FD232212A11BA0FEF7D6FDD8
:103200000422274927A0FFF7CFFF254827220DA139
:1032100003685B1C036025A0FEF7C8FD03B0042211
:103220001F4920A05DF804EB00F054B86664625FAB
:103230006B766462310000006D795F6B76646200CA
:10324000D02200202E2E5C2E2E5C6170705C4253CA
:10325000505C466C61736844425C6170705F666C80
:1032600061736864622E63005B20466C617368441E
:1032700042205D5B25733A25645D20466C6173686E
:10328000444220696E697469616C697A656420736F
:1032900075636365737366756C6C792E0D0A0A002D
:1032A00014000020626F6F74000000005B20466C09
:1032B0006173684442205D5B25733A25645D20E4B8
:1032C000B88AE794B5E6ACA1E695B03A25640D0A54
:1032D0000A00000030B585B004004FF0FF350BD078
:1032E00051B14AB1684601F0A3FB6A462146044841
:1032F00001F01CFC002800D0284605B030BD0000BD
:10330000D022002000214EF617700A4604F0F8BDC6
:103310002DE9F843DFF8E080D8F80050D8F80440F1
:103320002B46932235A13DA00094FEF73FFDA5F169
:103330000050B0F5803F04D32B4697222FA145A023
:1033400009E02D4840422044B0F5E02F08D3514811
:1033500023469C2229A101B0BDE8F043FEF726BD1B
:103360004D48016821F0010101604B480C300168B3
:1033700021F0010101604FF0E0264FF000700027BE
:10338000C6F88001BFF34F8FBFF36F8FA5221BA13B
:1033900042A0FEF70BFD37617761B761AB2217A141
:1033A00048A0FEF703FD1920FEF72AFD7017FEF76F
:1033B00027FDB02211A14EA0FEF7F8FC72B6B42290
:1033C0000EA155A0FEF7F2FC85F30888B7220BA1E9
:1033D0005BA0FEF7EBFC6349C1F80080BA2207A1AD
:1033E00061A0FEF7E3FC2346BC2204A167A0FEF720
:1033F000DDFCA047FEE70000000001082E2E5C4225
:1034000053505C626F6F746C6F616465725C626F65
:103410006F746C6F616465722E6300005B20424FB5
:103420004F544C4F41444552205D5B25733A25640F
:103430005D204D53503D30782530386C582C20524B
:1034400065736574566563746F723D3078253038E6
:103450006C580A005B20424F4F544C4F4144455238
:10346000205D5B25733A25645D20696E76616C6929
:1034700064204D53503A2030782530386C582C2039
:103480007374617920696E20626F6F746C6F616410
:1034900065720A00A8950008002C01405B20424F8D
:1034A0004F544C4F41444552205D5B25733A25648F
:1034B0005D2044495341424C452054494D310D0A49
:1034C0000A0000005B20424F4F544C4F414445528C
:1034D000205D5B25733A25645D2044495341424C8D
:1034E00045207379737469636B0D0A0A000000004C
:1034F0005B20424F4F544C4F41444552205D5B2569
:10350000733A25645D2044495341424C45204E5650
:1035100049430D0A0A0000005B20424F4F544C4FB4
:1035200041444552205D5B25733A25645D20444942
:103530005341424C45204952510D0A0A00000000F7
:103540005B20424F4F544C4F41444552205D5B2518
:10355000733A25645D20534554204D53500D0A0A9B
:103560000000000008ED00E05B20424F4F544C4F3C
:1035700041444552205D5B25733A25645D205345E7
:10358000542056544F520D0A0A0000005B20424F4F
:103590004F544C4F41444552205D5B25733A25649E
:1035A0005D206A756D70696E6720746F20307825B4
:1035B00030386C582E2E2E0A0000000008B500246A
:1035C0008DF800400122694616A0FFF7EDFD9DF839
:1035D000000001280ED1CB2216A11E48FEF7E6FB03
:1035E00004F0ECFA002812D01B48D62211A100BF2B
:1035F000FEF7DCFBFFF78CFEDE220EA117A0FEF724
:10360000D5FB4FF4FA742046FDF73EF9FBE78DF841
:1036100000400122694603A0FFF75CFED12205A10C
:103620001CA0E5E7757067726164655F666C616731
:10363000000000002E2E5C4253505C626F6F746C71
:103640006F616465725C626F6F746C6F61646572E8
:103650002E6300001C950008649500085B20424F13
:103660004F544C4F41444552205D5B25733A2564CD
:103670005D206A756D70206661696C65642C2073CD
:1036800074617920696E20626F6F746C6F6164651C
:10369000720A00005B20424F4F544C4F4144455248
:1036A000205D5B25733A25645D20757067726164E7
:1036B0006520646F6E652C20636C65617220666C9A
:1036C00061672C206A756D70696E6720746F206168
:1036D00070700A0010B502460846117839B1917829
:1036E000032904D1012180F8301001F0CEFD002023
:1036F00010BD0000FEB50D460446417800F11006ED
:10370000007809B1032806D0012844D0002954D0FC
:1037100002284CD051E02AA0FEF748FB2846FEF7CD
:10372000CBFB02462AA02968FEF740FBA17832466F
:103730002A48FEF73BFB2146284602F0D3F8002832
:103740001FA014D0FEF732FB2846FEF7B5FB024659
:103750001FA02968FEF72AFB40F2466220A12AA09A
:10376000FEF724FB2B48A168FEF720FB1DE0FEF7C7
:103770001DFB2846FEF7A0FB024615A02968FEF7B0
:1037800015FB40F2446216A11FA0FEF70FFB22A01A
:10379000FEF70CFB11E001210520CDE90001062315
:1037A00002AA2846216DFEF75FFE0120FEBDA27829
:1037B00031462846236D04F02BF90020FEBD0000A1
:1037C0005B466C61736844425D5B6B765D00000034
:1037D0005B25735D5B25735D20000000109700087A
:1037E0002E2E5C2E2E5C6170705C4253505C466CD9
:1037F00061736844425C7372635C6664625F6B769B
:1038000064622E63000000002825733A2564292095
:1038100000000000A09700085265636F766572791A
:1038200020746865204B56207375636365737366F7
:10383000756C2E0A000000002DE9F0478846074607
:103840000025DFF874A032E007EB851404F11C00BA
:10385000814600F013FC060019D0606BF1698842C4
:1038600022DB9022154916A0FEF7A0FA07EB85107F
:10387000F369426B211D1948FEF798FA18A0FEF76C
:1038800095FA194900208860401EBDE8F0878A2219
:103890000A4916A0FEF78AFA494619A0FEF786FAE9
:1038A00010A0FEF783FA01E04AF825606D1C45453B
:1038B000CAD30020E9E700003C260020F090000871
:1038C0001B5B33313B32326D5B452F46414C5D20F3
:1038D0002825733A256429200000000098980008E4
:1038E0001B5B306D0A000000580000205B442F462F
:1038F000414C5D202825733A2564292000000000F2
:103900005761726E696E673A20446F204E4F5420A3
:10391000666F756E642074686520666C61736820DC
:10392000646576696365282573292E001378012B59
:1039300006D14378032B01D0022B01D143680B60E1
:10394000407810700020704770B505460078002858
:1039500022D108681446401C0860907E08B10120FE
:1039600070BD0EA0FEF722FA2046FEF7A5FA024629
:103970000EA02168FEF71AFA40F225620EA118A0E7
:10398000FEF714FA19486968FEF710FA4FF0FF3293
:103990002046696801F0E2FB002070BD5B466C6167
:1039A000736844425D5B6B765D0000005B25735D70
:1039B0005B25735D200000002E2E5C2E2E5C617056
:1039C000705C4253505C466C61736844425C737235
:1039D000635C6664625F6B7664622E630000000065
:1039E0002825733A2564292000000000CC960008A1
:1039F0002DE9FF4F89B0002605468DF820609346DB
:103A00008946169F10464C69FCF7F0FB402812D9F6
:103A10006AA0FEF7CBF92846FEF74EFA02466BA0E5
:103A20002968FEF7C3F940216BA0FEF7BFF9052016
:103A30000DB0BDE8F08FFF22182102A8FCF7B8FBFB
:103A4000704803905846FCF7D1FBC0B28DF81800BF
:103A50003844183007970490E968103988420FD924
:103A600056A0FEF7A3F92846FEF726FA024657A00D
:103A70002968FEF79BF964A0FEF798F90720D7E7BD
:103A8000601C07D149462846049A02F011F8044602
:103A9000401C7DD008AB49462846049A04F00DF836
:103AA0005FEA000875D1042206A93046059600F0A9
:103AB000C3FF042207A9059000F0BEFF05909DF802
:103AC0001820594600F0B8FF0590079A0C9900F0AD
:103AD000B3FF05904FF0010ACDE900A602AF06231F
:103AE0003A4621462846FEF7BFFC5FEA000807D1A8
:103AF00014233A1D211D28460096FEF700FA804641
:103B0000B8F1000F58D104F118019DF818305A4649
:103B10000E462846FEF701FA80469DF8200048B977
:103B20009DF818000799084482192846D9F804100E
:103B300004F02EF89DF8182023465946284603F035
:103B400067FFB8F1000F37D19DF81800079B811966
:103B500028460C9AFEF7E1F95FEA00082CD1022012
:103B6000CDE9000A5646062302AA21462846FEF75A
:103B70007BFC5FEA00081FD19DF8200000281BD0C5
:103B80000EA0FEF713F92846FEF796F9024601E06B
:103B900010E011E00DA02968FEF708F940F2E942B3
:103BA00021A12BA0FEF702F92CA0FEF7FFF885F863
:103BB000306001E04FF00708404639E75B466C6132
:103BC000736844425D5B6B765D0000005B25735D4E
:103BD0005B25735D200000004572726F723A2054BD
:103BE0006865204B56206E616D65206C656E67744C
:103BF00068206973206D6F7265207468616E20257E
:103C0000640A00004B5630304572726F723A20548D
:103C10006865204B562073697A6520697320746F3C
:103C20006F206269670A00002E2E5C2E2E5C617088
:103C3000705C4253505C466C61736844425C7372C2
:103C4000635C6664625F6B7664622E6300000000F2
:103C50002825733A25642920000000005472696702
:103C6000676572206120474320636865636B20614C
:103C7000667465722063726561746564204B562EAC
:103C80000A0000002DE9F0479AB08A4605461E4614
:103C90001446582102A8FCF792FA34B902AA5146F8
:103CA000284601F0D3F8A0B102AC01274FF000087C
:103CB000002E27D00420CDE90007062318AA2846A5
:103CC000216DFEF7D1FB95F8A4100646314326D0AE
:103CD00038E031A0FEF76AF82846FEF7EDF8024614
:103CE00031A02968FEF762F840F2BE3231A13BA054
:103CF000FEF75CF851463CA0FEF758F805201AB0D4
:103D0000BDE8F0870321CDE90018062318AA28464C
:103D1000216DFEF7A9FB064685F8A47014E0BAF100
:103D200000004FF0FF3905D0FCF760FA02464B4621
:103D3000514604E034B1A2784B4604F11001284604
:103D400003F066FE85F8A480206DE968B0FBF1F011
:103D50004843401C8146EEB90146042318AA284670
:103D6000FEF72AFB012815D14FF00208CDE90087A4
:103D7000042318AA49462846FEF776FB0646216D1D
:103D8000E868B1FBF0F14143284601F089FB08B136
:103D900080F802803046B2E75B466C61736844424B
:103DA0005D5B6B765D0000005B25735D5B25735D7D
:103DB000200000002E2E5C2E2E5C6170705C425341
:103DC000505C466C61736844425C7372635C666409
:103DD000625F6B7664622E63000000002825733AF0
:103DE00025642920000000004E6F7420666F756EF8
:103DF00064202725732720696E204B562E0A000069
:103E0000F0B5044600780E689FB00D4600287CD0BF
:103E1000A078022801D0032877D101210320CDE921
:103E20000001616804231EAA3046491CFEF71CFBF2
:103E3000606806AF1030169002A9304602F092FB7F
:103E40009DF8090028B19DF80800022817D0032822
:103E500015D034A0FDF7AAFF3046FEF72DF8024634
:103E600034A03168FDF7A2FF40F26D4234A13EA0BC
:103E7000FDF79CFF9DF80A103A463EA013E002A908
:103E8000304601F02FFD80B126A0FDF78FFF3046B0
:103E9000FEF712F8024627A03168FDF787FF9DF86C
:103EA0000A103A4640A0FDF781FF02AA214630469B
:103EB00001F0B5FA1690401CBED1421E3046616832
:103EC00001F04CF9AF686068A860002221463046D6
:103ED00001F0D0FA706113A0FDF768FF3046FDF7DE
:103EE000EBFF024613A03168FDF760FF40F2754218
:103EF00013A11DA0FDF75AFF36A06168FDF756FF1C
:103F0000012318AA3946304600E009E002F01EFC01
:103F100030B91C986968884202D901201FB0F0BDF1
:103F20000020FBE75B466C61736844425D5B6B7627
:103F30005D0000005B25735D5B25735D2000000064
:103F40002E2E5C2E2E5C6170705C4253505C466C71
:103F500061736844425C7372635C6664625F6B7633
:103F600064622E63000000002825733A256429202E
:103F7000000000004B562028252E2A732920697343
:103F80002067617262616765204E4F54206E6565DF
:103F900064206D6F76652C20636F6C6C6563742094
:103FA00069742E0A000000004572726F723A204D4B
:103FB0006F76656420746865204B562028252E2A6C
:103FC000732920666F72204743206661696C6564BF
:103FD0002E0A0000436F6C6C65637420612073656A
:103FE00063746F7220403078253038580A00000022
:103FF00010B50C4601460F48006868B190F83420AF
:1040000082B10C4A121D92691144224603F0E6F86F
:1040100070B14FF0FF3010BD074A08A10AA0FDF7AC
:10402000C5FEFEE7044A10A107A0FDF7BFFEFEE7AC
:10403000204610BD1C00002028900008736675649F
:104040005F6465760000000028257329206861738D
:1040500020617373657274206661696C65642061A8
:10406000742025732E0A0000736675645F6465769C
:104070002D3E696E69745F6F6B00000010B50E49CC
:10408000097841B170B10D4C18222168FCF7D0F8C5
:1040900078B1002010BD094A09A113320AA0FDF72A
:1040A00085FEFEE7054A10A1133207A0FDF77EFE4C
:1040B000FEE7206810BD000019000020F48F000802
:1040C000696E69745F6F6B002825732920686173BE
:1040D00020617373657274206661696C6564206128
:1040E000742025732E0A00006E616D6500000000CB
:1040F0003EB5224D287808B100203EBD204C2068F6
:10410000806A28B32068C06A002828D02068006B25
:1041100000282BD02068406A00B1804718492F2220
:10412000091D18A0FDF742FE2068226821688069F9
:10413000126AC9698DE807001822114616482368DB
:10414000FDF734FE15A0FDF731FE01202870D3E7FE
:104150000B4A13A1121D19A0FDF728FEFEE7084A1D
:104160001EA1121D15A0FDF721FEFEE7044A22A1A3
:10417000121D12A0FDF71AFEFEE700001900002034
:10418000F48F00085B442F46414C5D202825733A8C
:1041900025642920000000003C9800080A00000067
:1041A0006465766963655F7461626C655B695D2DEA
:1041B0003E6F70732E7265616400000028257329BC
:1041C0002068617320617373657274206661696C25
:1041D00065642061742025732E0A00006465766989
:1041E00063655F7461626C655B695D2D3E6F7073C2
:1041F0002E777269746500006465766963655F7423
:1042000061626C655B695D2D3E6F70732E657261D6
:104210007365000070B5FFF76BFF114D04000ED4FD
:1042200000F05CF9041E0ADD2878002815D1012071
:1042300028700CA0FDF7BAFD0FA111A008E0002026
:10424000287030221B491CA0FDF7B0FD0AA121A057
:10425000FDF7ACFD2CA0FDF7A9FD204670BD0000C8
:10426000180000201B5B33323B32326D5B492F4616
:10427000414C5D2000000000302E352E3939000001
:10428000466C617368204162737472616374696F14
:104290006E204C6179657220285625732920696E3D
:1042A000697469616C697A6520737563636573739A
:1042B0002E000000EB8F00081B5B33313B32326D68
:1042C0005B452F46414C5D202825733A2564292003
:1042D00000000000466C6173682041627374726173
:1042E0006374696F6E204C6179657220285625735E
:1042F0002920696E697469616C697A6520666169F3
:104300006C65642E000000001B5B306D0A0000002D
:104310002DE9F04190460E46040010D0A16B06EB4B
:1043200008004FF0FF3788420FD94FF4F7721E494B
:104330001EA0FDF73BFD24A0FDF738FD2EE01A4A34
:104340002FA131A0FDF732FDFEE7204600F01EFE52
:1043500004F11C05B8B1616B036B8A194146104624
:10436000984704000CD54FF4FE720F490FA0FDF7DB
:104370001DFD29462CA0FDF719FD39A0FDF716FDFE
:104380002046BDE8F08140F2F512074907A0FDF78D
:104390000DFD221D29463448FDF708FD30A0FDF72C
:1043A00005FD3846EDE70000959100081B5B3331B1
:1043B0003B32326D5B452F46414C5D202825733AD8
:1043C0002564292000000000506172746974696FCF
:1043D0006E206572617365206572726F7221205064
:1043E0006172746974696F6E20616464726573735D
:1043F000206F7574206F6620626F756E642E0000EA
:1044000070617274000000002825732920686173B0
:1044100020617373657274206661696C65642061E4
:10442000742025732E0A0000506172746974696FDC
:104430006E206572617365206572726F722120460D
:104440006C6173682064657669636528257329202B
:104450006572617365206572726F722100000000E1
:104460001B5B306D0A0000008099000870B50F4D8D
:104470000646287808B100240EE00D4A0DA10FA0D1
:10448000FDF794FCFEE7686800EB84113046091DD7
:10449000FBF7B3FE28B1641CA8688442F3D3002064
:1044A00070BD686800EB841070BD000058000020EB
:1044B0000C910008696E69745F6F6B002825732981
:1044C0002068617320617373657274206661696C22
:1044D00065642061742025732E0A000010B5084C15
:1044E000207808B1A06810BD06480321C4E9010185
:1044F000FFF7A2F908B90120207000F077F9F1E781
:1045000058000020309000082DE9F0479846914669
:104510000E46040013D0B9F1000F16D0A16B06EBC4
:1045200008004FF0FF37884215D94FF4CF72214968
:1045300021A0FDF73BFC27A0FDF738FC35E01D4A24
:1045400032A134A0FDF732FCFEE71A4A39A131A0AE
:10455000FDF72CFCFEE7204600F018FD04F11C05D9
:10456000C0B1616B846A8B19424649461846A04720
:1045700004000CD54FF4D6720E490FA0FDF716FCBF
:1045800029462DA0FDF712FC38A0FDF70FFC2046B0
:10459000BDE8F08740F2A512064907A0FDF706FC2A
:1045A000221D29463348FDF701FC30A0FDF7FEFB34
:1045B0003846EDE76E9100081B5B33313B32326DBC
:1045C0005B452F46414C5D202825733A2564292000
:1045D00000000000506172746974696F6E2072652A
:1045E0006164206572726F72212050617274697407
:1045F000696F6E2061646472657373206F757420D7
:104600006F6620626F756E642E00000070617274B8
:1046100000000000282573292068617320617373EE
:10462000657274206661696C65642061742025730D
:104630002E0A000062756600506172746974696FB9
:104640006E2072656164206572726F722120466C03
:104650006173682064657669636528257329207213
:10466000656164206572726F722100001B5B306DA2
:104670000A000000349900082DE9F0479846914659
:104680000E46040013D0B9F1000F16D0A16B06EB53
:1046900008004FF0FF37884215D940F2C712214970
:1046A00021A0FDF783FB27A0FDF780FB35E01D4A25
:1046B00032A134A0FDF77AFBFEE71A4A39A131A0F6
:1046C000FDF774FBFEE7204600F060FC04F11C05DA
:1046D000C0B1616BC46A8B19424649461846A0476F
:1046E00004000CD540F2D5120E490FA0FDF75EFB79
:1046F00029462DA0FDF75AFB39A0FDF757FB2046B0
:10470000BDE8F0874FF4E772064907A0FDF74EFBBE
:10471000221D29463448FDF749FB31A0FDF746FB31
:104720003846EDE7819100081B5B33313B32326D37
:104730005B452F46414C5D202825733A256429208E
:1047400000000000506172746974696F6E207772A6
:10475000697465206572726F72212050617274698C
:1047600074696F6E2061646472657373206F757411
:10477000206F6620626F756E642E00007061727427
:10478000000000002825732920686173206173737D
:10479000657274206661696C65642061742025739C
:1047A0002E0A000062756600506172746974696F48
:1047B0006E207772697465206572726F722120466F
:1047C0006C617368206465766963652825732920A8
:1047D0007772697465206572726F72210000000043
:1047E0001B5B306D0A000000E89800082DE9F047D7
:1047F00086B00FF2F00A0FF2F4085046FBF7F6FC11
:1048000081464046FBF7F2FC3B4C0546A068E0B110
:10481000002617E0606800EB8617381DFBF7E6FC02
:10482000484503D9381DFBF7E1FC814607F11C0020
:104830000746FBF7DBFCA84203D93846FBF7D6FC5A
:104840000546761CA0688642E4D32CA0FDF7AEFA9C
:104850002FA0FDF7ABFA3EA0FDF7A8FA27A0FDF7C1
:10486000A5FA18268DE860015346324649463AA01B
:10487000FDF79CFA36A0FDF799FA20A0FDF796FA0D
:1048800041A0FDF793FA32A0FDF790FA0027B04659
:1048900018E0606800EB871618A0FDF787FAD6E9E4
:1048A0000D0106F11C02CDE90220CDE9005804916A
:1048B000331D1822494644A0FDF778FA24A0FDF7DD
:1048C00075FA7F1CA0688742E3D30CA0FDF76EFA4F
:1048D00047A0FDF76BFA06B01DA0BDE8F047FDF755
:1048E00065BA00006E616D6500000000666C617362
:1048F000685F646576000000580000201B5B33325F
:104900003B32326D5B492F46414C5D200000000078
:104910003D3D3D3D3D3D3D3D3D3D3D3D3D3D3D3DC7
:104920003D3D3D3D2046414C207061727469746983
:104930006F6E207461626C65203D3D3D3D3D3D3DA7
:104940003D3D3D3D3D3D3D3D3D3D3D3D3D0000004E
:104950001B5B306D0A0000007C20252D2A2E2A7357
:10496000207C20252D2A2E2A73207C2020206F6673
:10497000667365742020207C202020206C656E6783
:10498000746820207C0000002D2D2D2D2D2D2D2D27
:104990002D2D2D2D2D2D2D2D2D2D2D2D2D2D2D2D47
:1049A0002D2D2D2D2D2D2D2D2D2D2D2D2D2D2D2D37
:1049B0002D2D2D2D2D2D2D2D2D2D2D2D2D2D2D2D27
:1049C0002D2D2D2D2D0000007C20252D2A2E2A7323
:1049D000207C20252D2A2E2A73207C20307825301B
:1049E000386C78207C20307825303878207C0000A6
:1049F0003D3D3D3D3D3D3D3D3D3D3D3D3D3D3D3DE7
:104A00003D3D3D3D3D3D3D3D3D3D3D3D3D3D3D3DD6
:104A10003D3D3D3D3D3D3D3D3D3D3D3D3D3D3D3DC6
:104A20003D3D3D3D3D3D3D3D3D3D3D3D3D0000006D
:104A3000C0E900127047000010B5C043064B07E004
:104A400011F8014B4440E4B253F8244084EA1020AA
:104A5000521EF5D2C04310BDC88B00082DE9F041AD
:104A60000546007E96B014468846B0B1E96909B1A2
:104A700028468847414654F8048B002654F80C7B9E
:104A80006A46284600F0E2F928B30CB1039820608A
:104A90000398B84214D2064613E013A0FDF786F936
:104AA0002846FDF709FA024613A02968FDF77EF9AA
:104AB00014A02968FDF77AF9002016B0BDE8F0814E
:104AC0003E46B8F1000009D0024633462846159903
:104AD000FDF707FA02E00CB100202060296A09B155
:104AE000284688473046E8E75B466C617368444275
:104AF0005D5B6B765D0000005B25735D5B25735D20
:104B0000200000004572726F723A204B5620282513
:104B100073292069736E277420696E697469616CEA
:104B2000697A65204F4B2E0A0000000070B50446DC
:104B3000007E15460E4680B1E2690AB120469047D4
:104B4000D5E900233146204602F07CF9216A05466A
:104B500009B120468847284670BD08A0FDF726F910
:104B60002046FDF7A9F9024608A02168FDF71EF9C5
:104B700009A02168FDF71AF9082070BD5B466C6139
:104B8000736844425D5B6B765D0000005B25735D7E
:104B90005B25735D200000004572726F723A204BF6
:104BA0005620282573292069736E277420696E6941
:104BB0007469616C697A65204F4B2E0A0000000011
:104BC0002DE9F047C16988B00446002601B1884745
:104BD0000020411E04EBC002401CC2F8AC1040286B
:104BE000F8D30025894608E04A462946204600F0C9
:104BF000B5FA060027D1E06805442069A842F3D839
:104C000000254FF0080A4FF0040819E005EB4507AE
:104C1000A16A0AEB8700085820B908EB87000858FA
:104C2000FBF7E4FACDF818900090A06A08EB870132
:104C3000435850F8272001A92046FEF7D9FE6D1CE5
:104C4000E06AA842E2D800206061216A09B12046EA
:104C5000884708B03046BDE8F087000070B58CB0DA
:104C6000044610981E46009000232046FDF782F966
:104C700005007DD1E16909B120468847002584F807
:104C8000305084F8315026B1D6E90001C4E90A0158
:104C900001E0E562A56209958DF828503F486561FD
:104CA0000AA9CDE9001009AB0022029503A920460C
:104CB00001F0F4FF0998606139A0FDF777F820460C
:104CC000FDF7FAF802463AA02168FDF76FF840F2C6
:104CD000F2623AA143A0FDF769F845A06169FDF7CA
:104CE00065F8D4E90310B0FBF1F0012810D82CA02E
:104CF000FDF75CF82046FDF7DFF802462CA021689E
:104D0000FDF754F8414A424942A0FDF74FF8FEE74B
:104D10000021481E01EB410204EBC202491C82F84B
:104D2000A852C2F8BC02C2F8AC020829F2D3002192
:104D300004EBC102491CC2F8AC004029F8D318A00A
:104D4000FDF734F82046FDF7B7F8024618A02168B1
:104D5000FDF72CF840F2027218A122A0FDF726F808
:104D600034A02169FDF722F8216A19B1204600E03C
:104D70000CE088472046FDF7A1FAE169054609B134
:104D800020468847216A09B120468847294620469F
:104D9000FDF71CFA0CB0284670BD00002D39000844
:104DA0005B466C61736844425D5B6B765D0000003E
:104DB0005B25735D5B25735D200000002E2E5C2E4D
:104DC0002E5C6170705C4253505C466C6173684449
:104DD000425C7372635C6664625F6B7664622E63CE
:104DE000000000002825733A2564292000000000F7
:104DF000546865206F6C646573742061646472200C
:104E0000697320403078253038580A00B98B000883
:104E1000F097000828257329206861732061737357
:104E2000657274206661696C656420617420257305
:104E30002E0A00004B5644422073697A652069733C
:104E40002025752062797465732E0A002DE9F041E2
:104E5000074614460E460846FBF7C8F98046024648
:104E600004F150033146384600F096FA30B121463D
:104E7000384601F077FB0120BDE8F081224631463B
:104E8000384600F025F8050005D042463146384640
:104E9000236D02F0BDFD2846EEE770B504460D46D1
:104EA00016460846FBF7A2F90246A07890420AD1BE
:104EB000607840B12078022805D1294604F110001D
:104EC000FBF7B6F908B1002070BD0120307070BD4D
:104ED0001CB5144600228DF80420054A00920A46AB
:104EE00001AB214600F03CFC9DF804001CBD000015
:104EF0009B4E00082DE9F0478146C0680C460E46DF
:104F0000B1FBF0F1414388B01546484600F0C8FABD
:104F10004FF0FF3780B34069A04233D02CE020230C
:104F20006A4621464846FCF7DCFF58BB00206B462A
:104F3000DFF854A01CE000BF191813F800C091F866
:104F400001800CEB082C91F80280C9784FEA0848E0
:104F500008EB01616144514507D1121FB24204D3ED
:104F60002044001F08B0BDE8F087401C1C2802D276
:104F70002218AA42E0D31C34AC4203D204F1200030
:104F8000A842CCD33846EDE74B56303010B50E4A28
:104F90005168884205D20D4A0DA113A0FCF706FF07
:104FA000FEE7926801EB8212403A824205D2074A3C
:104FB00015A10DA0FCF7FAFEFEE7401A1F4980116B
:104FC00051F8200010BD0000580000201F9100087B
:104FD00070617274203E3D20706172746974696FF3
:104FE0006E5F7461626C65002825732920686173A7
:104FF00020617373657274206661696C65642061F9
:10500000742025732E0A000070617274203C3D20CC
:1050100026706172746974696F6E5F7461626C6529
:105020005B706172746974696F6E5F7461626C65E4
:105030005F6C656E202D20315D0000003C26002055
:1050400030B585B0002200920192029203920124B1
:10505000049249B140B1B0F1006F05D3144B014443
:10506000994201D8430502D0012005B030BD72B687
:10507000104BDD68ED07FCD13425DD60491E091AAF
:10508000012303EBD1210092CDE90201FBF7ACFC37
:1050900004A96846FBF70AFC0546FBF75BFC05B96B
:1050A0000024BFF34F8FBFF36F8F62B62046DCE75B
:1050B000000008080020024010B50B46B0F1006F58
:1050C0000CD3074C8118A14208D83AB172B60146F8
:1050D0001846FBF75BF862B6002010BD012010BD3A
:1050E000000008082DE9F041B0F1006F14D3194C0D
:1050F0008318A34210D87AB140EA0203DB070BD130
:1051000051B172B604460E465708FBF76DFC1249C2
:105110003420C860002511E00120BDE8F08100BF07
:1051200036F81520002321460120FBF71DFC18B19D
:10513000FBF710FC62B6EFE7A41C6D1CBD42EFD379
:10514000FBF708FCBFF34F8FBFF36F8F62B60020F1
:10515000E3E700000000080800200240F0B58BB033
:105160000646002017460190029003900490F268D2
:105170000D46B1FBF2F002FB105080B120A0FCF70D
:1051800015FE3046FCF798FE024621A03168FCF778
:105190000DFE224A22A129A0FCF708FEFEE73046B8
:1051A000FCF791FE040028D1FF22102101A8FAF794
:1051B000FFFF0122042101A8FDF740F9012204218B
:1051C0000DF10500FDF73AF92448CDE90207601E0C
:1051D000049001200090102301AA29463046FCF7D4
:1051E0008EFE0E49044618220F3105A8FAF7CEFFAD
:1051F00005A93046069502F09BFC0BB02046F0BD99
:105200005B466C61736844425D5B6B765D000000D9
:105210005B25735D5B25735D20000000818B0008BA
:105220006164647220252064625F7365635F7369E3
:105230007A6528646229203D3D20300028257329A5
:105240002068617320617373657274206661696C94
:1052500065642061742025732E0A000046444230A4
:1052600013B54FF0FF33012269460248FCF736FBC5
:1052700000981CBD3C010020037823B10B685B1C27
:105280000B6040681060002070470169AFF3008038
:1052900070B58EB0002504460E461C480A9509A933
:1052A000CDE9001009950AAB0122029503A9204619
:1052B00001F0F4FC16A0FCF779FD2046FCF7FCFD9C
:1052C000024617A02168FCF771FD40F28C4217A13D
:1052D00020A0FCF76BFD012221A00A99FCF766FDD6
:1052E0000A9801280DD8CDE90B4609980D90294858
:1052F0000BABCDE90050002203A92046029501F036
:10530000CDFC84F830500EB070BD0000795200081A
:105310005B466C61736844425D5B6B765D000000C8
:105320005B25735D5B25735D200000002E2E5C2ED7
:105330002E5C6170705C4253505C466C61736844D3
:10534000425C7372635C6664625F6B7664622E6358
:10535000000000002825733A256429200000000081
:105360005468652072656D61696E20656D70747931
:1053700020736563746F722069732025752C204734
:1053800043207468726573686F6C642069732025AC
:10539000642E0A00013E00082DE9F047064690B051
:1053A0009846924689460020FFF746FB070C0024EA
:1053B00006EBC405D5F8AC00401C15D0B5F8A80024
:1053C000B84211D140216846FAF7F9FED5F8AC1081
:1053D00040236A4630461831FCF783FD5246694641
:1053E0004846FAF725FF30B1641C402CE0D300207A
:1053F00010B0BDE8F08706EBC400D0F8AC10C8F8D8
:105400000010B5F8AA004FF6BF71884202D34FF6DC
:10541000FF7000E04030A5F8AA000120E8E72DE980
:10542000F0410646487814460D464FF0FF370128F4
:105430001ED0216D481C686808D0F26802448A4278
:1054400016D3607828B1A068014403E01030BDE8AD
:10545000F081491C3046103AFFF74CFD411C07D043
:105460006968F2681144814202D3A1680029EED133
:105470003846ECE730B5CB68C4685D1C0AD063439E
:10548000D4180269944207D848681844904200D35F
:10549000002030BD2346F3E74FF0FF3030BD000061
:1054A0005FF0000202EB420300EBC303D3F8AC321F
:1054B0008B4206D102EB420100EBC10000F52A70DD
:1054C0007047521C082AEDD300207047F8B55E4D96
:1054D000040013D002F0AAF900287CD1606AA8B1B8
:1054E00020690025002819D0A08A002816D0A069BC
:1054F000002813D0207F002810D067E053A355A2C6
:10550000A2215CA0009501F0BBFFFEE761A351A2C0
:10551000AA2158A0009501F0B3FFFEE7204600F055
:10552000CFFF00286BD1204602F08EF8F8B1A560BD
:10553000206D2061B4F84800012816D00120A08217
:10554000606DA06194F858002077012004EBC00240
:10555000516D31B1A3698B4203D9A16192F8581002
:105560002177401C0428F1D328E00220E7E74D4AC8
:10557000267B002000EB400302EBC3010F79B7420A
:1055800019D14F7994F80DC0674514D18F7994F8EB
:105590000EC067450FD100EB400052F83000A0600C
:1055A00002EBC300806820618889A0820869A0613D
:1055B000087D207702E0401C0B28DBD32069D0B1A6
:1055C000A08AC0B1A069B0B1207FA0B1354A002047
:1055D000783A217B00E012E002EBC0031B798B429A
:1055E0000ED152F8301099B1A2686AB12EA0236989
:1055F00001F06AFF0CE037A001F066FF0120F8BD62
:10560000401C0F28E6D303E040A0226901F05CFFB4
:10561000204601F0D9FA0028F1D1217D490706D5AD
:1056200000220121204602F035F90028E7D1216946
:10563000B1F1807F05D92046BDE8F840012101F095
:1056400071BB84F83550F8BD34930008666C617303
:105650006800000028257329206861732061737336
:10566000657274206661696C6564206174202573BD
:105670002E0000002E2E5C2E2E5C6170705C42535A
:10568000505C736675645C7372635C736675642EDC
:1056900063000000666C6173682D3E7370692E773D
:1056A000720000002C92000846696E64206120257B
:1056B0007320257320666C61736820636869702E9F
:1056C0002053697A6520697320256C64206279749F
:1056D00065732E005761726E696E673A205468696F
:1056E0007320666C61736820646576696365206900
:1056F00073206E6F7420666F756E64206F72206EFB
:105700006F7420737570706F72742E0046696E64CA
:10571000206120257320666C61736820636869705E
:105720002E2053697A6520697320256C6420627984
:105730007465732E0000000010B5002001F04CFECF
:105740000649086030B1091D82690A620069C861B2
:10575000002010BD4FF0FF3010BD00001C000020E5
:105760002DE9F04387B00C460E9F4169984691465B
:1057700006460025F068002305446A46304600F0DE
:10578000E5FFD8B9D7B19DF80100022801D0032860
:1057900014D10198103020652146304600F0E2FE19
:1057A000424649462046B84700280FD1224669465E
:1057B0003046FFF734FE2065401CEDD12A4669468D
:1057C0003046FFF757FE0146401CD3D107B0BDE875
:1057D000F0830000FBF72CFAFCF7FBF9FCF7D0F89C
:1057E000FCF70EF9FCF72EF9FDF7F4FC6A2203A191
:1057F00007A0FCF7DBFAFDF7E1FEFEE72E2E2F43B4
:105800006F72652F5372632F6D61696E2E63000096
:105810005B205735353030205D5B25733A25645D5C
:1058200020426F6F746C6F6164657220496E697499
:105830002046696E6973680D0A0A000038B5144B7A
:1058400030B172B190F83500002813D0042312E073
:10585000009310A311A240F26F3118A001F010FEC6
:10586000FEE700931DA30DA24FF45C7113A001F09D
:1058700007FEFEE7032300201C1AE400083C21FA7F
:1058800004F41454401CC0B29842F5D338BD000053
:10589000EA930008666C617368000000282573298C
:1058A0002068617320617373657274206661696C2E
:1058B00065642061742025732E0000002E2E5C2E5E
:1058C0002E5C6170705C4253505C736675645C73EF
:1058D00072635C736675642E6300000061727261AE
:1058E000790000002DE9F04F80460878B5B00C46ED
:1058F0004FF0000A022805D100230A461946404607
:10590000FEF7C0F916A94046A268FDF79DFB0546C3
:10591000401C19D098F8311004F110000290B9B170
:105920002078032814D1442105A8FAF748FCA2786E
:1059300005A80299FAF74EFC1EAA05A94046FFF7F2
:10594000C7FA00286DD103E0072035B0BDE8F08F1D
:10595000A2680023164616A9404602F0AEF80021C0
:105960004FF0010BCDE900B106231CAA29464046A1
:10597000FCF77AFD371F00261BE000BF06F1200070
:10598000B84201D2202000E0B81B8146216D301DB5
:1059900001444B4606AA4046FCF7A3FAA9194B4618
:1059A00006AA4046091DCDF800B0FCF7A8FA8246C9
:1059B0004E44BE42E2D30221CDE9001B06231CAABD
:1059C00029464046FCF750FDD8F80C00E268B5FBCC
:1059D000F0F14143A078024405F11800024440462A
:1059E00002F0D6F8A2782B464046029902F010F851
:1059F00010A0FCF7DBF94046FCF75EFA024611A066
:105A0000D8F80010FCF7D2F940F2254210A11AA0F4
:105A1000FCF7CCF90095A178236D1AA0029AFCF747
:105A2000C5F90123224600214046FEF72BF95046D6
:105A30008BE700005B466C61736844425D5B6B768C
:105A40005D0000005B25735D5B25735D2000000039
:105A50002E2E5C2E2E5C6170705C4253505C466C46
:105A600061736844425C7372635C6664625F6B7608
:105A700064622E63000000002825733A2564292003
:105A8000000000004D6F76656420746865204B56F9
:105A90002028252E2A73292066726F6D20307825E4
:105AA00030385820746F203078253038582E0A004E
:105AB0002DE9F047904689460446002540F23646D7
:105AC000424649462046FDF7BFFA0746401C30D102
:105AD00094F83000D0B1D5B917A0FCF767F920468B
:105AE000FCF7EAF9024618A02168FCF75FF9324694
:105AF00018A122A0FCF75AF941462348FCF756F9B1
:105B000041462046FFF7C4FB0125D9E78DB10AA025
:105B1000FCF74CF92046FCF7CFF902460AA02168B1
:105B2000FCF744F9414619A0FCF740F9002084F83D
:105B300030003846BDE8F0875B466C6173684442CC
:105B40005D5B6B765D0000005B25735D5B25735DBF
:105B5000200000002E2E5C2E2E5C6170705C425383
:105B6000505C466C61736844425C7372635C66644B
:105B7000625F6B7664622E63000000002825733A32
:105B800025642920000000005C9700084572726FB0
:105B9000723A20416C6C6F6320616E204B56202856
:105BA00073697A6520256429206661696C656420C3
:105BB00061667465722047432E204B562066756CD3
:105BC0006C2E0A002DE9F04F06004F48C3B01C466A
:105BD000154689464FF0000806F120070DD0012C2C
:105BE00014D0B4F5807F11D0009048A351A240F2A8
:105BF000FB1158A001F044FCFEE700905DA34DA20C
:105C000040F2F91153A001F03BFCFEE796F8341086
:105C100059B1316909EB050088420FD957A001F04D
:105C200053FC052043B0BDE8F08F00905DA341A276
:105C300040F2FD1147A001F023FCFEE7B9680DF129
:105C4000040B002954D03846884751E001213046E2
:105C500001F04CF95FEA00084CD102208DF80400F5
:105C60000BF1010249463046FFF7E8FD96F8350092
:105C700008B1052000E00420B9FBF4F1804604FBE4
:105C8000119068B1B9FBF4F104FB1190201AA842FD
:105C90000AD2B9FBF4F104FB1190A4EB000A04E072
:105CA000A54201D9A24600E0AA46A5EB0A05D144C7
:105CB0000BEB080052464C99FAF768FA0020009066
:105CC0000346D7F804C008EB0A0201A93846E047AA
:105CD0005FEA000803D037A001F0F6FB0AE0304687
:105CE00002F076FE5FEA000804D14C9850444C90D4
:105CF000002DABD10021304601F0F8F8F96809B168
:105D00003846884740468DE7759300087772697476
:105D1000655F6772616E203D3D2031207C7C20777D
:105D2000726974655F6772616E203D3D2032353661
:105D300000000000282573292068617320617373B7
:105D4000657274206661696C6564206174202573D6
:105D50002E0000002E2E5C2E2E5C6170705C425373
:105D6000505C736675645C7372635C736675642EF5
:105D700063000000666C6173680000004572726F1A
:105D8000723A20466C617368206164647265737353
:105D9000206973206F7574206F6620626F756E6462
:105DA0002E000000666C6173682D3E696E69745F39
:105DB0006F6B00004572726F723A20466C617368B7
:105DC0002077726974652053504920636F6D6D753B
:105DD0006E6963617465206572726F722E000000D7
:105DE00010B50B4601460E481446006858B190F8AD
:105DF000342072B10A4A121D92691144224601F000
:105E000081FB204610BD074A07A10AA0FBF7CEFF81
:105E1000FEE7044A0FA107A0FBF7C8FFFEE700005A
:105E20001C0000201D900008736675645F64657631
:105E300000000000282573292068617320617373B6
:105E4000657274206661696C6564206174202573D5
:105E50002E0A0000736675645F6465762D3E696E78
:105E600069745F6F6B00000070B50C4686B0082146
:105E7000002204920592254A58B1002C11D0082323
:105E800004AA00F05FFD002813D021A001F01CFB44
:105E90002EE000922CA32EA2962135A001F0F0FA5C
:105EA000FEE700923BA32AA2972131A001F0E8FA75
:105EB000FEE79DF8103023709DF8112062709DF868
:105EC0001210A1709DF81300E0709DF81660BDF8E7
:105ED0001450012966F31F45656003D9314801F06C
:105EE000F3FA05E0092806D201462F4801F0ECFA42
:105EF000002006B070BD00910395CDE901202B4A2A
:105F0000AD211BA001F0BCFA0120F2E73394000898
:105F10004572726F723A2043616E27742072656118
:105F200064204A4544454320626173696320666C7E
:105F300061736820706172616D6574657220686557
:105F4000616465722E000000666C61736800000079
:105F5000282573292068617320617373657274202A
:105F60006661696C65642061742025732E000000F1
:105F70002E2E5C2E2E5C6170705C4253505C7366FA
:105F800075645C7372635C736675645F736664707A
:105F90002E63000062617369635F686561646572A6
:105FA00000000000209D0008A89E00084C9C0008EE
:105FB0002DE9F0418EB00E46054600F144044F68CD
:105FC000242104A8FAF7FBF88D485DB1002E11D00A
:105FD000242304AA3946284600F0B4FC002811D036
:105FE00088A0B7E0009095A396A2C2219DA001F0E1
:105FF00047FAFEE70090A4A392A2C32199A001F062
:106000003FFAFEE7A4A2CB2196A001F039FAACA298
:10601000CC2194A001F034FA002504AE06EB8500F3
:1060200016F8252041788378C078CDE90003CDE9C2
:106030000212B0466B1CA9A2CE218AA001F020FA60
:106040006D1CEDB2092DE9D39DF81130E3719DF877
:106050001000002600F003000125012803D00328CA
:1060600008D0A7A076E0A571B34AD7217DA001F0A2
:1060700007FA05E0A671B1A2DB217AA001F000FACF
:106080009DF81000C0F38000002831D038B14FF4E3
:106090008070A080B6A2EA2172A001F0F1F99DF80B
:1060A0001000C0F3C000002826D0A0B12672BB4A61
:1060B000FA216CA001F0E4F99DF81000C0F3001083
:1060C00000281DD038B10620B54A60724FF48271A5
:1060D00064A001F0D5F99DF81200C0F34100A0B111
:1060E000012818D00228A6723AD0E672ADA031E09D
:1060F000A580B5A2E621CFE72572BBA2F521E7E78F
:1061000050206072C44AFF21E2E7A572E672C3A282
:1061100040F20F1104E0A572E572C6A24FF48A7135
:1061200050A001F0ADF99DF816209DF814009DF8DF
:1061300017109DF81530120440EA016042EA03226C
:106140001043C90911D0B9B120F0004023280FD95C
:10615000BF48E66001F0B8F900200EB0BDE8F0815C
:10616000E572BCA240F21911DAE705EBD00002E0BB
:10617000C01E05FA00F0E060BCA240F2311139A067
:10618000E36801F07DF900264FEA060708EB4601B7
:10619000087F80B105FA00F004EBC702830A1061A2
:1061A000497F11750091B7A240F237112DA001F07F
:1061B00067F97F1CFFB2761CF6B2042EE6D30020EE
:1061C00004EBC0021169A1B1411C0FE004EBC10353
:1061D0001F6957B11669BE4207D992F814C01761FA
:1061E0001F7D17751E6183F814C0491CC9B20429AC
:1061F000ECD3401CC0B20428E2D325700120ACE7E8
:10620000459400084572726F723A2043616E27749C
:106210002072656164204A45444543206261736988
:106220006320666C61736820706172616D6574656E
:1062300072207461626C652E00000000666C6173F0
:10624000680000002825732920686173206173733A
:10625000657274206661696C6564206174202573C1
:106260002E0000002E2E5C2E2E5C6170705C42535E
:10627000505C736675645C7372635C736675645FAF
:10628000736664702E63000062617369635F6865A2
:1062900061646572000000004A4544454320626124
:1062A00073696320666C61736820706172616D65EB
:1062B000746572207461626C6520696E666F3A0065
:1062C0004D53422D4C534220203320202020322099
:1062D0002020203120202020300000005B25303499
:1062E000645D20307825303258203078253032589F
:1062F0002030782530325820307825303258000050
:106300004572726F723A20556E69666F726D2034F5
:10631000204B4220657261736520737570706F72D7
:1063200074656420696E666F726D6174696F6E204A
:106330006572726F722E0000089C0008556E6966C7
:106340006F726D2034204B42206572617365206945
:106350007320756E617661696C61626C6520666F31
:10636000722074686973206465766963652E000025
:106370005772697465206772616E756C61726974B9
:1063800079206973203634206279746573206F72C6
:10639000206C61726765722E00000000749D000819
:1063A000309E00084572726F723A20526561642017
:1063B00061646472657373206279746573206572B9
:1063C000726F722100000000577269746520677255
:1063D000616E756C61726974792069732031206215
:1063E0007974652E00000000546172676574206640
:1063F0006C6173682073746174757320726567696A
:1064000073746572206973206E6F6E2D766F6C6188
:1064100074696C652E000000B89D0008332D427928
:106420007465206F6E6C7920616464726573736942
:106430006E672E00332D206F7220342D42797465E3
:106440002061646472657373696E672E00000000DA
:10645000D89C0008342D42797465206F6E6C7920C9
:1064600061646472657373696E672E004361706165
:106470006369747920697320256C6420427974659E
:10648000732E0000466C61736820646576696365ED
:1064900020737570706F72747320256C644B42208A
:1064A000626C6F636B2065726173652E20436F6D44
:1064B0006D616E64206973203078253032582E006B
:1064C0007FB5040004F1200011D09F218DF80C103D
:1064D00003210091456802AB012203A9A8470500EA
:1064E00011D012A000F0F0FF04B0284670BD1B4B85
:1064F000194803F1080200904FF4397102F12000AD
:1065000000F0BEFFFEE79DF8083023739DF80900F8
:1065100060739DF80A10A173CDE900010F48104A7D
:106520004FF43B71283000F0ABFFDDE74572726F2E
:10653000723A205265616420666C617368206465FC
:1065400076696365204A4544454320494420657285
:10655000726F722E0000000097930008947100087B
:10656000109A00082DE9F04F91B00C4600258046A6
:10657000AB46096D182302AAFBF7B3FC062102A85B
:10658000FBF7E4FCC1B221700498A060421CA9464C
:1065900005D0D8F81020904201D8182824D218200D
:1065A000A06005291AD00525257048A0FBF7FEFB41
:1065B0004046FBF781FC024648A0D8F80010FBF7E4
:1065C000F5FB49A0216DFBF7F1FB0120CDE900505F
:1065D000062302AA4046216DFBF746FF84F801908E
:1065E000022011B0BDE8F08F042206A92846FEF76C
:1065F00023FA042207A9FEF71FFAA668002507461A
:10660000183E17E005F12000B04201D2202000E042
:10661000701B8246216D05F118000144534608AAFB
:106620004046FBF75EFC524608A93846FEF704FADE
:1066300007465544B542E5D3059804F11006B84223
:1066400022D09DF81850402D00D9402584F80190A3
:10665000216D4FF0020B2B46324640461831FBF7B6
:1066600040FC1AA0FBF7A2FB4046FBF725FC0246C4
:106670001AA0D8F80010FBF799FB3246294625A04E
:10668000236DFBF793FB1EE001206070256D9DF8E4
:1066900018301835324629464046FBF722FC9DF853
:1066A0001800284460650798E0609DF81800A07005
:1066B0009DF81800402802D33F208DF818009DF85F
:1066C000181001F8069058468BE700005B466C6195
:1066D000736844425D5B6B765D0000005B25735D13
:1066E0005B25735D200000004572726F723A205482
:1066F0006865204B562040307825303858206C652E
:106700006E6774682068617320616E206572726FB5
:10671000722E0A004572726F723A205265616420CF
:10672000746865204B562028252E2A734030782522
:106730003038582920435243333220636865636BF5
:10674000206661696C6564210A0000002DE9F04350
:106750009BB0002788461697179718971997C16816
:106760001446B8FBF1F2064601FB128099463D46FD
:1067700080B15AA0FBF71AFB3046FBF79DFB02469F
:106780005AA03168FBF712FB5B4A5CA162A0FBF7E1
:106790000DFBFEE784B141463046FEF781FE010065
:1067A0001BD0B9F1000F02D04869401C15D0182247
:1067B0002046F9F7EBFC8CE048A0FBF7F7FA3046EF
:1067C000FBF77AFB024649A03168FBF7EFFA4A4A29
:1067D00059A151A0FBF7EAFAFEE7102316AA414699
:1067E0003046FBF77EFB6570A570C4F804801798EF
:1067F00053494FF0FF38A060884204D11898401CDC
:1068000008D0189830B125700820C4F80C801BB04F
:10681000BDE8F083012020701898E060042116A8DC
:10682000FBF794FB607004210DF15900FBF78EFB20
:10683000A070B9F1000F47D0256160681030606129
:106840006078012802D0022803D038E0F0681038C0
:1068500034E0F068103820616068103014906946A8
:106860003046FFF77FFE9DF8010040B99DF800001B
:10687000012804D0052802D0022725610FE06069B5
:1068800002996A460844606120690299401A2061B1
:1068900021463046FEF7C3FD1490401CDFD16068EE
:1068A000F168421830466169FBF7D6FA61698142A6
:1068B00005D060616268F168801A081A206121467B
:1068C000304601F035F904E030466168FEF7E8FD36
:1068D00008B138469BE7C4E90458F0E75B466C61B1
:1068E000736844425D5B6B765D0000005B25735D01
:1068F0005B25735D20000000708B0008616464728A
:1069000020252064625F7365635F73697A6528641C
:106910006229203D3D2030002825732920686173BD
:1069200020617373657274206661696C65642061AF
:10693000742025732E0A0000736563746F72000063
:10694000464442303EB520A5D5E90045CDE9014594
:106950000C0C8DF805400C0A8DF806401C4C8DF887
:10696000071058B1B1F1807F11D31AA31DA240F2D4
:106970005B1124A0009400F083FDFEE72AA319A276
:106980004FF4AD711FA0009400F07AFDFEE742B114
:10699000456A7DB100931346052201A92030A8471E
:1069A0003EBD23A30FA24FF4AE7116A0009400F0D9
:1069B00067FDFEE721A30BA240F25D1111A0009438
:1069C00000F05EFDFEE700005A000000FF0000003E
:1069D0005694000861646472203C2031203C3C20C5
:1069E0003234000028257329206861732061737395
:1069F000657274206661696C65642061742025731A
:106A00002E0000002E2E5C2E2E5C6170705C4253B6
:106A1000505C736675645C7372635C736675645F07
:106A2000736664702E630000666C6173680000001A
:106A3000726561645F62756600000000666C617378
:106A4000682D3E7370692E77720000001FB500211B
:106A500000F144040291039138B12170082302AA85
:106A6000FFF770FF50B11DA019E02448009024A347
:106A700025A26D212CA000F003FDFEE79DF8080083
:106A800053280BD19DF80900462807D19DF80A002C
:106A9000442803D19DF80B00502803D02B4800F068
:106AA00013FD0BE09DF80C00A0709DF80D106170B7
:106AB000012906D9A27826A000F006FD002004B026
:106AC00010BD9DF80E20A078CDE900020B462EA245
:106AD000832115A000F0D4FC0120F0E74572726F0D
:106AE000723A2043616E27742072656164205346B8
:106AF0004450206865616465722E0000229400088D
:106B0000666C617368000000282573292068617332
:106B100020617373657274206661696C65642061BD
:106B2000742025732E0000002E2E5C2E2E5C6170CA
:106B3000705C4253505C736675645C7372635C7323
:106B40006675645F736664702E630000609B000866
:106B50004572726F723A2054686973207265766567
:106B60007273696F6E285625642E2564292053465A
:106B70004450206973206E6F7420737570706F724B
:106B80007465642E00000000436865636B20534603
:106B9000445020686561646572206973204F4B2EF4
:106BA0002054686520726576657273696F6E20691E
:106BB00073205625642E25642C204E504E20697378
:106BC0002025642E000000007CB5040004F12000A4
:106BD0000FD066218DF8041099218DF80510002141
:106BE00000910B464568022201A9A84705000CD078
:106BF00010E0104B0E4803F1080200904FF433717F
:106C000002F1200000F03CFCFEE7204601F0E0FE2F
:106C1000050004D008A000F057FC28467CBD0548BC
:106C20000EA240F2D721283000F02AFCF5E7000040
:106C3000AC910008947100084572726F723A204658
:106C40006C6173682064657669636520726573653D
:106C500074206661696C65642E000000466C617387
:106C60006820646576696365207265736574207356
:106C70007563636573732E00064807490068B0FBAF
:106C8000F1F0642148430521B0FBF1F0401EFDD234
:106C9000704700000C000020809698002DE9F05FFE
:106CA000D0F81490DDE90B789B4615468A460646D7
:106CB0000024F06800230444524649463046FFF75A
:106CC00045FD1DB19AF80100A8420FD1B8F1000F9F
:106CD00005D00123524649463046FFF737FD2FB114
:106CE000594650460A9AB847002808D122465146CC
:106CF0003046FEF7BFFB8146B0F1FF3FD9D1BDE87A
:106D0000F09F037863B14078012802D0022804D0B4
:106D100006E00868401C086002E01068401C106033
:106D2000002070477CB50C46050007D0012100F01B
:106D3000DDF800282FD15CB1B7200AE0164800909A
:106D400016A318A240F22A311EA000F099FBFEE71C
:106D5000E9208DF804000020009003466E6A0122AD
:106D600001A905F12000B047060002D074B11DA1B1
:106D70000DE085F835400CB11AA300E01BA31DA25D
:106D80004FF44F710FA000F07BFB03E017A122A08E
:106D900000F09AFB30467CBDB7930008666C6173C7
:106DA00068000000282573292068617320617373CF
:106DB000657274206661696C656420617420257356
:106DC0002E0000002E2E5C2E2E5C6170705C4253F3
:106DD000505C736675645C7372635C736675642E75
:106DE00063000000456E74657200000045786974A8
:106DF00000000000257320342D4279746520616401
:106E00006472657373696E67206D6F646520737556
:106E100063636573732E00004572726F723A2025AA
:106E20007320342D427974652061646472657373D4
:106E3000696E67206D6F6465206661696C65642E9C
:106E4000000000002DE9F84F1E465FEA02090546E2
:106E50008A461FD005F18C0844460846F9F7C6F962
:106E60008219214628461832FEF722FE401C18D00F
:106E700005F13402934651462846FDF7E7FF070027
:106E800012D000235A4651462846FCF7FBFE040068
:106E90000AD01AE0012300222846FCF7F3FE04463C
:106EA00021E00720BDE8F88F4B4652464146284670
:106EB0000096FCF79DFD04463FB134B901235A46C4
:106EC00051462846FCF7DEFE044695F8300050B1E6
:106ED0005046F9F78BF95046F9F788F98119284699
:106EE0001831FEF7D5F92046DCE70000FEB50D4667
:106EF000040002D05DB106200AE01448009014A3FB
:106F000015A240F201311CA000F0BAFAFEE70420FD
:106F10008DF80400002000900346666A012201A952
:106F200004F12000B04700280FD102A9204600F04C
:106F3000D5FB002809D1002D07D09DF8081089073E
:106F400003D415A000F0C0FA0220FEBDA5930008EE
:106F5000666C6173680000002825732920686173DE
:106F600020617373657274206661696C6564206169
:106F7000742025732E0000002E2E5C2E2E5C617076
:106F8000705C4253505C736675645C7372635C73CF
:106F90006675642E630000004572726F723A20437A
:106FA000616E277420656E61626C6520777269740A
:106FB00065207374617475732E0000007CB5050044
:106FC0002A4805F120040DD095F8341099B1A16834
:106FD00009B12046884701212846FFF787FF0600B0
:106FE00039D111E0009022A323A24FF4AD712AA061
:106FF00000F046FAFEE700902FA31FA24FF4AE71F7
:1070000025A000F03DFAFEE7C7208DF80400287D9A
:1070100001074FF000000DD594218DF80510802157
:107020008DF806109A218DF8071000900023042295
:10703000666803E0009000236668012201A92046EB
:10704000B047060003D020A000F03EFA03E0284637
:1070500001F0BEFC064600212846FFF747FFE16825
:1070600009B12046884730467CBD00005A9300088D
:10707000666C6173680000002825732920686173BD
:1070800020617373657274206661696C6564206148
:10709000742025732E0000002E2E5C2E2E5C617055
:1070A000705C4253505C736675645C7372635C73AE
:1070B0006675642E63000000666C6173682D3E691E
:1070C0006E69745F6F6B00004572726F723A204692
:1070D0006C617368206368697020657261736520F4
:1070E00053504920636F6D6D756E696361746520DF
:1070F0006572726F722E000038B50446FEF7E6F92D
:10710000050009D0002084F834000CA0D4F8001049
:1071100000F0DAF9284638BD2CB1012084F834009B
:1071200011A02168F4E71A4800901AA31BA240F2AC
:107130001B1122A000F0A4F9FEE700004572726F57
:10714000723A20257320666C6173682064657669E5
:10715000636520697320696E697469616C697A6519
:10716000206661696C2E0000257320666C6173686F
:107170002064657669636520697320696E69746946
:10718000616C697A6520737563636573732E0000A3
:1071900042930008666C617368000000282573291B
:1071A0002068617320617373657274206661696C15
:1071B00065642061742025732E0000002E2E5C2E45
:1071C0002E5C6170705C4253505C736675645C73D6
:1071D00072635C736675642E630000002DE9FE4FD8
:1071E00004005148154688464FF0000604F1200778
:1071F0000ED094F83410002913D0206908EB050153
:10720000814217D949A000F05FF90520BDE8FE8F43
:10721000009050A351A24FF4CB7158A000F030F968
:10722000FEE700905DA34DA24FF4CC7153A000F097
:1072300027F9FEE7B8F1000F05D1A84203D1204697
:10724000FFF7BCFEE2E7B968002960D038468847FE
:107250005DE000BF94F8440050B12A464146204604
:1072600000F088FA04EBC00090F858A0406D02E0EE
:1072700094F81CA0A069012181462046FFF736FE44
:10728000060046D18DF804A00DF1050241462046C6
:10729000FEF7D4FA94F8350008B1052200E0042284
:1072A0000020009003467E6801A93846B0470600DA
:1072B00003D03EA000F008F92BE0204601F088FB47
:1072C000060026D14946B8FBF1F209FB1280B8B19D
:1072D000B8FBF1F209FB1281A9EB0100A84218D218
:1072E000B8FBF9F209FB1281B8FBF9F2A9EB010036
:1072F00009FB12812D1AA9EB010101EB080005E041
:107300004D4506D9A5EB090508EB09008046002D7F
:10731000A0D100212046FFF7E9FDF96809B1384600
:107320008847304672E700006A9300084572726F22
:10733000723A20466C61736820616464726573738D
:10734000206973206F7574206F6620626F756E649C
:107350002E000000666C6173680000002825732908
:107360002068617320617373657274206661696C53
:1073700065642061742025732E0000002E2E5C2E83
:107380002E5C6170705C4253505C736675645C7314
:1073900072635C736675642E63000000666C6173D3
:1073A000682D3E696E69745F6F6B00004572726F85
:1073B000723A20466C617368206572617365205370
:1073C000504920636F6D6D756E69636174652065EA
:1073D00072726F722E00000008B1002070470148E1
:1073E000704700006400002010B5002409A30BA220
:1073F000682119A000F044F81F4A692116A000F086
:107400003FF81E4800214160FFF776FE00B10446B8
:10741000204610BD302E31302E3239005374617247
:107420007420696E697469616C697A65205365724C
:1074300069616C20466C61736820556E697665726F
:1074400073616C20447269766572285346554429ED
:10745000205625732E0000002E2E5C2E2E5C6170AF
:10746000705C4253505C736675645C7372635C73EA
:107470006675642E63000000CC990008640000204B
:107480000FB410B50A46014605AC08A0FAF78EFC09
:1074900023464FF480710948049AFAF797FC07498C
:1074A00007A0FAF783FC10BC5DF814FB5B5346554C
:1074B000445D2825733A256C642920004826002065
:1074C00025730D0A000000000FB410B503AC08A02E
:1074D000FAF76CFC23464FF480710748029AFAF7DA
:1074E00075FC054905A0FAF761FC10BC5DF814FBBA
:1074F0005B534655445D00004826002025730D0A65
:10750000000000002DE9FE4304002C489946174670
:10751000884604F1200511D0B9F1000F17D094F876
:10752000341000291CD0216908EB0700884220D9BB
:1075300023A0FFF7C9FF0520BDE8FE8300902AA322
:107540002BA240F22F1132A0FFF79AFFFEE7009026
:1075500037A327A24FF498712DA0FFF791FFFEE704
:10756000009035A322A24FF4997129A0FFF788FF5C
:10757000FEE7A96809B128468847204601F028FAA5
:10758000060015D103208DF804000DF105024146D7
:107590002046FEF753F994F8350008B1052200E0C3
:1075A000042200976C684B4601A92846A04706466E
:1075B000E96809B1284688473046BDE7509300087E
:1075C0004572726F723A20466C6173682061646420
:1075D00072657373206973206F7574206F66206203
:1075E0006F756E642E000000666C617368000000A9
:1075F0002825732920686173206173736572742074
:107600006661696C65642061742025732E0000003A
:107610002E2E5C2E2E5C6170705C4253505C736643
:1076200075645C7372635C736675642E630000003E
:107630006461746100000000666C6173682D3E69CE
:107640006E69745F6F6B00003EB504000CD0FFF7ED
:10765000FDF990B101A92046FEF706FC68B101A929
:107660002046FEF7A5FC3EBD0748009007A309A2EF
:10767000512110A0FFF704FFFEE717482168FFF72C
:1076800023FF00203EBD000013940008666C617368
:1076900068000000282573292068617320617373D6
:1076A000657274206661696C65642061742025735D
:1076B0002E0000002E2E5C2E2E5C6170705C4253FA
:1076C000505C736675645C7372635C736675645F4B
:1076D000736664702E630000AC9B00081CB5052225
:1076E0008DF804200E4A40B181B1012200920B4670
:1076F000446A01A92030A0471CBD009209A30BA237
:1077000040F24F3111A0FFF7BBFEFEE7009217A336
:1077100006A24FF454710DA0FFF7B2FEFEE7000081
:10772000CF930008666C61736800000028257329F8
:107730002068617320617373657274206661696C7F
:1077400065642061742025732E0000002E2E5C2EAF
:107750002E5C6170705C4253505C736675645C7340
:1077600072635C736675642E6300000073746174E9
:1077700075730000F8B5034690F84400002438B152
:10778000586DB1FBF0F500FB151058B10020F8BDA5
:107790000E4800900EA314A24FF4B7711AA0FFF781
:1077A0006FFEFEE75FF0030003EBC0056D6D35B1C2
:1077B000954204D8B1FBF5F605FB161515B110B1CD
:1077C000401EF1E704462046F8BD0000659400081D
:1077D000666C6173682D3E736664702E61766169B4
:1077E0006C61626C65000000282573292068617354
:1077F00020617373657274206661696C65642061D1
:10780000742025732E0000002E2E5C2E2E5C6170DD
:10781000705C4253505C736675645C7372635C7336
:107820006675645F736664702E63000042680021B1
:107830005AB9074A4262074A8262074AC262074A45
:107840000263074A8263074AC26308467047000022
:10785000957900088D79000891790008D8000020FA
:10786000796C0008C0270900F8B504460020A58AF5
:10787000EE0706D000934FF480732046FEF7A2F97E
:10788000F8BD6D07FCD501B02046BDE8F040FBF720
:10789000E1BA00002DE9FC41174600F1200460B177
:1078A0000026A1B150208DF80400009600236568E1
:1078B000012201A92046A8470CE01148009011A31D
:1078C00012A240F2873119A0FFF7DAFDFEE701218D
:1078D000FFF70CFB05000DD101208DF804008DF899
:1078E0000570009600236568022201A92046A8477A
:1078F000050002D015A0FFF7E7FD2846BDE8FC8192
:1079000001940008666C61736800000028257329E3
:107910002068617320617373657274206661696C9D
:1079200065642061742025732E0000002E2E5C2ECD
:107930002E5C6170705C4253505C736675645C735E
:1079400072635C736675642E630000004572726F2B
:10795000723A2057726974655F737461747573202D
:107960007265676973746572206661696C65642EFF
:107970000000000010B502464FF480510248F9F7AC
:1079800043F9002010BD0000000C014072B67047A2
:1079900062B670472DE9F84F04690A9E99461700B0
:1079A0008A464FF0000502D0BAF1000F13D016B18D
:1079B000B9F1000F0FD0A18800222068F9F724F94F
:1079C0004FF47A7857B1BAB2434651460F48F9F7A7
:1079D0005BFD90B902E00120BDE8F88F76B1FF228F
:1079E00031464846F8F7E4FB4A46B3B21146074829
:1079F000CDF80080F9F7FBFD00B10425A188012234
:107A00002068F9F701F92846E6E70000E4000020C5
:107A10002DE9F041064640241F4625460020FDF78B
:107A20000BF8010C4FF6FF7300207A1C06EBC00226
:107A300022D0B2F8A8C08C4505D106EBC000C0F832
:107A4000AC70BDE8F081D2F8ACC0BCF1FF3F0FD004
:107A5000B2F8AAC0BCF1000F03D0ACF1010CA2F83F
:107A6000AAC01FFA8CF29A4214D20546134611E0BE
:107A7000402C0FD104460DE0B2F8A8208A4209D16B
:107A800006EBC0004FF0FF31C0F8AC100021A0F8A9
:107A9000AA10D6E7401C4028C7D34022402C02D26F
:107AA00006EBC40003E0402DCBD206EBC500C0F8C6
:107AB000AC7020F8A81F4280C3E72DE9FE43804642
:107AC0004878002601271D460C46012802D00228CE
:107AD00010D02AE00220CDE90007042302AA404684
:107AE0006168FAF7C1FC064602224046616800F070
:107AF0005DF81AE02069582802D3801A582811D25C
:107B00000320CDE90007042302AA40466168FAF782
:107B1000ABFC064603224046616800F047F825B1F9
:107B20002F7002E00DB1002018703046BDE8FE83D2
:107B300030B408234C68002202EB420500EBC50577
:107B4000D5F8AC52A5420ED10B7813B102EB42022C
:107B500016E002EB420200EBC2004FF0FF31C0F82A
:107B6000AC1230BC70476D1C00D11346521C082A61
:107B7000E2D30A78002AF4D0082BF2D203EB4302B6
:107B800000EBC20030BC182200F52A70F8F7FEBAEC
:107B900070B514460546FDF783FC002805D0446106
:107BA0004168EA68611A511A016170BD10B5144646
:107BB000FDF776FC002800D0447010BD2DE9F0439D
:107BC000ADF5037D4CA0FCF751FC5FEA00091BD02A
:107BD0004FF4E0704B4ECDE9006047A346224AA126
:107BE0005148FAF7E3F84A2247A150A0FAF7DEF825
:107BF0004FF4E02739463046FDF722FA002808D036
:107C00004D2241A154A03DE03BA342223EA15BA0F6
:107C100019E052223CA166A0FAF7C8F800254FF4FB
:107C2000805803E0C5F5E024444500D94446234686
:107C30006A4A29464846FCF767FC002806DA2B46C4
:107C40005C2231A166A0FAF7B1F848E02246634908
:107C5000A819FDF747FA20B12B4663222AA16E48E6
:107C6000F1E705F58055BD42DCD34FF4807423461F
:107C700002AA00214846FCF747FC002805DA6F22DB
:107C800021A166A0FAF792F829E0224642A93046DF
:107C9000FDF712FA18B174221BA16CA0F2E722467C
:107CA00042A902A8F8F7B7FA00281DD0792216A138
:107CB00075A0FAF77BF8002302A842A9C25CCC5C4D
:107CC000A24209D0D0B2E1B2CDE900017E220EA1DC
:107CD0007D48FAF76BF802E05B1CFF2BEEDD01201C
:107CE0000DF5037DBDE8F083852207A177A0FAF7A3
:107CF0005DF80020F4E70000646F776E6C6F6164DC
:107D000000000000000001082E2E5C4253505C620F
:107D10006F6F746C6F616465725C626F6F746C6FAF
:107D2000616465722E630000849400085B20424FFA
:107D30004F544C4F41444552205D5B25733A2564B6
:107D40005D2065726173696E6720415050206172D9
:107D500065612E2E2E0A00005B20424F4F544C4F7F
:107D600041444552205D5B25733A25645D20657270
:107D7000617365206661696C65640A005B20424F2F
:107D80004F544C4F41444552205D5B25733A256466
:107D90005D2046414C20706172746974696F6E2079
:107DA00027257327206E6F7420666F756E640A0036
:107DB0005B20424F4F544C4F41444552205D5B2560
:107DC000733A25645D2077726974696E672066690D
:107DD000726D776172652E2E2E0A0000A8010020B8
:107DE0005B20424F4F544C4F41444552205D5B2530
:107DF000733A25645D2072656164205732355120E5
:107E00006661696C6564206174206F666673657471
:107E10003D256C750A000000F49500085B20424F78
:107E20004F544C4F41444552205D5B25733A2564C5
:107E30005D207665726966793A20726561642057C3
:107E4000323551206661696C65640A005B20424FDF
:107E50004F544C4F41444552205D5B25733A256495
:107E60005D207665726966793A2072656164206981
:107E70006E7465726E616C20666C617368206661F9
:107E8000696C65640A0000005B20424F4F544C4F00
:107E900041444552205D5B25733A25645D2076653B
:107EA000726966793A204D49534D41544348212027
:107EB0005732355120213D20696E7465726E616CB8
:107EC00020666C6173680A00D89400085B20424FFA
:107ED0004F544C4F41444552205D5B25733A256415
:107EE0005D207665726966793A20666972737420DE
:107EF000323536206279746573204F4B0A000000DA
:107F000070B50E460446154641F228111F48F8F791
:107F100056F91E491E4808601E4848601E48886081
:107F20001E48C8601E4808611E484861214617481F
:107F300000F00BFD08B11CA005E03146134800F02D
:107F4000FDFC18B11FA0F9F731FF1BE029460F48CF
:107F500000F0EEFC08B123A00FE00C4800F0F8F8A8
:107F600008B129A0EFE74EF6187084420CD3012126
:107F7000064800F04DFC38B129A0F9F717FF034877
:107F800000F060F8012070BD002070BDA811002035
:107F90006189000857890008658900085B89000825
:107FA0005F890008AD1D00087732357178783A2076
:107FB0007365742074797065206661696C65642EE0
:107FC0000A0000007732357178783A2073657420A2
:107FD000696E74657266616365206661696C65646B
:107FE0002E0A00007732357178783A207365742054
:107FF0006475616C207175616420737069206661BD
:10800000696C65642E0A00007732357178783A2001
:10801000696E6974206661696C65642E0A000000EF
:108020007732357178783A207365742061646472B0
:10803000657373206D6F6465206661696C65642E7D
:108040000A00000030B58DB0050005D0287E01285B
:1080500004D003200DB030BD0220FBE795F82000CE
:108060000024A0B10A9407940894099405940694F6
:10807000039404940094019400230422FF212846D1
:108080000294FAF7A7FE30B319A069692DE0E87FE2
:1080900088B10A940794089409940594069403946B
:1080A00004940094019400230122B92128460294EB
:1080B000FAF790FE09E0B9208DF82C000023012288
:1080C0000BA928460094FAF7ACFE40B1696910A0EC
:1080D00088470420BEE7E9680A208847D9E768682E
:1080E00080470028B6D0696910A088470120B1E711
:1080F0007732357178783A206578697420717370B9
:1081000069206D6F6465206661696C65642E0A0084
:108110007732357178783A20706F77657220646FA6
:10812000776E206661696C65642E0A00773235715E
:1081300078783A20737069206F72207173706920AB
:108140006465696E6974206661696C65642E0A00F5
:108150002DE9F04F8FB0040024D0616931B320685D
:1081600030B3626832B3A268002A25D02269002A9F
:1081700024D0E268002A23D094F820100227012698
:1081800000250DF1340B0DF12C094FF0180A4EF6B5
:108190001878002917D08047002875D06169D9A0C8
:1081A000884775E002200FB0BDE8F08F0320FAE7A2
:1081B000DBA006E0E2A004E0EAA002E0F3A000E019
:1081C000F9A08847F2E7804710B1FEA06169E7E7B0
:1081D000E07F002877D0CDE908960A96CDE9045AC9
:1081E0000795069503950095019500230122AB2183
:1081F00020460295FAF7EEFD00287DD10A950795F5
:1082000008950995059506950395049500950195A2
:1082100000230122662120460295FAF7DBFD10B10A
:10822000EFA0616913E00A950795089509950595F2
:108230000695039504950095019500230122992147
:1082400020460295FAF7C6FD30B16169ECA0884777
:10825000606880470720A6E7E1680A208847CDE9E3
:10826000075B0395049505950695CDE909760320EE
:108270000096CDE901050023012290212046FAF75E
:10828000A9FD00287ED105E086E088476068804728
:10829000012088E7BDF8340040BAADF82C00618BAE
:1082A000814270D141456FD30A950795089509958C
:1082B00005950695002303950495009501950122E7
:1082C000029566E2FFE7AB208DF83000FF208DF8C5
:1082D00031008DF832008DF833000BAB04220CA96D
:1082E00020460096FAF79DFD002867D166200023FE
:1082F0008DF83000012200E060E00CA920460095D6
:10830000FAF78FFD00288BD199208DF830000023DB
:1083100001220CA920460095FAF783FD002894D18C
:10832000E1680A20884790208DF830008DF83150A0
:108330008DF832508DF833500DAB04220CA9204635
:108340000097FAF76EFD30B16169B5A088476068A3
:108350008047042027E7BDF8340040BAADF82C0070
:10836000618B81429DD141459DD3E9208DF830003C
:10837000002301220CA920460095FAF752FD00289F
:1083800002D002E0E3E1EEE10BE26169AFA08847D1
:1083900060688047082006E7CDE908960A96CDE98F
:1083A000045A07950695039500950195002301222F
:1083B000AB2120460295FAF70DFD10B1ACA0616922
:1083C00063E70A9507950895099505950695039520
:1083D000049500950195002301226621204602950F
:1083E000FAF7F8FC00288ED10A95079508950995AB
:1083F00005950695039504950095019500230122A6
:10840000992120460295FAF7E5FC002887D1E1681A
:108410000A2088470EA8CDE9080605950795069518
:1084200000950395049501950023012235212046EE
:108430000A960295FAF7CEFC10B196A061696EE13A
:108440009DF83800800729D40A9507950895099565
:108450000595069503950495009501950023012245
:10846000502120460295FAF7B5FC10B191A0616940
:1084700055E10A9507950895099505950695039583
:108480000495009501950023012231212046029593
:10849000FAF7A0FC10B191A0616940E10A95079537
:1084A0000895099505950695039504950095019500
:1084B00000230122382120460295FAF78BFC10B1E7
:1084C0008EA061692BE1E1680A20884730208DF891
:1084D000300060770820A077CDE907654FF00409E8
:1084E000CDE909590CA803950495CDE905500095EF
:1084F000019500234A46C02120460295FAF76AFCFE
:108500000AE100007732357178783A20717370692A
:1085100020696E6974206661696C65642E0A0000CA
:108520007732357178783A207370695F717370694A
:108530005F696E6974206973206E756C6C2E0A0019
:108540007732357178783A207370695F717370692A
:108550005F6465696E6974206973206E756C6C2E3A
:108560000A0000007732357178783A207370695FBD
:10857000717370695F77726974655F726561642099
:108580006973206E756C6C2E0A00000077323571AD
:1085900078783A2064656C61795F7573206973201F
:1085A0006E756C6C2E0A00007732357178783A203F
:1085B00064656C61795F6D73206973206E756C6C96
:1085C0002E0A00007732357178783A20737069206E
:1085D000696E6974206661696C65642E0A0000002A
:1085E0007732357178783A20656E61626C652072F9
:1085F00065736574206661696C65642E0A0000000D
:108600007732357178783A207265736574206465C5
:1086100076696365206661696C65642E0A000000F6
:108620007732357178783A20676574206D616E75A0
:10863000666163747572657220646576696365202E
:108640006964206661696C65642E0A007732357151
:1086500078783A207365742061646472657373205E
:108660006D6F6465206661696C65642E0A000000A8
:108670007732357178783A2072656C656173652060
:10868000706F77657220646F776E206661696C65C4
:10869000642E0A007732357178783A207265616409
:1086A000207374617475732032206661696C65642F
:1086B0002E0A00007732357178783A20736574207D
:1086C000737220777269746520656E61626C6520D3
:1086D0006661696C65642E0A0000000077323571AE
:1086E00078783A2077726974652073746174757351
:1086F0002032206661696C65642E0A00773235711C
:1087000078783A20656E746572207173706920669E
:1087100061696C65642E0A0030B1616923A08847E5
:108720006068804705203EE5CDE9075B0395049529
:1087300005950695CDE90979484603218DE8230082
:108740000023042290212046FAF744FB18B1AFF22F
:108750003010616999E5BDF8340040BAADF82C00DD
:10876000618B814206D061691AA0884760688047A2
:10877000062018E5414514D30A95079508950995F3
:10878000059506950023039504950095019504220F
:108790000295E9212046FAF71DFB10B113A061698B
:1087A00073E5257726760020FDE4000077323571E9
:1087B00078783A2073657420726561642070617204
:1087C000616D6574657273206661696C65642E0AFB
:1087D000000000007732357178783A2069642069AA
:1087E0007320696E76616C69642E0A007732357188
:1087F00078783A20656E74657220332062797465EA
:10880000206D6F6465206661696C65642E0A0000E6
:1088100030B58DB00D46040005D0207E012804D06F
:1088200003200DB030BD0220FBE7608B4EF61871BF
:10883000884204D2616929A088470420F1E794F8AE
:1088400020300022E920B721ABB1C5B38DF82C1040
:108850000A92069207920892099205920192039257
:108860000492009202929DF82C10002304222046CC
:10887000FAF7B0FA21E0E37FABB18DB18DF82C109F
:108880000A92069207920892099205920192039227
:1088900004920092029200239DF82C100122E6E738
:1088A0008DF82C00ECE785B18DF82C100092002398
:1088B00001220BA92046FAF7B4FA60B100E007E004
:1088C000616912A088470120ABE78DF82C00EDE725
:1088D0008DF82C00BCE725770020A2E777323571B0
:1088E00078783A2063757272656E74207479706559
:1088F0002063616E27742075736520746869732026
:1089000066756E6374696F6E2E0A0000773235717A
:1089100078783A207365742061646472657373209B
:108920006D6F6465206661696C65642E0A000000E5
:1089300010B1C177002070470220704718B180F84D
:108940002010002070470220704710B141830020A2
:1089500070470220704700207047F7F795BF7047B7
:10896000002070472DE9F0410DF12808DDF820C006
:1089700098E8A400DDE90E60194341EA0C010D9C62
:10898000114301D1012802D00120BDE8F08100206F
:10899000FEF7F0FF4FF47A7837B12946BAB2434672
:1089A0000A48F8F771FD38B956B12146B2B24346CC
:1089B0000648F8F7BFFC18B10120FEF7DBFFE3E73C
:1089C0000120FEF7D7FF0020DFE70000E4000020D1
:1089D0007CB50600F56B09D11348009013A315A2CE
:1089E00040F25A311BA0FEF74BFDFEE701A93046CD
:1089F000FEF774FE04469DF8040000F001002043D9
:108A00000FD0B06B1DB100B180476D1EEEE79DF831
:108A10000400042400F00100204302D015A0FEF75A
:108A200053FD20467CBD0000E0930008666C617336
:108A30006800000028257329206861732061737322
:108A4000657274206661696C6564206174202573A9
:108A50002E0000002E2E5C2E2E5C6170705C425346
:108A6000505C736675645C7372635C736675642EC8
:108A7000630000004572726F723A20466C61736841
:108A80002077616974206275737920686173206151
:108A90006E206572726F722E0000000010B50B46DA
:108AA000014610481446006868B190F8342082B13D
:108AB0000C4A121D926911442246FEF7D5FE70B190
:108AC0004FF0FF3010BD084A08A10BA0F9F76EF96E
:108AD000FEE7054A10A108A0F9F768F9FEE720466D
:108AE00010BD00001C000020229000087366756411
:108AF0005F64657600000000282573292068617393
:108B000020617373657274206661696C65642061AD
:108B1000742025732E0A0000736675645F646576A1
:108B20002D3E696E69745F6F6B00000001020203E5
:108B30000405060708090A0B0C0D0E0F10100000A3
:108B400000000000000001020304060708090000FD
:108B50000000010203045F6664625F696E69745F0E
:108B60006578005F6664625F6465696E69740000C1
:108B7000726561645F736563746F725F696E666F5F
:108B800000666F726D61745F736563746F7200006D
:108B900000000000000000000000000000000000D5
:108BA00000000000FFFFFFFF6664625F6B76646297
:108BB0005F636F6E74726F6C006664625F6B766485
:108BC000625F696E697400000000000096300777EC
:108BD0002C610EEEBA51099919C46D078FF46A70B1
:108BE00035A563E9A395649E3288DB0EA4B8DC79D1
:108BF0001EE9D5E088D9D2972B4CB609BD7CB17E51
:108C0000072DB8E7911DBF906410B71DF220B06A20
:108C10004871B9F3DE41BE847DD4DA1AEBE4DD6D30
:108C200051B5D4F4C785D38356986C13C0A86B6430
:108C30007AF962FDECC9658A4F5C0114D96C066350
:108C4000633D0FFAF50D088DC8206E3B5E10694C30
:108C5000E44160D5727167A2D1E4033C47D4044B70
:108C6000FD850DD26BB50AA5FAA8B5356C98B24250
:108C7000D6C9BBDB40F9BCACE36CD832755CDF45D0
:108C8000CF0DD6DC593DD1ABAC30D9263A00DE5100
:108C90008051D7C81661D0BFB5F4B42123C4B356F0
:108CA0009995BACF0FA5BDB89EB802280888055F70
:108CB000B2D90CC624E90BB1877C6F2F114C6858D0
:108CC000AB1D61C13D2D66B69041DC760671DB01BE
:108CD000BC20D2982A10D5EF8985B1711FB5B60690
:108CE000A5E4BF9F33D4B8E8A2C9077834F9000FD0
:108CF0008EA8099618980EE1BB0D6A7F2D3D6D0870
:108D0000976C6491015C63E6F4516B6B62616C1C5F
:108D1000D83065854E0062F2ED95066C7BA5011B8F
:108D2000C1F4088257C40FF5C6D9B06550E9B7122F
:108D3000EAB8BE8B7C88B9FCDF1DDD62492DDA15EF
:108D4000F37CD38C654CD4FB5861B24DCE51B53A0F
:108D50007400BCA3E230BBD441A5DF4AD795D83D0F
:108D60006DC4D1A4FBF4D6D36AE96943FCD96E344F
:108D7000468867ADD0B860DA732D0444E51D03332F
:108D80005F4C0AAAC97C0DDD3C710550AA4102273F
:108D900010100BBE86200CC925B56857B3856F200F
:108DA00009D466B99FE461CE0EF9DE5E98C9D9296F
:108DB0002298D0B0B4A8D7C7173DB359810DB42EAF
:108DC0003B5CBDB7AD6CBAC02083B8EDB6B3BF9AFB
:108DD0000CE2B6039AD2B1743947D5EAAF77D29D87
:108DE0001526DB048316DC73120B63E3843B649467
:108DF0003E6A6D0DA85A6A7A0BCF0EE49DFF099367
:108E000027AE000AB19E077D44930FF0D2A30887D6
:108E100068F2011EFEC206695D5762F7CB67658086
:108E200071366C19E7066B6E761BD4FEE02BD38986
:108E30005A7ADA10CC4ADD676FDFB9F9F9EFBE8EE6
:108E400043BEB717D58EB060E8A3D6D67E93D1A126
:108E5000C4C2D83852F2DF4FF167BBD16757BCA606
:108E6000DD06B53F4B36B248DA2B0DD84C1B0AAFA6
:108E7000F64A0336607A0441C3EF60DF55DF67A826
:108E8000EF8E6E3179BE69468CB361CB1A8366BCB6
:108E9000A0D26F2536E2685295770CCC03470BBB06
:108EA000B91602222F260555BE3BBAC5280BBDB206
:108EB000925AB42B046AB35CA7FFD7C231CFD0B5A6
:108EC0008B9ED92C1DAEDE5BB0C2649B26F263EC98
:108ED0009CA36A750A936D02A906099C3F360EEBA6
:108EE0008567077213570005824ABF95147AB8E266
:108EF000AE2BB17B381BB60C9B8ED2920DBED5E546
:108F0000B7EFDC7C21DFDB0BD4D2D38642E2D4F195
:108F1000F8B3DD686E83DA1FCD16BE815B26B9F625
:108F2000E177B06F7747B718E65A0888706A0FFF85
:108F3000CA3B06665C0B0111FF9E658F69AE62F845
:108F4000D3FF6B6145CF6C1678E20AA0EED20DD745
:108F50005483044EC2B30339612667A7F71660D065
:108F60004D476949DB776E3E4A6AD1AEDC5AD6D9A5
:108F7000660BDF40F03BD83753AEBCA9C59EBBDEC5
:108F80007FCFB247E9FFB5301CF2BDBD8AC2BACA75
:108F90003093B353A6A3B4240536D0BA9306D7CDE5
:108FA0002957DE54BF67D9232E7A66B3B84A61C405
:108FB000021B685D942B6F2A37BE0BB4A18E0CC3C5
:108FC0001BDF055A8DEF022D5F6664625F77726961
:108FD00074655F737461747573005F6664625F7259
:108FE0006561645F7374617475730066616C5F6959
:108FF0006E6974002000002066616C5F666C6173AE
:10900000685F696E69740066616C5F666C61736845
:109010005F6465766963655F66696E640072656149
:1090200064007772697465006572617365000000A1
:10903000303150456664625F6B76646231000000D7
:109040000000000000000000000000006E6F72666B
:109050006C61736830000000000000000000000038
:1090600000000000000000000000040000000000FC
:10907000303150456664625F747364623100000091
:109080000000000000000000000000006E6F72662B
:109090006C617368300000000000000000000000F8
:1090A00000000000000004000000040000000000B8
:1090B00030315045646F776E6C6F61640000000062
:1090C0000000000000000000000000006E6F7266EB
:1090D0006C617368300000000000000000000000B8
:1090E0000000000000000800000007000000000071
:1090F000636865636B5F616E645F757064617465FE
:109100005F706172745F63616368650066616C5F64
:10911000706172746974696F6E5F66696E6400660F
:109120006C6173685F6465766963655F66696E64C8
:109130005F62795F706172740066616C5F6765740D
:109140005F706172746974696F6E5F7461626C657F
:109150000066616C5F7365745F70617274697469D5
:109160006F6E5F7461626C655F74656D70006661DF
:109170006C5F706172746974696F6E5F726561644F
:109180000066616C5F706172746974696F6E5F779D
:10919000726974650066616C5F706172746974698C
:1091A0006F6E5F65726173650000000072657365C4
:1091B00074000000509B000801000000589B00084C
:1091C00004000000F09A00081C000000289B000822
:1091D0001F000000409B000820000000C89A000803
:1091E00037000000489B000862000000309B000828
:1091F00089000000F49A00088C000000389B0008E9
:10920000A1000000209B0008AD000000FC9A0008AF
:10921000BF000000149B0008C8000000DC9A000892
:10922000D50000000C9B0008EF000000D09A000859
:109230001F260000000020000A00000000020000BD
:1092400081000000009B0008EF40130000000800B0
:10925000010000000010000020000000BC9A00087F
:10926000BF254100000020000600000000100000A3
:1092700020000000789A000820201600000040001E
:109280000100000000000100D8000000989A0008CA
:109290001C3016000000400001000000001000001B
:1092A00020000000A49A0008C840170000008000B9
:1092B000010000000010000020000000E49A0008F7
:1092C0000140150000002000010000000010000017
:1092D00020000000709A00083730140000001000D1
:1092E000010000000010000020000000889A000823
:1092F0008C20130000000800060000000010000091
:1093000020000000B09A0008BF25410000002000A6
:10931000060000000010000020000000909A0008E5
:1093200052211800000000010100000000100000A0
:109330002000000068617264776172655F696E6920
:109340007400736F6674776172655F696E6974002B
:10935000736675645F7265616400736675645F63EC
:109360006869705F657261736500736675645F65D7
:109370007261736500706167653235365F6F725F69
:10938000315F627974655F777269746500616169E4
:109390005F777269746500726561645F6A656465B0
:1093A000635F6964007365745F77726974655F6594
:1093B0006E61626C6564007365745F345F627974BA
:1093C000655F616464726573735F6D6F646500737C
:1093D0006675645F726561645F7374617475730050
:1093E000776169745F62757379006D616B655F6148
:1093F00064726573735F627974655F6172726179BB
:1094000000736675645F77726974655F7374617405
:10941000757300736675645F726561645F7366641B
:109420007000726561645F736664705F6865616433
:10943000657200726561645F62617369635F68652C
:109440006164657200726561645F62617369635F24
:109450007461626C6500726561645F736664705FFD
:109460006461746100736675645F736664705F67DE
:1094700065745F7375697461626C655F6572617351
:10948000657200005B20424F4F544C4F414445529F
:10949000205D5B25733A25645D2075706772616499
:1094A000652073746172743A2077323571202725F4
:1094B0007327202D3E20696E7465726E616C206684
:1094C0006C617368203078253038582C2073697AA5
:1094D000653D25644B420A005B20424F4F544C4F80
:1094E00041444552205D5B25733A25645D20202070
:1094F0006F6666736574203078253032583A20578D
:109500003235513D3078253032582C20466C61730D
:10951000683D3078253032580A0000005B20424F09
:109520004F544C4F41444552205D5B25733A2564AE
:109530005D207570677261646520666C6167206488
:10954000657465637465642C20737461727420663D
:1095500069726D7761726520757067726164650A02
:10956000000000005B20424F4F544C4F4144455295
:10957000205D5B25733A25645D20757067726164B8
:1095800065206661696C65642C2074727920746F43
:10959000206A756D7020746F206578697374696EC8
:1095A00067206170700A00005B20424F4F544C4F9F
:1095B00041444552205D5B25733A25645D20696E08
:1095C00076616C6964207265736574207665637476
:1095D0006F723A2030782530386C582C20737461C3
:1095E0007920696E20626F6F746C6F616465720AB6
:1095F000000000005B20424F4F544C4F4144455205
:10960000205D5B25733A25645D207772697465205F
:10961000696E7465726E616C20666C617368206639
:1096200061696C6564206174206F66667365743D62
:10963000256C750A000000004572726F723A206452
:1096400062204D55535420686173206D6F72652000
:109650007468616E206F7220657175616C203220B4
:10966000736563746F72732C2063757272656E74A8
:109670002068617320257520736563746F72287389
:10968000290A0000596F752063616E206765742098
:10969000746865206C617465737420766572736993
:1096A0006F6E206F6E2068747470733A2F2F676925
:1096B000746875622E636F6D2F61726D696E6B2FAA
:1096C000466C6173684442202E0A0000536563743F
:1096D0006F722068656164657220696E666F2069CB
:1096E0007320696E636F72726563742E20417574A6
:1096F0006F20666F726D6174207468697320736582
:1097000063746F722028307825303858292E0A006B
:10971000466F756E6420616E204B562028252E2AD8
:1097200073292077686963682068617320636861C2
:109730006E6765642076616C7565206661696C652D
:10974000642E204E6F772077696C6C207265636F92
:10975000766572792069742E0A000000416C6C6F86
:109760006320616E204B56202873697A6520257529
:1097700029206661696C6564207768656E206E6576
:1097800077204B562E204E6F772077696C6C2047E0
:1097900043207468656E2072657472792E0A000029
:1097A0005761726E696E673A204D6F76656420610D
:1097B0006E204B56202873697A652025752920660E
:1097C00061696C6564207768656E207265636F7689
:1097D0006572792E204E6F772077696C6C20474335
:1097E000207468656E2072657472792E0A0000001C
:1097F000284644425F47435F454D5054595F5345A7
:10980000435F5448524553484F4C44203E2030203B
:109810002626204644425F47435F454D5054595FDA
:109820005345435F5448524553484F4C44203C20D5
:10983000534543544F525F4E554D2900466C61735A
:109840006820646576696365207C20252A2E2A734A
:10985000207C20616464723A2030782530386C783E
:10986000207C206C656E3A20307825303878207C5A
:1098700020626C6B5F73697A653A203078253038E6
:1098800078207C696E697469616C697A65642066A8
:10989000696E6973682E0000496E697469616C694C
:1098A0007A65206661696C65642120506172746913
:1098B00074696F6E28257329206F6666736574203E
:1098C0006164647265737328256C6429206F7574F4
:1098D000206F6620666C61736820626F756E642805
:1098E0003C2564292E000000506172746974696F10
:1098F0006E207772697465206572726F7221202004
:10990000446F6E277420666F756E6420666C617399
:10991000682064657669636528257329206F662051
:1099200074686520706172746974696F6E2825733C
:10993000292E0000506172746974696F6E2072651F
:109940006164206572726F722120446F6E277420EB
:10995000666F756E6420666C6173682064657669F5
:10996000636528257329206F6620746865207061FF
:1099700072746974696F6E282573292E00000000C7
:10998000506172746974696F6E20657261736520CD
:109990006572726F722120446F6E277420666F7536
:1099A0006E6420666C6173682064657669636528FF
:1099B000257329206F662074686520706172746950
:1099C00074696F6E282573292E000000596F752069
:1099D00063616E2067657420746865206C617465CE
:1099E00073742076657273696F6E206F6E20687471
:1099F0007470733A2F2F6769746875622E636F6D88
:109A00002F61726D696E6B2F53465544202E0000F6
:109A100054686520666C6173682064657669636567
:109A2000206D616E7566616374757265722049445C
:109A3000206973203078253032582C206D656D6F89
:109A400072792074797065204944206973203078D8
:109A5000253032582C206361706163697479204924
:109A600044206973203078253032582E00000000E1
:109A70004132354C303830004D32355033320000F1
:109A800053504932000000004632354C303034002B
:109A90005732355131323800454E3235513332422A
:109AA00000000000474432355136344200000000C7
:109AB00050435432355646303136420053535432B7
:109AC0003556463031364200414D494300000000D2
:109AD00041543435444231363145000049535349ED
:109AE00000000000533235464C3231364B00000046
:109AF000454F4E0045534D54000000005353540051
:109B000057323551343042560000000057696E62BA
:109B10006F6E64004769676144657669636500003C
:109B20004879756E6461690041746D656C00000070
:109B3000496E74656C000000467564616E0000003B
:109B40004D6963726F6E000053616E796F000000A3
:109B5000437970726573730046756A697473750032
:109B60004572726F723A20436865636B20534644B6
:109B700050207369676E6174757265206572726FCB
:109B8000722E2049742773206D75737420626520CE
:109B90003530343434363533682827532720274668
:109BA000272027442720275027292E005761726E2F
:109BB000696E673A205265616420534644502070B4
:109BC0006172616D6574657220686561646572209B
:109BD000696E666F726D6174696F6E206661696C23
:109BE00065642E20546865202573206973206E6F8C
:109BF0007420737570706F7274204A454445432019
:109C0000534644502E00000034204B4220457261E0
:109C1000736520697320737570706F72746564204A
:109C20007468726F7567686F7574207468652064F6
:109C300065766963652E20436F6D6D616E64206982
:109C400073203078253032582E0000004368656359
:109C50006B204A4544454320626173696320666C0A
:109C600061736820706172616D65746572206865EA
:109C700061646572206973204F4B2E205468652003
:109C80007461626C652069642069732025642C20EE
:109C9000726576657273696F6E20697320562564EC
:109CA0002E25642C206C656E6774682069732025EE
:109CB000642C20706172616D6574657220746162DC
:109CC0006C6520706F696E746572206973203078DE
:109CD000253036582E0000004572726F723A2054BB
:109CE000686520666C617368206361706163697484
:109CF0007920697320677261746572207468616E7F
:109D00002033322047622F203420474221204E6FDB
:109D10007420537570706F727465642E00000000BB
:109D20004572726F723A2054686973207265766565
:109D30007273696F6E285625642E256429204A4562
:109D400044454320626173696320666C61736820D7
:109D5000706172616D6574657220686561646572B9
:109D6000206973206E6F7420737570706F727465E4
:109D7000642E0000426C6F636B2050726F746563D9
:109D800074206269747320696E2064657669636506
:109D900027732073746174757320726567697374B7
:109DA00065722061726520736F6C656C7920766FC7
:109DB0006C6174696C652E00466C61736820646523
:109DC0007669636520726571756972657320696E65
:109DD000737472756374696F6E20353068206173B7
:109DE0002074686520777269746520656E61626CA5
:109DF00065207072696F7220746F20706572666F73
:109E0000726D696E67206120766F6C6174696C6534
:109E100020777269746520746F207468652073748C
:109E2000617475732072656769737465722E0000C2
:109E3000466C61736820646576696365207265713C
:109E4000756972657320696E737472756374696F76
:109E50006E203036682061732074686520777269DF
:109E6000746520656E61626C65207072696F722026
:109E7000746F20706572666F726D696E6720612005
:109E8000766F6C6174696C65207772697465207493
:109E90006F207468652073746174757320726567D0
:109EA00069737465722E00004572726F723A2054A5
:109EB0006865204A454445432062617369632066B2
:109EC0006C61736820706172616D65746572207475
:109ED00061626C65206C656E67746820286E6F77B0
:109EE00020697320256429206572726F722E00002C
:109EF000109F000800000020E40000003A1E000847
:109F0000F49F0008E4000020642A00004A1E0008B4
:109F100001000000100000000000000000127A00A4
:109F20000000000000000000000000000000000031
:109F30006E6F72666C617368300000000000000094
:109F40000000000000000000000000000000800091
:109F50000010000039570008E15D00089D8A0008E4
:109F6000F13F0008010000000000000000000000B8
:109F700000000000909A00080000000000000000AF
:109F800000000000000000000000000000000000D1
:109F900000000000809A000800000000000000009F
:109FA00000000000000000000000000000000000B1
:109FB00000000000000000000000000000000000A1
:109FC0000000000000000000000000000000000091
:109FD0000000000000000000000000000000000081
:109FE0000000000000000000000C01400010000014
:049FF000000000006D
:0400000508000131BD
:00000001FF
