:020000040800F2
:100000001045002005010008872F0008EF2C00088C
:10001000852F00081F0E0008E136000800000000D0
:10002000000000000000000000000000E5300008B3
:100030004310000800000000992F000869310008F3
:100040001F0100081F0100081F0100081F01000810
:100050001F0100081F0100081F0100081F01000800
:100060001F0100081F0100081F0100081F010008F0
:100070001F010008011000081F0100080D100008F2
:100080001F0100081F0100081F0100081F010008D0
:100090001F0100081F0100081F0100081F010008C0
:1000A0001F0100081F0100081F0100081F010008B0
:1000B000CD3100081F0100081F0100081F010008C2
:1000C0001F0100081F0100081F0100081F01000890
:1000D0001F010008A13600081F010008C1360008F2
:1000E0001F0100081F0100081F010008DFF810D0E1
:1000F00000F028FC00480047999C0008AFF30080FE
:10010000104500200648804706480047FEE7FEE706
:10011000FEE7FEE7FEE7FEE7FEE7FEE7FEE7FEE7B7
:10012000CB310008ED000008202A04DB203A21FA38
:1001300002F00021704721FA02F3D040C2F1200200
:10014000914008431946704740EA01039B0703D0DA
:1001500009E008C9121F08C0042AFAD203E011F806
:10016000013B00F8013B521EF9D27047D2B201E0C8
:1001700000F8012B491EFBD270470022F6E710B5AC
:1001800013460A4604461946FFF7F0FF204610BD05
:1001900030B505462A460B4612F8010B13F8014B01
:1001A00008B1A042F8D01CB1002802D06D1CF1E7C4
:1001B000284630BDCAB2401E10F8011F8A4202D044
:1001C0000029F9D100207047421C10F8011B0029BA
:1001D000FBD1801A704710B5002200E0521C835CEE
:1001E0008C5CA34201D1002BF8D1D8B2E1B2401A05
:1001F00010BD30B504460020034600E05B1C93426E
:1002000003D2E05CCD5C401BF8D030BD034611F852
:10021000012B00F8012B002AF9D11846704730B5A0
:1002200003461D783DB10A4612F8014B1CB1AC42A1
:10023000FAD15B1CF5E7181A30BD30B50546002031
:1002400008E00A4602E0A34207D0521C1378002BB4
:10025000F9D1401C2C5C002CF3D130BD0FB400B59B
:100260008DB010A909900B9000914FF0FF300A90CB
:1002700000200C9005480690054807906A4609A89A
:100280000F9900F079F90DB05DF814FB95050008A1
:10029000B30500082DE9FF5F1D464FF0FF3BD5E990
:1002A000014691465F464FF00008A9697F1C0198FE
:1002B0008847296A824688470028F6D1BAF1FF3F6D
:1002C0000CD024F4C064002E19DD600614D5BAF1F8
:1002D0002B0F09D0BAF12D0F0ED103E0584604B010
:1002E000BDE8F09F44F48064A9697F1C01988847A9
:1002F000761E8246002E02DDBAF1300F03D0B9F12E
:10030000000F26D032E0A969761E44F400747F1CE9
:10031000019888478246002E05DDBAF1780F06D095
:10032000BAF1580F03D0B9F1000F10D01EE0B9F1A7
:10033000000F02D0B9F1100F18D1A969761E24F46C
:1003400000747F1C019888478246102002E0082034
:1003500000E00A20814609E008FB0908A969761E29
:1003600044F400747F1C019888478246002E05DD06
:100370004946504600F0EBF80028EDDAE9690198AB
:100380008847A00502D46FF00100A8E7E00725D157
:10039000600613D5600502D5C8F1000000E04046B4
:1003A00029680A1D2A600968220501D5087015E030
:1003B000220701D5088011E008600FE02868011DC0
:1003C00029600068210502D580F8008006E0210739
:1003D00002D5A0F8008001E0C0F8008038467EE732
:1003E0002DE9FF5FD2E901A74FF000089169994616
:1003F0001446DDF838B0464601988847054659EA64
:100400000B0005D009E0A169761C019888470546D4
:10041000216A284688470028F5D1681C03D05FEA86
:10042000CA7005D015E04FF0FF3004B0BDE8F09F72
:100430002068011D2160D0F800800AE05FEACA70E0
:1004400001D108F8015BA169761C7F1E01988847DD
:100450000546002F1ADD681C18D0B9F1000F0DD029
:10046000E81705EBD060421120F01F0059F8221068
:100470002A1A012090400142E0D107E0BBF1000FB1
:10048000DCD1216A284688470028D7D0E169019845
:100490008847BBF1000F07D1002E05DD5FEACA7067
:1004A00002D1002188F80010A068B84203DDBBF13A
:1004B000000F03D017B16FF00100B6E73046B4E784
:1004C00030B50B46014600202022012409E021FA24
:1004D00002F59D4205D303FA02F5491B04FA02F521
:1004E0002844151EA2F10102F1DC30BD2DE9F05FB8
:1004F0000546002092469B46884606468146402493
:100500001BE02846414647462246FFF70DFE53466C
:100510005A46C01A914110D311461846224600F09F
:1005200023FA2D1A67EB01084F46224601200021CD
:1005300000F01AFA17EB00094E41201EA4F1010445
:10054000DFDC484631462A464346BDE8F09F3A285C
:1005500000D2303820F02002412A01D3A2F1370026
:10056000884201D34FF0FF30704700000268114409
:100570001378016018467047D160044951610449FD
:10058000116200211161114600F014BA6D050008D6
:10059000AB090008426842B1016811F8013B23B180
:1005A000521EC0E90012184670470121C160881E22
:1005B000704742685AB1C368016843B983688B4287
:1005C00005D0491E521CC0E90012002070474FF0B0
:1005D000FF3070472DE9FE4F804681EA0300C00FCF
:1005E0000C46009021F0004123F00045B8EB0200DA
:1005F000A94105D24046214690461C460B4602467C
:1006000023F00040104347D0270DC7F30A00C3F37F
:100610000A510290401A019040286BDAC3F313008C
:1006200040F4801B0098924620B10023D2EB030ACD
:1006300063EB0B0B01985946C0F14002504600F0A5
:1006400093F906460D4650465946019A00F09BF92B
:1006500010EB08006141002487EA115284EAE77335
:100660001A4340D0009A62B3019A012A4FEA075216
:1006700015DC001B61EB02014FF0004202EA075259
:10068000CDE90042001C41F5801132462B4600F0B6
:1006900038FB03B0BDE8F08F40462146F9E7001B68
:1006A00061EB0201001C41F5801300185B4120182A
:1006B000A2F5001747EB030140EAD570B6196D416A
:1006C00011E06D084FEA360645EAC0754FEA075259
:1006D000001B61EB0201001C41F5801149084FEA43
:1006E00030000019514132462B4603B0BDE8F04FAF
:1006F00000F0F8BA0098012240000023D0EB02027B
:1007000063EBE073009821464FEAE074B8EB000019
:1007100061EB0401E9E783F000435BE781F000410E
:1007200058E72DE9FE4F81EA030404F0004421F06C
:10073000004100944FF0000B23F0004350EA010405
:100740005ED052EA03045BD0C3F30A54C1F30A55E6
:100750002C44A4F2F3340194A0FB0254C1F313011E
:1007600041F48011C3F3130343F4801301FB0244EB
:1007700000FB034E840A970A44EA815447EA8357F0
:10078000A4FB076802958D0A05FB07854FEA932CA9
:1007900004FB0C542705029D4FEA065847EA16371A
:1007A000B5EB08056EEB070C870E920E47EA811732
:1007B00042EA8312A7FB0201B6EB0B0164EB0004D3
:1007C0002B0D43EA0C335E1844EB1C50DA465146BD
:1007D000E7FB0201C5F313044FEA0B3343EA14535A
:1007E0004FEA0432019C43EA0603A4F10C0402948C
:1007F000009CCDE900B400F084FA03B0BDE8F08FAE
:1008000000200146F9E72DE9F04D81EA030404F0E8
:10081000004B21F0004514464FF0000A23F0004140
:1008200050EA050220D054EA01021DD0C5F30A5750
:100830000246C5F31303C1F31300C1F30A5640F493
:10084000801543F48013A7EB0608101BD64608F268
:10085000FD3873EB050002D308F1010801E092189E
:100860005B41B8F1000F03DA00200146BDE8F08DCE
:1008700000204FF48011064684460EE0171B73EBF0
:10088000050705D3121B63EB050306434CEA010C75
:1008900049084FEA300092185B4150EA0107EDD158
:1008A00052EA030012D082EA040083EA05010843F9
:1008B00005D0101BAB4106D20122002306E0002226
:1008C0004FF0004302E06FF0010253101AEB0600F4
:1008D0004CEB085110EB0A0041EB0B01BDE8F04D69
:1008E00000F000BAC1F30A52C1F3130140F2FF3322
:1008F00041F480119A4202DA00200146704740F22A
:1009000033439A42A2F2334202DC5242FFF70CBC5C
:1009100000F02AB830B5041E71F1000404DB4FF07A
:100920000044404264EB0101141E73F1000405DB36
:100930001C464FF00043524263EB0403994208BF48
:10094000904230BD064C074D06E0E06840F00103E0
:1009500094E8070098471034AC42F6D3FFF7CAFB7F
:10096000A0E80008C0E80008202A04DB203A00FACA
:1009700002F1002070479140C2F1200320FA03F3F6
:10098000194390407047202A06DBCB17203A41FAE2
:1009900002F043EAE07306E041FA02F3D040C2F10C
:1009A00020029140084319467047C0B24FF4F051FD
:1009B00000F0F6B92DE9F34F8BB04FF0000801F1CC
:1009C0000C000C464FF0010B46460DF1080A019051
:1009D0006269012101989047051E2DD0252D2CD04C
:1009E000216A8847C0B16269012101989047216A54
:1009F00088470028F7D1411E62690198904700E0BE
:100A0000761CA1690B988847216A88470028F7D18E
:100A1000E1690B988847DBE7A1690B98884707468F
:100A2000A84201D1761CD3E7E1690B9888477F1C67
:100A300002D1B8F1000F6FD047E1002762693D464F
:100A40003946019890472A2804D16269012101980A
:100A500090470125DFF8889262690121019890474B
:100A6000A0F130010A290AD24F45E5DC07EB8701E6
:100A700000EB4107303FDFD445F01005ECE7E90615
:100A800001D46FF000476C280AD04C2814D0682895
:100A900015D06A280DD074281CD07A281AD01DE0F1
:100AA00062690121019890476C2802D045F0040545
:100AB00014E045F002050DE045F020050AE062690A
:100AC000012101989047682802D045F0080505E00B
:100AD00045F400656269012101989047C4E9015716
:100AE00065283DD019DC58287AD00CDC452837D051
:100AF00004DC252826D0412831D131E046282FD0EA
:100B000047282CD12CE05B2877D0612828D0632897
:100B10007CD0642823D15AE0D1E06F2848D008DC8B
:100B200066281DD067281BD0692821D06E2816D1D1
:100B300027E0702845D0732868D0752847D07828DA
:100B40000DD14DE0A1690B988847054625283FF453
:100B500069AFE1690B9888476D1C3FF46AAFB4E058
:100B600023466A466FF001000B99AFF300809FE0C7
:100B700045F040006060A80723464FF0000236D4DD
:100B80003EE0E8077FF447AF2068011D2160006860
:100B9000290501D506701BE7290701D5068017E74F
:100BA000A90703D5F117C0E9006111E706600FE757
:100BB00045F040006060A80723464FF0080216D4B5
:100BC0001EE040F60E0125EA0100606016E045F0E7
:100BD00040006060A80723464FF00A0207D40FE0E8
:100BE00045F040006060A80708D5234610226FF04A
:100BF00001000B99AFF300805AE007E02346102272
:100C00006FF001000B99FFF745FB51E04FF0000931
:100C10004F464B46632802D05B2807D041E020793D
:100C2000C00601D40120A06001273AE062690121D9
:100C3000019890475E2805D14FF001096269494645
:100C400001989047216939B900210A46534643F873
:100C50002120491C0829FADBB0B3216969B9C11701
:100C600000EBD16253110AEB830122F01F02821ABA
:100C700001200B68904003430B60626901210198D9
:100C800090475D28E8D1B9F1000F09D00020514606
:100C900051F82020D24341F82020401C0828F7DBDF
:100CA00002AB224600976FF001000B99FFF798FB0B
:100CB00000280CDA401C08D1BBF1000F05D04FF022
:100CC000FF300DB0BDE8F08FFFE74046F9E7E907D8
:100CD00001D108F1010806444FF0000B78E600004E
:100CE000CCCCCC0C10B5141E73F1000408DA401CF7
:100CF00041F1000192185B411A4301D120F001003B
:100D000010BD2DE9F04D92469B4611B1B1FA81F22A
:100D100002E0B0FA80F220329046FFF725FE04464A
:100D20000F4640EA0A0041EA0B0153465A4608437F
:100D300013D0114653EA010019D0C8F140025046C1
:100D4000FFF7F2F905460E46504659464246FFF770
:100D50000BFE084305D0012004E020463946BDE8DB
:100D6000F08D0020054346EAE0762C4337430A988D
:100D70006305E40AA0EB08000022FD0A44EA475498
:100D80000A3002D500200146E9E701051019694142
:100D9000DDE9084500196941BDE8F04DA2E7000012
:100DA0007F2801D9002208E0064A02EB5002C00762
:100DB000127800D1120902F00F0201209040084081
:100DC00070470000E8E6000870B58C1810F8015B69
:100DD00015F0070301D110F8013B2A1106D110F8D4
:100DE000012B03E010F8016B01F8016B5B1EF9D1D8
:100DF0002B0705D40023521E0DD401F8013BFAE75E
:100E000010F8013BCB1A921C03E013F8015B01F8C8
:100E1000015B521EF9D5A142D8D3002070BDFEE778
:100E20002DE9F8430F46804600254FF41066062250
:100E30001F493046009502F081FC1D4C20786178F6
:100E4000E2780843A1781143084321790843617986
:100E500008430CD1257008206070DC20A070E5707C
:100E60002571657106222146304602F0D1FC104EF4
:100E70001049403E86F80280F763E07842182179F5
:100E80008B1862794840134450401844B0630422E0
:100E900069464FF4706002F0BBFC04226946900181
:100EA00002F0B6FC0AF03CFA3570BDE8F8830000A9
:100EB00098000020785634122DE9F041464C2078F5
:100EC000062822D0A0784FF4427101EB401002F0C6
:100ED00009FC222805D0002344220221A0780AF030
:100EE0002BFE012509F002FFC2B23B4894F9003005
:100EF000C01D00260127011F4FF00308052B2FD22C
:100F0000DFE803F0060D1C304A000520BDE8F08143
:100F1000067046708670C6700AF01AFB5AE0022A04
:100F20001BD1E16B0A7C02704A7C42708A7C827021
:100F3000C97CC1700AF0F8FB02202BE0052A0AD117
:100F400004F0CCF808B1606A3CE00AF0E9F9E06A24
:100F50008047267004E0062A3AD004F0F3F80546EC
:100F60002846D3E7A2690425531CF9D0E369B3EB03
:100F7000520FF5D902780A7042784A7082788A70E6
:100F8000C078C870A06B401CA0630AF0CDFB0AF0CB
:100F9000C7F904202070E3E70425052ADBD1667039
:100FA0000A7803789A420BD14A7843789A4207D15B
:100FB0008A7883789A4203D1C978C078814202D076
:100FC000A06A032580470AF0ABF984F80080C7E7E0
:100FD0000AF0A6F92770C3E75800002010B5034CAB
:100FE000A07804F0E7F80620207010BD580000201B
:100FF0000248C169491CC1617047000058000020C7
:10100000014800F01BB90000EC070020014800F087
:1010100015B90000A807002030B590F84050012411
:10102000AC40C56B6C60046863604368102B036858
:1010300003D099600068C26030BD9A600068C160EA
:1010400030BD704772B6FEE706490020C861064809
:10105000016941F004010161016941F04001016150
:10106000704700003008002000200240064A00219E
:10107000D16106490A6942F002020A6148610869C1
:1010800040F0400008617047300800200020024016
:10109000044B0022DA61044A136943F0010313612F
:1010A00001807047300800200020024014480022D0
:1010B000C168CB06134904D5CA6942F00202CA616D
:1010C0001022C3685B0705D5CB6943F00103CB61F0
:1010D00042F00402C369DB0707D0CB6943F0040385
:1010E000CB61C16921F00101C161A2F580710139B3
:1010F00001D0C2607047C16921F00101C161704730
:10110000002002403008002070B5054600F064FB66
:101110000646114C09E0681C07D025B100F05CFBC5
:10112000801BA84201D9032070BDE068C007F2D13E
:10113000E068800601D52020E060E068C00605D4A4
:10114000E069C00702D1E068400703D5FFF7AEFFB2
:10115000012070BD002070BD0020024010B590F845
:1011600021100022022905D00421816380F820206B
:10117000012010BD01680B6823F00E030B600168AD
:101180000B6823F001030B6090F84030C46B012121
:1011900001FA03F3636080F8211080F820201046E4
:1011A00010BD000010B590F821100024022903D0D2
:1011B0000421816301243DE001680A6822F00E02E7
:1011C0000A6001680A6822F001020A601A4A01688E
:1011D000914201D1012121E0174A1432914201D1FB
:1011E00010211BE0144A2832914201D1891515E0E3
:1011F000114A3C32914201D189140FE00E4A50321B
:10120000914202D14FF4803108E00B4A643291429E
:1012100002D14FF4801101E04FF08071064A083A84
:101220005160012180F82110002180F82010416BCD
:1012300001B18847204610BD080002402DE9F05F4B
:10124000C16B0C6801680B68D0F840C0042202FA38
:101250000CF2494DDFF824A1494E4A4FDFF828B17E
:10126000DFF828E122422CD05A072AD50A689206D4
:1012700003D40A6822F004020A600168A94201D17D
:10128000042219E0514501D1402215E0B14202D1BA
:101290004FF4806210E0B94202D14FF480420BE07B
:1012A000594502D14FF4802206E0714502D14FF436
:1012B000800201E04FF080622F4908394A60C16A1C
:1012C0003BE04FF0020808FA0CF818EA040F4FF060
:1012D00000094FF0010235D05FEA837832D50B6800
:1012E0009B0605D40B6823F00A030B6080F82120CD
:1012F0000168A94201D1022219E0514501D1202201
:1013000015E0B14202D14FF4007210E0B94202D1AF
:101310004FF400520BE0594502D14FF4003206E081
:10132000714502D14FF4001201E04FF000721249F2
:1013300008394A6080F82090816A00291AD0BDE8F7
:10134000F05F0847082505FA0CF5254212D01B0767
:1013500010D50B6823F00E030B6090F84010C36BA0
:1013600002FA01F15960826380F8212080F8209010
:10137000016BE2E7BDE8F09F080002401C0002405C
:101380003000024044000240580002406C0002401D
:1013900030B528B308C8134914221944B1FBF2F13F
:1013A0008900C16310498163022141771A6843F6BD
:1013B000F0718A43D0E900142143D0E902452C435F
:1013C0002143046921434469214384692143114332
:1013D000196000214163012242770177084630BD40
:1013E000012030BDF8FFFDBF0000024070B504468B
:1013F00090F82000002501280CD0012084F820005E
:1014000094F821600020012E06D084F820000225E7
:10141000284670BD022070BD022684F82160A063BA
:101420002068066826F0010606602046FFF7F4FDF6
:10143000E06A00282068016802D041F00E0106E051
:1014400021F0040101602068016841F00A01016097
:101450002068016841F001010160D9E770B50446D8
:1014600000F0BAF90546601C02D004480078044434
:1014700000F0B2F9401BA042FAD370BD0400002076
:101480002DE9F047054626480F460126017E012931
:101490000FD00121814601762868DFF888804CF260
:1014A0005034022808D0A2462046FFF72DFEA8B1EE
:1014B00031E00220BDE8F0872046FFF725FE08BB9B
:1014C0000120FFF7C1FD2046FFF71EFED8F81010DF
:1014D000064621F00401C8F810101CE04FF0FF3060
:1014E0003860AC6811E02046FFF7C0FD5046FFF7BA
:1014F0000BFED8F81010060021F00201C8F81010F9
:1015000001D03C6007E004F58064D5E9020100EBFE
:101510008120A042E7D8002189F818103046C9E799
:1015200030080020002002400348016941F080019A
:101530000161002070470000002002402DE9F05FAB
:1015400007461C4888460024017E15461E46012990
:1015500009D00121814601764CF2503A5046FFF7FE
:10156000D3FD18B122E00220BDE8F09F012F02D088
:10157000022F00D00427D346DFF83CA022012846E2
:101580003146FEF7D1FD81B208EB4400FFF780FD44
:101590005846FFF7B9FDDAF8102022F00102CAF828
:1015A000102018B9641CE4B2BC42E7D3002289F8C9
:1015B0001820D9E73008002000200240064900200A
:1015C0000A69120607D5054A4A60054A4A60096950
:1015D000090600D50120704700200240230167451D
:1015E000AB89EFCD2DE9F84FDFF8B8910024A9F1D0
:1015F000040B23460F2709F1040AABF1040EC9E0DE
:101600000125A5402A40AA427DD1674ED1F804C0E9
:10161000ACEB0608B44532D014DCBCF1030F3AD071
:1016200009DCBCF1000F2AD0BCF1010F1CD0BCF1C9
:10163000020F31D11DE0BCF1110F17D0BCF1120F18
:101640002AD119E0B8F5881F19D006DCB8F5803F1B
:1016500015D0B8F5801F1FD111E0B8F5001F0ED0CE
:10166000B8F5041F18D10AE0CB6815E0CB681B1D44
:1016700012E0CB6808330FE0CB680C330CE08B68CA
:101680002BB1012B4FF0080303D0456104E0042384
:1016900002E0056100E00023FF2A01D8064601E0D0
:1016A00000F104064FEA840501D9A5F12005D6F81A
:1016B000008007FA05FC28EA0C0803FA05F548EA59
:1016C0000508C6F800804D68ED0062D5374DAE695B
:1016D00046F00106AE61AD6924F0030605F0010590
:1016E0000095334D06EB050CDCF80850A607360FC5
:1016F00007FA06F825EA0805DFF8B880404503D167
:101700004FF0000817E044E0DFF8AC80404502D11C
:101710004FF001080FE0DFF8A480404502D14FF000
:10172000020808E0DFF89880404502D14FF0030836
:1017300001E04FF0040808FA06F848EA0508CCF87A
:1017400008804D68D9F80060ED024D4601D516437A
:1017500000E096432E604D68DAF80060AD02554611
:1017600001D5164300E096432E604D68DBF800601B
:10177000AD035D4601D5164300E096432E604D68EB
:10178000DEF80060ED03754601D5164300E0964390
:101790002E60641C0D682A46E5407FF431AFBDE839
:1017A000F88F0000080401400000111000100240F2
:1017B0000000014000080140000C01400010014001
:1017C000001401408068084000D0012070470AB131
:1017D000016170470904FBE7014880687047000019
:1017E000040000200248816802781144816070473B
:1017F00004000020074810B5016841F010010160A5
:10180000032000F075F80F2000F006F800F024F82F
:10181000002010BD0020024070B50D4D04464FF46D
:101820007A712878B1FBF0F00A490968B1FBF0F051
:1018300000F0F9FD48B9102C07D200222146501EB5
:1018400000F036F800206C6070BD012070BD000013
:1018500004000020100000200C4808B5816941F008
:1018600001018161816901F001010091C16941F0CB
:101870008051C161C06900F0805000900448416807
:1018800021F0E06141F00071416008BD00100240AC
:1018900000000140002809DB00F01F0201219140F7
:1018A0004009800000F1E020C0F8001170470000FE
:1018B000F0B40E4B1B680C46C3F30223C3F10705BB
:1018C000042D00D90425191D072901D2002300E0A9
:1018D000DB1E012606FA05F1491E214099409E4073
:1018E000761E16403143F0BC01F0ECBF0CED00E079
:1018F000064900F0070208684FF6FF03184040EA67
:101900000220034A10430860704700000CED00E01D
:101910000000FA05BFF34F8F05480168054A01F43E
:10192000E06111430160BFF34F8F00BFFDE700008E
:101930000CED00E00400FA052DE9F0470F46050024
:1019400061D0434E306800F00700B84209D23068D9
:1019500020F0070038433060306800F00700B842DC
:1019600051D128683B4C810712D5400703D56068E8
:1019700040F4E06060602878000703D5606840F4B8
:10198000605060606068A96820F0F0000843606003
:101990002878C00728D06868012810D0216802285C
:1019A00010D0890700292EDA616821F00301014374
:1019B0006160FFF711FF804641F288390DE0216830
:1019C0008903EFE78901EDE7FFF706FFA0EB0801C8
:1019D000494502D90320BDE8F0876068696800F0D6
:1019E0000C00B0EB810FEFD1306800F00700B84277
:1019F0000BD9306820F0070038433060306800F0C1
:101A00000700B84201D00120E5E72878400705D556
:101A10006068E96820F4E0600843606028780007A7
:101A200006D56068296920F4605040EAC100606012
:101A300000F038F86168084AC1F30311515CC840EE
:101A40000649086006480068FFF7E6FE0020C2E786
:101A5000002002400010024088E40008100000202E
:101A6000080000200448054900684968044AC1F399
:101A70000221515CC8407047100000200010024055
:101A800098E400080448054900684968044AC1F31D
:101A9000C221515CC8407047100000200010024075
:101AA00098E400080E4A51680E4801F00C03042B1C
:101AB00011D0082B0FD10C48C1F38343C903C05C7C
:101AC0000AD55168084AC1F34041921E515C054A4B
:101AD0005043B0FBF1F070470449484370470000A1
:101AE0000010024000127A0078E4000800093D006E
:101AF0002DE9F84F040070D02078C04DC00749D0C0
:101B00006868C0F38100012807D06868C0F38100CD
:101B1000022809D16868C00306D52868800339D532
:101B200060680028E7D035E06068B0F5803F0BD0F2
:101B300010B1B0F5A02F11D0286820F480302860B3
:101B4000286820F4802002E0286840F48030286073
:101B5000606890B1FFF740FE06460AE0286840F44E
:101B600080202860F0E700BFFFF736FE801B642866
:101B700073D828688003F7D50CE0FFF72DFE0646E2
:101B800005E000BFFFF728FE801B6428F0D8286816
:101B90008003F7D420789A4E80074FF001094FF068
:101BA000000839D5686810F00C0F07D06868C0F3DA
:101BB0008100022809D16868C00306D4286880071C
:101BC00014D52069012808D110E02069B0B1C6F809
:101BD0000090FFF701FE074605E00AE1FFF7FCFD74
:101BE000C01B0228C4D828688007F7D52868616917
:101BF00020F0F80040EAC10028600DE0C6F800803F
:101C0000FFF7EAFD074604E0FFF7E6FDC01B0228E8
:101C100023D828688007F7D4207800072CD5794886
:101C2000A169D9B1C0F80090FFF7D6FD074604E0DE
:101C3000FFF7D2FDC01B02280FD8686A8007F7D5CE
:101C400071484FF4FA510068B0FBF1F0009000BF0A
:101C50000098411E0091FAD20EE080E0C0F80080AA
:101C6000FFF7BAFD074604E0FFF7B6FDC01B0228E8
:101C700075D8686A8007F7D42078400760D5E8698E
:101C80000027C00008D4E86940F08050E861E869A6
:101C9000012700F0805000905C480168C90513D40A
:101CA0000168834641F480710160FFF795FD82462B
:101CB00006E000BFFFF790FDA0EB0A0064284ED8B5
:101CC000DBF80000C005F5D5E06801280AD008B1AE
:101CD000052813D0286A20F001002862286A20F025
:101CE000040002E0286A40F001002862E06841F246
:101CF000883B98B1FFF770FD82460BE0286A40F000
:101D000004002862EEE700BFFFF766FDA0EB0A01C2
:101D100059455AD8286A8007F6D50CE0FFF75CFDD4
:101D2000824605E0FFF758FDA0EB0A0159454CD863
:101D3000286A8007F6D41FB1E86920F08050E86176
:101D4000E06988B36968C1F38101022944D002289F
:101D5000C6F8608004D0FFF73FFD044638E034E069
:101D6000FFF73AFD074604E0FFF736FDC01B0228E7
:101D70002BD828688001F7D4206AB0F5803F05D1C0
:101D80006868A16820F4003008436860D4E908015D
:101D90000843696821F4741108436860C6F86090CC
:101DA000FFF71AFD044606E025E000BFFFF714FD2B
:101DB000001B022809D828688001F7D51BE000BF66
:101DC000FFF70AFD001B022802D90320BDE8F88FA7
:101DD00028688001F4D40EE00128F7D06868226AF0
:101DE00000F48031914204D1616A00F4701088429D
:101DF00001D00120EAE70020E8E7000000100240DF
:101E00000000424280044242100000200070004066
:101E100070B5040009D0606A002540B12561656194
:101E2000A56294F8510040B10CE0012070BD6068DB
:101E3000B0F5827FF4D0E561F2E784F85050204697
:101E400000F040F8022084F851002068016821F079
:101E500040010160A088218900F4827001F40441EE
:101E60000843A18901F400610843217C01F00201CB
:101E70000843217D01F001010843218B01F4007129
:101E80000843217F01F03801084394F8201001F045
:101E900080010843218D01F4005108432168086046
:101EA000A069042101EA1040216848602068C169E6
:101EB00021F40061C1616565012084F851000020B2
:101EC00070BD000030B585B00024009401940294E8
:101ED0000394254D0368254802210322AB421AD101
:101EE000836943F480538361836903F480530493CB
:101EF000836943F00403836180691D4D00F0040091
:101F00000490A020CDE90001039269462846FFF71E
:101F100069FB40201EE0174DAB4222D1C36943F458
:101F20008043C361C36903F480430493836943F02E
:101F3000080383618069104D00F0080004904FF49D
:101F40002040CDE90001039269462846FFF74AFB8D
:101F50004FF48040CDE90004694628460294FFF71B
:101F600041FB05B030BD00000030014000100240D0
:101F70000008014000380040000C01402DE9F84FF6
:101F8000044690F851001D4616460F46012838D1E8
:101F900060684FF00408B0F5827F01D1A06830B3CB
:101FA000FFF71AFC8246002F75D0002E73D094F8EC
:101FB0005000012825D04FF0010984F8509084F892
:101FC00051804FF00008C4F85480A763A687E687C5
:101FD000C4F83080A4F83480A4F83680C4F8408077
:101FE000C4F84480A068B0F5004F0CD015E084F828
:101FF0005180009313460A46204600F01CF9BDE8C4
:10200000F88F0220FBE72068016821F040010160A1
:102010002068016821F48041016020680168490658
:1020200003D4016841F040010160E068C0B134E0D0
:1020300020688168C90709D0007BA16B0870A06B7C
:10204000401CA063E08F401EE08709E0FFF7C4FB5F
:10205000A0EB0A00A84202D3681C01D032E085B38D
:10206000E08F0028E4D11BE020688168C90709D00F
:10207000C068A16B0880A06B801CA063E08F401E2D
:10208000E0870AE0FFF7A8FBA0EB0A00A84203D311
:10209000681C02D016E012E09DB1E08F0028E3D169
:1020A00052462946204600F078FF08B1202060659E
:1020B00084F8519084F85080606D00289FD00120F2
:1020C0009DE7FFE784F8519084F85080032096E75D
:1020D0002DE9F84F984616468A460446FFF77CFBE2
:1020E000814694F8510001281ED1BAF1000F73D037
:1020F000002E71D094F85000012815D0012784F8E3
:102100005070032084F8510000256565C4F830A0A4
:10211000A686E686A563A587E58765642564A0682D
:10212000B0F5004F03D00CE00220BDE8F88F206826
:10213000016821F0400101602068016841F480419C
:10214000016020680168490603D4016841F040013C
:102150000160E068B0F5006F606803D048B3012EFD
:1021600027D047E008B1012E1FD1206B21680088DD
:10217000C86006E020688168890709D5216B098855
:10218000C160206B801C2063E08E401EE0860CE066
:10219000FFF722FBA0EB0901414503D3B8F1FF3F54
:1021A00003D035E0B8F1000F32D0E08E0028E1D145
:1021B00023E0206B21680078087306E020688168BE
:1021C00089070AD5216B09780173206B401C2063B5
:1021D000E08E401EE0860DE02BE0FFF7FDFAA0EB5D
:1021E0000901414503D3B8F1FF3F03D010E0B8F136
:1021F000000F0DD0E08E0028E0D14A46414620462F
:1022000000F0F9FE08B120206065A06830B109E057
:1022100084F8517084F85050032086E72068C16824
:102220008068009084F8517004F8505F606800285E
:10223000F3D0012079E72DE9FF4F81B01D46934689
:1022400004464FF001090E9EFFF7C6FA074694F8C0
:1022500051006168012806D0B1F5827F3CD1A168A8
:10226000C9BB042838D10298002871D0BBF1000FF7
:10227000FBD0002DF9D094F8500001282CD04FF05D
:10228000010A84F850A094F85100042802D00520D7
:1022900084F851004FF00008C4F85480C4F838B0F6
:1022A000E587A58702992163E586A586C4F8408065
:1022B000C4F8448020680168490603D4016841F0ED
:1022C00040010160E068B0F5006F606808D0F0B3CD
:1022D000012D49D081E0FFE7022005B0BDE8F08F75
:1022E00008B1012D39D1206B21680088C860206BAE
:1022F000801C2063E08E401EE0862EE0206881680E
:1023000089070FD5E18E69B1B9F1010F0AD1216BAF
:102310000988C160206B801C2063E08E401EE0862F
:102320004FF0000920688168C9070CD0E18F51B1D6
:10233000C068A16B0880A06B801CA063E08F401E6A
:10234000E0874FF00109FFF747FAC01B01E00BE0FF
:1023500067E0B04201D3701C50D1E08E0028CDD18F
:10236000E08F0028CAD13EE0206B21680078087316
:10237000206B401C2063E08E401EE0862DE020682C
:10238000816889070FD5E18E69B1B9F1010F0AD1D2
:10239000216B09780173206B401C2063E08E401E86
:1023A000E0864FF0000920688168C9070CD0E18FF2
:1023B00051B1C068A16B0870A06B401CA063E08F96
:1023C000401EE0874FF00109FFF706FAC01BB0423C
:1023D00002D3701C01D011E086B1E08E0028CED16E
:1023E000E08F0028CBD13A463146204600F003FE6C
:1023F00050B12020606584F8508012E084F851A02C
:1024000084F85080032068E7A06818B92068C16884
:102410008068009084F851A084F85080606D002896
:10242000F1D0012059E710B5401EB0F1807F01D3F3
:10243000012010BD4FF0E02460610F21601701F012
:1024400041FA0020A06107202061002010BD7047E4
:102450007047000070B590F83C20012A26D0012476
:1024600080F83C40022280F83D2003685A689D684D
:1024700022F070060A6832435A600D4B02689A4295
:1024800008D0B2F1804F05D00A4B9A4202D00A4BD5
:102490009A4204D1496825F080031943916080F87D
:1024A0003D40002180F83C10084670BD022070BD00
:1024B000002C0140000400400008004010B504005A
:1024C00003D094F83D0010B107E0012010BD0020BA
:1024D00084F83C00204600F01FF8022084F83D00FC
:1024E000211D206800F078FE012084F8460084F861
:1024F0003E0084F83F0084F8400084F8410084F8EE
:10250000420084F8430084F8440084F8450084F8CD
:102510003D00002010BD000008B50068B0F1804FFC
:1025200012D10A48C16941F00101C161C0690022AC
:1025300000F00100009011461C20FFF7B9F9BDE83A
:1025400008401C20FFF7A6B908BD0000001002409B
:1025500090F83D10012901D001207047022180F838
:102560003D100168CA6842F00102CA6000680B4968
:10257000884208D0B0F1804F05D00949884202D086
:102580000849884204D1816801F00701062903D077
:10259000016841F00101016000207047002C0140FA
:1025A000000400400008004070B5044690F83C006C
:1025B0000025012817D0012684F83C60022084F809
:1025C0003D002068826822F0770222F47F42826018
:1025D0000868502838D00DDC20284FD005DC90B397
:1025E000102811D14AE0022070BD302846D0402882
:1025F0000AD13BE060282FD070280DD0B0F5805F65
:1026000003D0B0F5005F12D0012584F83D600020B2
:1026100084F83C00284670BDCB68D1E901212068D0
:1026200000F016FE2068816841F0770109E0CB6870
:10263000D1E90121206800F00BFE2068816841F497
:1026400080418160E1E719E0CA684968206800F0CC
:1026500011FE5021206806E0CA684968206800F031
:102660001AFE6021206800F0FDFDCEE7CA684968C7
:10267000206800F0FFFD40212068F4E72268014651
:102680001046F0E770472DE9F04104460068C6683F
:1026900005694FF00007A90713D5B10711D5F91E39
:1026A000016101202077206880698007204602D0E0
:1026B000FFF7E8FF04E000F07EF8204600F07CF829
:1026C0002777680716D5700714D521686FF00400C6
:1026D0000861022020772068806910F4407F20463E
:1026E00002D0FFF7CFFF04E000F065F8204600F0CD
:1026F00063F82777280715D5300713D521686FF0C1
:1027000008000861042020772068C06980072046FF
:1027100002D0FFF7B7FF04E000F04DF8204600F0CC
:102720004BF82777E80616D5F00614D521686FF028
:1027300010000861082020772068C06910F4407FED
:10274000204602D0FFF79EFF04E000F034F8204658
:1027500000F032F82777E80708D0F00706D02168A4
:102760006FF001000861204600F027F8280608D520
:10277000300606D521686FF0800008612046FFF71B
:1027800066FE680608D5700606D521686FF0400021
:102790000861204600F01DF8A8060AD5B00608D545
:1027A00021686FF0200008612046BDE8F041FFF786
:1027B0004FBEBDE8F0817047704710B50068B0F1BA
:1027C000804F05D1FEF714FCBDE8104009F050BA67
:1027D00010BD704738B5044690F84200202801D05B
:1027E000022038BD51B14AB101202063002060634E
:1027F000204600F0D3FE216B012901D0012038BD15
:1028000021680A684968009121680C3151E8002F5D
:1028100042F0100241E80023002BF5D138BD000042
:102820000068034A904202D1024807F00BBF70478C
:10283000003801402004002070470000F8B501680E
:1028400004460868CA684B6910F00F0F4FF0000586
:1028500059D003F0010602F49077374365D0C107E1
:1028600005D0D10503D5616C41F0010161644107D8
:1028700005D5D90703D0616C41F00201616481077D
:1028800005D5D90703D0616C41F0040161640107EB
:1028900007D502F02001314303D0616C41F00801FB
:1028A0006164616C00293AD0800604D5900602D597
:1028B000204600F0B6FD20684069616CC0F38010CE
:1028C000090700D460B3204600F076FD2068406917
:1028D000400621D52068143050E8001F21F0400147
:1028E00040E80012002AF5D1E06BA8B16D494163C0
:1028F000E06BFEF757FC002811D0E06B416B01B094
:10290000BDE8F040084783060FD593060DD5204655
:10291000BDE8F84000F085BD2046FFF78DFFF8BD0B
:102920002046FFF789FF6564F8BD266B2023012E42
:102930007CD1C6067AD5D60678D508684868009056
:1029400048694FF00206400640D5E16B08684068D0
:102950000004000CE8D0A28D8242E5D9E0858869A8
:1029600020282DD020680C3050E8001F21F4807101
:1029700040E80012002AF5D12068143050E8001F0A
:1029800021F0010140E80012002AF5D1206814303E
:1029900050E8001F21F0400140E80012002AF5D164
:1029A00084F84230256320680C3050E8001F21F085
:1029B000100140E80012002AF5D1E06BFEF7CEFBD3
:1029C0006663A08DE18D401A81B22AE0A08DE18D71
:1029D000401A81B2E08D0028A6D00029A4D0226838
:1029E0000C3252E8000F20F4907042E80007002FEC
:1029F000F5D12068143050E8002F22F0010240E8A1
:102A00000027002FF5D184F84230256320680C3070
:102A100050E8002F22F0100240E80023002BF5D1EF
:102A200066632046FFF7FCFEF8BDFFE705062BD5E1
:102A3000150629D594F841002128F5D1A068B0F5F4
:102A4000805F01D12069B0B1206A411C21622168F8
:102A500000784860E08C401E0004000CE084E3D164
:102A60002068C16821F08001C1602068C16841F020
:102A70004001C160D8E7206A0088C0F308004860C0
:102A8000206A801C2062E5E74006CDD55006CBD5F4
:102A9000CA68204622F04002CA6084F8413000F043
:102AA00025F9C1E7BB32000870B5040004D094F8E2
:102AB0004100002510B106E0012070BD84F84050AF
:102AC000204600F023F8242084F841002068C168E3
:102AD00021F40051C160204600F004FD2068016926
:102AE00021F4904101612068416921F02A0141618E
:102AF0002068C16841F40051C1606564202084F8F9
:102B0000410084F842006563002070BD2DE9F0416A
:102B100086B000240094019402940394064603684E
:102B20004348DFF808C102210322051580276345C9
:102B300039D1836943F480438361836903F480431B
:102B40000493836943F0040383618069DFF8E480C0
:102B500000F0040004900802CDE9000103926946E8
:102B60004046FEF73FFDCDE90054694640460294D9
:102B7000FEF738FD314D3048C5E90004C5E902478C
:102B80002C616C61AC612846EC61FEF701FC08B178
:102B9000FEF758FAF5630022114625206E62FEF713
:102BA00087FE25203DE0DFF898C063453BD1C3692F
:102BB00043F48023C361C36903F4802304938369CE
:102BC00043F0080383618069CDE9005100F00800FB
:102BD000CDE903201B4D69462846FEF703FDE814A6
:102BE000CDE90004694628460294FEF7FBFC134D2C
:102BF000114844352838C5E90004C5E902472C616D
:102C00006C61AC612846EC61FEF7C2FB08B1FEF7CF
:102C100019FAF5630022114627206E62FEF748FE7E
:102C20002720FEF737FE06B0BDE8F08100380140EE
:102C3000001002400008014058000240A807002090
:102C400000480040000C0140704770472DE9F843F0
:102C5000044690F84100984616460D46202802D0BA
:102C60000220BDE8F88385B17EB100206064212098
:102C700084F84100FEF7B0FDA6848146E684A06892
:102C80002027B0F5805F02D003E00120E9E720694A
:102C900010B12E4600250EE000260CE080212046D3
:102CA00000F0C4FCA8B9C6B116F8010B2168486051
:102CB000E08C401EE084E08C4B464FF00002CDF8E3
:102CC00000800028EAD14FF04001204600F0AEFC21
:102CD00040B184F841700320C3E735F8020BC0F31C
:102CE0000800E3E784F841700020BAE7704702F07B
:102CF000F1F808F0BBFFFAE70D4808B5416941F06B
:102D0000010141614069002200F00100009011467C
:102D10000D20FEF7CDFD0D20FEF7BCFD0022114673
:102D20000F20FEF7C5FDBDE808400F20FEF7B2BD3D
:102D3000001002402DE9F04385B00024354800948E
:102D4000019402940394816941F0100181618169C9
:102D500001F010010491816941F0200181618169D4
:102D600001F020010491816941F0040181618169D0
:102D700001F004010491816941F0080181618069D9
:102D8000DFF8948000F0080048F21005049000225B
:102D900029464046FEF71BFDDFF8809000223A21CD
:102DA0004846FEF714FD0122170339464846FEF750
:102DB0000EFD0095022601250396CDE901546946D2
:102DC0004046FEF70FFC40F2C130CDE900046946F1
:102DD00048460294FEF706FC0096CDE90154694688
:102DE00048460395FEF7FEFB0320CDE90240CDE9FE
:102DF000007569464846FEF7F5FB3820CDE9000529
:102E0000CDE9024669464846FEF7ECFB05B0BDE851
:102E1000F08300000010024000080140000C014057
:102E2000104810B50E4901604FF4827141600021D5
:102E30008160C1604FF400720161C0E90512102287
:102E4000C0E90721416281620A21C162FEF7E0FF09
:102E5000002803D0BDE81040FEF7F4B810BD000014
:102E600000300140200600200F4810B50D490160D8
:102E70004FF48271416000218160C1604FF40072A3
:102E80000161C0E90512C1610162416281620A21EA
:102E9000C162FEF7BDFF002803D0BDE81040FEF779
:102EA000D1B810BD003800407806002010B586B0BB
:102EB00000241748009401940294039404944FF062
:102EC00080410594016041F61F41C0E9011442F2BE
:102ED0000F71C0E903148461FFF7F0FA08B1FEF73F
:102EE000B1F84FF48050009069460948FFF75CFB49
:102EF00008B1FEF7A7F8049404A905480594FFF764
:102F0000A9FA002801D0FEF79DF806B010BD000018
:102F1000D00600200C4810B50A4901604FF4E13199
:102F20004160002181600C22C160C0E9041281610E
:102F3000C161FFF7B9FD002803D0BDE81040FEF7DE
:102F400081B810BD00380140180700200C4810B5AA
:102F50000A4901604FF4E1314160002181600C2297
:102F6000C160C0E904128161C161FFF79DFD0028C5
:102F700003D0BDE81040FEF765B810BD0048004022
:102F800060070020FEE7FEE700F00F00092801D8E7
:102F900030307047373070477047F8B504464068A6
:102FA0004FF48273984217D1A0684FF48065B0F552
:102FB000004F01D0A8420FD12068066826F04006D5
:102FC00006606068984207D1A068A84204D10092C8
:102FD0000B460022012103E000920B4600228021D3
:102FE000204600F023F8002804D0606D40F0200057
:102FF00060650320F8BDF8B515460E460B460092F5
:1030000004460122022100F011F840B933460022A3
:1030100080212046009500F009F8002804D0606D5A
:1030200040F0200060650320F8BD00002DE9F84362
:103030001E46914688460446089DFEF7CDFB401B80
:10304000351AFEF7C9FB074625480068C0F3CB30A8
:10305000684338E0701C37D0FEF7BEFBC01BA842A7
:1030600003D215B1009860B32CE02068416821F0CC
:10307000E00141606068B0F5827F0BD1A068B0F5D7
:10308000004F02D0B0F5806F04D12068016821F0B4
:1030900040010160A06AB0F5005F09D120680168B5
:1030A00021F4005101602068016841F40051016081
:1030B000012084F85100002084F850000320BDE86E
:1030C000F8830025401E00902068816838EA0100DE
:1030D00004D000214945BDD10020F0E70121F9E7E6
:1030E0001000002070470000034610B5094A002078
:1030F000C3EBC30402EB8402042B01D9012010BDF1
:10310000937B0BB1022010BD137E0BB1517110BD2A
:10311000032010BDA40300202DE9F0410025114F2C
:103120002E4600BFC5EBC50007EB8004207E90B1A2
:103130002079627990420ED0A189A068FEF747FB02
:10314000A189A06802F024F9207162691AB10021F6
:103150002846904706466D1CADB2042DE2D330469A
:10316000BDE8F081A4030020FEF73CBB30B58FB072
:1031700028216846FDF701F814210AA8FCF7FDFF95
:1031800001210804CDE900100024029402250491D5
:10319000CDE907504FF4E01009906846FEF7A8FC0F
:1031A00008B172B6FEE70F20CDE90A054FF4806042
:1031B000CDE90C4002210AA80E94FEF7BDFB0028C1
:1031C00001D072B6FEE70FB030BD70470148FFF77F
:1031D0005ABA0000D0060020F0B50268194B1A4C0C
:1031E0001A4D4FF08047984205D0B84203D0A04214
:1031F00001D0A84203D122F070064A6832439842B7
:1032000005D0B84203D0A04201D0A84203D122F495
:103210004074CA6822434C6922F080022243026053
:103220008A68C2620A688262984201D109690163B0
:10323000012141610169C90703D0016921F0010140
:103240000161F0BD002C0140000400400008004076
:1032500010B5846842EA032224F47F440A432243DF
:10326000826010BD826822F070020A4342F00701BA
:103270008160704710B5036A046A24F00104046297
:10328000846924F0F00444EA021423F00A020A4399
:103290008461026210BD10B5036A046A24F0100450
:1032A0000462846923F0A00324F4704444EA0232E7
:1032B00043EA01118261016210BD10B5406A00212C
:1032C000C185C184FFF7B8FA10BD70B5446A2068A3
:1032D000406994F84110C0F3C0100025212904D1A1
:1032E00018B1E584204600F08EF82068406994F813
:1032F0004210C0F38010222904D118B1E585204680
:1033000000F05AF8606C40F0100060642046FFF74F
:1033100093FA70BD10B50146406A096809684FF01C
:10332000000289062ED4C28501680C3151E8003FA5
:1033300023F4807341E80034002CF5D10168143186
:1033400051E8003F23F0010341E80034002CF5D19F
:103350000168143151E8003F23F0400341E8003494
:10336000002CF5D1202180F84210016B012909D1F0
:1033700001680C3151E8003F23F0100341E80034AC
:10338000002CF5D14263016B012902D0FFF75CFCF0
:1033900010BD818DFFF744FA10BD10B5406A0121C0
:1033A0004163016B012902D0FFF74FFC10BD818DF5
:1033B0004908FFF735FA10BD01680C3151E8002FBC
:1033C00022F4907241E80023002BF5D101681431FA
:1033D00051E8002F22F0010241E80023002BF5D133
:1033E000016B012909D101680C3151E8002F22F04D
:1033F000100241E80023002BF5D1202180F8421073
:1034000000210163704701680C3151E8002F22F060
:10341000C00241E80023002BF5D1202180F84110A3
:10342000704708B590F84210222901D0022008BD4B
:1034300082684FF480539A4201D1016921B1816AB7
:103440009A421BD04AB10AE00268816A5268C2F30C
:1034500008020A80816A891C08E0026972B1026868
:10346000526802F07F020A70816A491C8162C18D34
:10347000491E0904090CC18503D01BE0026852688B
:10348000F1E70168CA6822F02002CA600168CA68D0
:1034900022F48072CA6001684A6922F001024A611E
:1034A000202180F8421000214163026B012A03D0E1
:1034B000FFF7CAFB002008BD016301680C3151E829
:1034C000002F22F0100241E80023002BF5D1016803
:1034D0000A68D20602D50A6849680091818DFFF713
:1034E0009FF9E7E770B5044600680169E26821F4D6
:1034F0004051114301612169A06808436169084393
:103500002168CA6841F20C639A430243CA6020688A
:103510004169A26921F44071114341611E4920684B
:10352000884202D1FEF7AEFA01E0FEF79BFA00EB0B
:10353000C00101EB0012606864218000B2FBF0F36F
:10354000B3FBF1F36FF018067343B2FBF0F5B2FB77
:10355000F0F605EB8305322303EB0515B5FBF1F51A
:10356000B6FBF1F605F0F00505EB0615B2FBF0F63B
:10357000B2FBF0F0B0FBF1F06FF01802504306EB35
:10358000800003EB0010B0FBF1F0216800F00F00A9
:103590002844886070BD00000038014038B5816261
:1035A00004468285002013466064222284F842206B
:1035B000E56B1B4AAA62E56B1A4AEA62E56B1A4A96
:1035C0002A63E26B50630A462168E06B091DFDF730
:1035D0000DFF2068016840680090206948B12068AC
:1035E0000C3050E8001F41F4807140E80012002ABE
:1035F000F5D12068143050E8001F41F0010140E887
:103600000012002AF5D12068143050E8001F41F064
:10361000400140E80012002AF5D1002038BD00002A
:10362000153300089B330008CB3200082DE9F8431E
:10363000984617460D460446089E24E0701C22D08A
:10364000FEF7CAF8A0EB0800B0421AD8CEB1206845
:10365000C168490717D5802D15D0402D13D00168BA
:10366000C94309070FD4016800254068009020462F
:10367000FFF7A2FE0820606484F840500120BDE8F6
:10368000F8830320FBE72068006835EA000004D0D7
:103690000020B842D2D00020F1E70120F9E7000075
:1036A00010B50548FFF7CAF8BDE810404FF4807226
:1036B00002490148FFF78EB81807002020040020B7
:1036C00010B50548FFF7BAF8BDE810404FF4807216
:1036D00002490148FFF77EB860070020200500205E
:1036E000FEE70000F8B5144C0546E06880476069C5
:1036F0008047616AC5F30740C5F3072699B1A26AFE
:103700008AB18DF800008DF801608DF80250032118
:1037100068469047E06980470546A0698047206970
:1037200080472846F8BD216A8847216A3046884785
:10373000216AE8B28847EDE72C0000202DE9F84324
:103740001A4C05461746E0688846804760698047FE
:10375000616AC5F30740C5F30726A1B1A26A92B119
:103760008DF800008DF801608DF802500321684645
:103770009047626A394640469047A0698047206971
:103780008047BDE8F883216A8847216A3046884728
:10379000216AE8B28847002505E0E069804708F81B
:1037A00005006D1CADB2BD42F7D3E6E72C0000204A
:1037B000F8B5164C05460E46E068804760698047BC
:1037C000A26A45F004058AB1280C8DF80000280A89
:1037D0008DF801008DF802508DF8036004216846D1
:1037E0009047A069804720698047F8BD216AC5F3EA
:1037F00007408847216AC5F307208847216AE8B255
:103800008847216A30468847EBE700002C000020FB
:10381000F8B51A4C05461646E0680F4680476069C1
:103820008047A26A45F004059AB1280C8DF8000083
:10383000280A8DF801008DF8025003216846904750
:10384000A26A314638469047A06980472069804780
:10385000F8BD216AC5F307408847216AC5F30720F0
:103860008847216AE8B28847002504E0216A785D2C
:1038700088476D1CADB2B542F8D3E5E72C000020B7
:103880000FB4054B10B503A9044A029800F0FCF8E8
:1038900010BC5DF814FB000045550008140400201E
:1038A00037B514460846064B6A46214600F0ECF848
:1038B00004466946002000F06AFC20463EBD000038
:1038C0008F4100080907090E002804DB00F1E02001
:1038D00080F80014704700F00F0000F1E02080F83D
:1038E000141D704702E008C8121F08C1002AFAD14F
:1038F00070477047002001E001C1121F002AFBD170
:10390000704700002DE9FF5F82B00021DDE904303F
:10391000020DDDF840B0034318D044F61050A2F277
:10392000FF3242431514119801281FD0A5EB0B005C
:10393000401C5FEA000A4FF000064E4FDFF8389156
:10394000B046504615D5CAF1000413E01198012481
:103950004AA3012801D16FEA0B010298119AC0E92C
:103960000031C0E9024206B0BDE8F09FCBF1000093
:10397000DFE704460021404A491842EB0450CDE9F4
:10398000001012E0E00707D032463B464046494669
:10399000FCF7C7FE8046894632463B46104619462C
:1039A000FCF7BFFE06460F466410002CEAD1DDE9A5
:1039B0000401DDE90023BAF1000F06DAFCF7B1FEDD
:1039C00042464B46FCF7ADFE05E0FCF71CFF4246C5
:1039D0004B46FCF718FF04460E460022284BFCF726
:1039E00099FF03D84FF0FF30014607E00022254B36
:1039F00020463146FCF7EEFDFCF774FF102409E089
:103A0000002C0ADB0A220023FCF770FD039B3032F6
:103A10001A55641E50EA0102F2D1641C039AC4F1E3
:103A200011031444119A012A03D0012208430DD135
:103A30000AE0084304D000204FF0110B119072E708
:103A4000A3EB0B056D1E0DE05B4504DD4FF000029E
:103A500005F1010504E003DA4FF00002A5F10105CC
:103A6000002AECD002981199C0E90231C0E9004562
:103A700079E70000000014400000F03F3000000033
:103A80000000F0430000E03F2DE9FF4F95B09A465B
:103A9000884606460025EEE1252877D100242746F2
:103AA000F94A0121039400E0044316F8013F203B4A
:103AB00001FA03F01042F7D130782A2811D06FF0C4
:103AC0002F033078A0F13002092A16D8039A44F067
:103AD000020402EB820203EB42021044761C0390C4
:103AE000EFE758F8042B0392002A03DA504244F41B
:103AF0000054039044F00204761C30782E2816D12E
:103B000016F8010F44F004042A280DD06FF02F029C
:103B10003078A0F13003092B09D807EB870302EBBB
:103B20004303C718761CF3E758F8047B761C3078FB
:103B30006C280FD006DC4C2817D068280DD06A28D6
:103B400014D104E0742810D07A280FD10DE044F489
:103B500000140AE044F4801401E044F44014727844
:103B6000824202D104F58014761C761C30786628D7
:103B70000BD013DC582877D009DC002875D04528F5
:103B8000F6D04628F4D047281AD193E118E06328EC
:103B900035D0642879D0652812D18BE1702873D094
:103BA00008DC6728F1D069286FD06E280DD06F2807
:103BB00006D1ACE073282CD0752874D0782853D067
:103BC0005246179990476D1C54E1C4F302500228E5
:103BD00009D003280DD0D8F8001004280DD00D60AE
:103BE00008F1040846E1D8F80010EA17C1E90052CC
:103BF000F6E7D8F800100D80F2E70D70F0E718F83E
:103C0000041B8DF8001000208DF80100EB46012008
:103C100003E058F804BB4FF0FF3061074FF000019C
:103C200002D40DE009F101018946B9420FDA81455C
:103C3000F8DB1BF809100029F4D108E009F10101B3
:103C400089468142FADB1BF809100029F6D1039856
:103C50005346A0EB090721463846179A00F080FA30
:103C6000284400EB090507E044E008E10DE01BF8FB
:103C7000010B524617999047B9F10109F7D2534603
:103C800021463846179AF2E039E00A21C4F302527D
:103C90004FF0000B0091022A06D058F8040BC11710
:103CA000032A09D00AE023E008F1070020F0070208
:103CB000F2E80201904605E000B2C117042A01D1E2
:103CC00040B2C117002906DA0A460021404261EBE2
:103CD00002012D2202E0220504D52B228DF80420BA
:103CE000012203E0E20701D02022F7E7914657E0E6
:103CF0000A2100E010214FF0000B00910BE0102191
:103D00004FF0000B44F004040827009103E0082062
:103D10004FF0000B0090C4F30252022A05D058F86D
:103D2000040B0021032A08D008E008F1070020F066
:103D30000702F2E80201904603E080B2042A00D1B3
:103D4000C0B24FF0000922072AD53278702A07D076
:103D5000DDF800C08CF0100C5CEA0B0C05D00EE016
:103D600040228DF80420012208E050EA010306D029
:103D700030238DF804308DF8052002229146009BF7
:103D800083F0080353EA0B030AD150EA010201D180
:103D9000620705D530228DF804204FF001097F1EFF
:103DA0003278582A04D039A20C920CAA02920BE065
:103DB0003BA2F9E75B46009AFCF798FB0C9B9B5CE7
:103DC000029A521E0292137050EA0102F2D1029836
:103DD00004A9081A00F1200B600702D524F48034EE
:103DE00000E001275F4502DDA7EB0B0000E00020AB
:103DF00000EB0B01009003984944401A0390E00344
:103E000006D453462146179A039800F0A9F90544B1
:103E1000002706E001A85246C05D179990476D1C27
:103E20007F1C4F45F6DBE0030CD553462146179A1D
:103E3000039800F095F9054404E0302052461799A4
:103E400090476D1C0099481E00900029F5DC08E0A1
:103E50000298029952460078491C0291179990479E
:103E60006D1CBBF10001ABF1010BF1DC5BE100F07B
:103E700065F90544761C307800287FF40DAE19B042
:103E80002846BDE8F08F00000928010030313233A8
:103E90003435363738396162636465660000000086
:103EA0003031323334353637383941424344454670
:103EB00000000000600700D4062708F1070020F08A
:103EC0000700F0E80223804603F0004C5FEA0C0094
:103ED00001D097A009E0200501D596A005E0E007F4
:103EE00001D095A001E0AFF24C001390307823F0A0
:103EF000004365280CD006DC452809D046281DD093
:103F000047287FD13BE0662818D067287AD136E071
:103F10000021112F01DB112000E0781CCDE9000108
:103F200004A90CA8FFF7EEFCDDE90D010C9A4FF097
:103F3000000B07F10109109200914EE04FF0004094
:103F40000097CDE9011004A90CA8FFF7DBFCDDE91F
:103F50000D020C9B0F994FF0000B914610930092AD
:103F600011B9791C00EB0109B7EB090003D4C0F1CA
:103F7000FF3B07F10109A9EB0700019042E0012F87
:103F800000DA01270021112F01DD112000E0384661
:103F9000CDE9000104A90CA8FFF7B4FCDDE90D018F
:103FA0000C9A00914FF0000BB946109221070FD4E4
:103FB000009A4A4503DA914601E0A9F10109B9F1F5
:103FC000010F05DD109AA9F10101515C3029F4D0EF
:103FD000B84202DA10F1040F03DA0121CDE9011031
:103FE00010E0002803DC8344A9EB000102E0411C3F
:103FF000494500DD8946A0EB0B00401C01904FF0C5
:1040000000400290200705D40198484502DB4FF09C
:10401000FF30019000208DF84B0002980DF14B0706
:10402000B0F1004F25D002200C902B200D9002986B
:1040300000280CDA404202902D200D9007E00A2162
:104040000298FCF73DFA3031029007F8011D0C99F7
:10405000481E0C900029F2DC02980028EFD1791E4E
:104060000D980870307800F0200040F0450007F807
:10407000020D11A8C01BC01D02901398007800B15A
:10408000012000EB0901019801EBE0710298014465
:104090000398401A401E0390E00306D4534621467D
:1040A000179A039800F05CF805441398007818B14B
:1040B0005246179990476D1CE00323D5534621467D
:1040C000179A039800F04CF805441BE0BBF1000F71
:1040D00007DB0098584504DD1098179910F80B007D
:1040E00001E0179930205246904701980BF1010BDF
:1040F000401E05F10105019004D12E20524617996A
:1041000090476D1CB9F10001A9F10109DEDC05E061
:1041100017F8010B5246179990476D1C0299481EDB
:1041200002900029F4DC53462146179A03989EE634
:104130002D0000002B000000200000002DE9F041C0
:10414000044600251E461746880404D405E0394677
:104150002020B0476D1C641EF9D52846BDE8F081CB
:104160002DE9F041044600251E469046C80301D5BE
:10417000302700E02027880404D505E04146384672
:10418000B0476D1C641EF9D52846BDE8F0810A6869
:10419000531C0B60107070472DE9F04F0F4604461A
:1041A00090F820108FB03D0E00200DF12C0B4EF634
:1041B000187801264FF0040A99B10A9007900890E8
:1041C000099005900690814603900490009001901C
:1041D0000290002304220621204600F095FCB0B98D
:1041E00034E1E17F00297DD00A9007900890099082
:1041F00005900690814603900490009001900290F3
:10420000002301220621204600F07EFC10B1DAA036
:1042100061699BE0207F10B101284ED087E0618B5F
:1042200041452FD38DF82C50CDE90769CDE909968A
:10423000CDF80C90CDF81090CDE9059B4D46CDF80A
:104240000090CDF8049000230122C5212046CDF82E
:10425000089000F059FC10B1CFA0616976E00A9592
:10426000079508950995059506950395049500957C
:1042700001950023012206212046029500F044FC0E
:104280000028C4D1CDF82890CDF82090CDF8249006
:10429000CDF81490CDF81C90CDF80C90CDF810907E
:1042A0000321CDF818900096CDE9011901223B4673
:1042B00020211DE0C4A0616948E0618B414536D3EF
:1042C000CDF82090CDF82490CDF828900122CDF89B
:1042D0001C90CDF80C90CDF81090CDF814903B4682
:1042E000202100E037E0CDF818900096CDE901A933
:1042F000204600F009FC0028DCD14FF4C8774D4679
:104300000DF13408CDE908860595079506950095C9
:1043100003950495019500230122052120460A9664
:10432000029500F0F1FB28B1B0A061690EE0B7A0E2
:1043300061690BE09DF83400C0077CD00120E16882
:104340007F1E8847002FDDD16169B9A08847012011
:104350000FB0BDE8F08F06218DF82C108346009039
:10436000002301220BA9204600F060FD002888D11F
:10437000207FC7F3074AC7F30729FFB290B301288C
:10438000D5D1618B4145D2D320208DF82C008DF8FA
:104390002D508DF82EA000238DF82F908DF83070C1
:1043A0000522CDF800B00BA9204600F03FFD002803
:1043B00080D14FF4C87505278DF82C700DAB012204
:1043C0000BA92046009600F031FD0028ACD19DF8E5
:1043D0003400C00737D00120E1686D1E8847002DEA
:1043E000EAD1B1E7FFE7618B41451CD3C5208DF8C9
:1043F0002C008DF82D505D46002302220BA920468B
:10440000CDF800B000F012FD00287FF425AF0620A3
:104410008DF82C00002301220BA92046009500F006
:1044200005FD0028A3D120208DF82C008DF82DA0AB
:104430008DF82E9000E09BE000238DF82F70042271
:10444000CDF800B0AFE7002DCBD093E0207FE8B3EC
:10445000012895D1618B414595D3CDF82890CDF8B1
:104460002090CDF82490CDF81490CDF81C90CDF884
:104470000C90CDF81090CDF800A0CDF81890CDE9B3
:1044800001A93B4604222021204600F03DFB0028E4
:104490008ED1B0464FF4C8774D460DAE07A8002325
:1044A00080E86005059506950395049500950195AE
:1044B000042205212046029500F026FB002885D124
:1044C0009DF83400C00753D0012000E005E0E1680A
:1044D0007F1E8847002FE1D136E7618B41452FD3FE
:1044E0008DF82C50CDE90769CDE9099ACDF80C90EB
:1044F000CDF81090CDE9059B4D46CDF80090CDF854
:10450000049000230422C5212046CDF8089000F035
:10451000FBFA00287FF4A0AE0A9507950895099547
:1045200005950695039504950095019500230422B1
:1045300006212046029500F0E7FA00287FF467AED6
:10454000CDF82890CDF82090CDF82490CDF8149097
:104550000321CDF81C90CDF80C90CDF81090CDF83B
:1045600000A0CDF81890CDE901193B4604228AE756
:10457000002FB1D00020EBE67732357178783A2001
:10458000777269746520656E61626C652066616929
:104590006C65642E0A0000007732357178783A2015
:1045A000777269746520657874656E6465642061EE
:1045B00064647220726567697374657220666169EC
:1045C0006C65642E0A0000007732357178783A20E5
:1045D000736563746F7220657261736520346B203C
:1045E0006661696C65642E0A0000000077323571DF
:1045F00078783A206765742073746174757331201C
:104600006661696C65642E0A0000000077323571BE
:1046100078783A2061646472657373206D6F6465A5
:1046200020697320696E76616C69642E0A0000004F
:104630007732357178783A20736563746F722065CC
:104640007261736520346B2074696D656F75742EAB
:104650000A0000002DE9F04F8946044690F820102A
:1046600000208DB01F4690464EF6187A4FEA196525
:10467000012699B10A90079008900990059006903C
:10468000834603900490009001900290002304223E
:104690000621204600F038FAB0B938E1E17F002960
:1046A0007CD00A9007900890099005900690834668
:1046B00003900490009001900290002301220621B3
:1046C000204600F021FA10B1DAA06169D4E0207F21
:1046D00010B1012842D082E0618B514530D38DF872
:1046E0002C50CDE9076BCDE909B60BA8CDF80CB07D
:1046F000CDF810B0CDE905B05D46CDF800B0CDF8ED
:1047000004B000230122C5212046CDF808B000F0F6
:10471000FBF910B1CFA06169AEE00A950795089545
:104720000995059506950395049500950195002337
:10473000012206212046029500F0E6F90028C3D1A7
:10474000CDE9077BCDE909B65846CDF80CB0032179
:10475000CDF810B00FE0CBA061698DE0618B5145C1
:104760003DD3CDE9077BCDE909B65846CDF80CB06D
:104770000421CDF810B00096CDE90508CDE901106F
:104780004B4601220221204600F0BEF90028E2D16A
:104790004FF496775D460DF1300800E022E0CDE958
:1047A000088605950795069500950395049501954E
:1047B00000230122052120460A96029500F0A4F963
:1047C0000028C8D19DF83000C0077CD00A2021699C
:1047D0007F1E8847002FE0D1B2A061694CE0B9A0EC
:1047E000616949E0002006218DF82C1003460090F5
:1047F00001220BA9204600F019FB00289FD1C9F324
:104800000740217F0290C9F3072B04F1210009F032
:10481000FF090190A9B30129E1D1618B5145DED394
:10482000022084F8210084F82250029884F82300A2
:1048300084F824B084F825903A46414604F12600D5
:10484000FBF782FC002003467A1D00902046019968
:1048500000F0ECFA00289AD14FF496755FF0050746
:104860008DF82C700CAB01220BA92046009600F0AD
:10487000DDFA48B361699CA0884701200DB0BDE80E
:10488000F08FFFE7618B51451BD3C5208DF82C00BD
:104890008DF82D5000252B4602220BA920460095AD
:1048A00000F0C4FA00287FF435AF06208DF82C0004
:1048B000002301220BA92046009500F0B7FA00283A
:1048C0009CD1022001E0B0E013E084F821000298BE
:1048D00084F8220084F823B084F824903A464146B4
:1048E00004F12500FBF730FC002003463A1D009040
:1048F000ACE79DF83000C00706D00A2021696D1E84
:104900008847002DACD167E7002DFCD08FE0207FD9
:10491000F0B301287FF4DFAE618B5145FFF4DBAECD
:10492000CDE9077B0421CDE909B1CDF80CB0CDF874
:1049300010B00091CDE905B8CDE9011B4B460A4600
:104940000221204600F0E0F8002884D1B1464FF45F
:1049500096775D464FF004080CAE07A8CDF8288086
:1049600080E86002059506950395049500950195EC
:104970000023042205212046029500F0C5F80028F6
:10498000E3D19DF83000C0074FD00A207F1E00E021
:1049900004E021698847002FDFD11DE7618B514575
:1049A00031D38DF82C50CDE9076B0420CDE909B047
:1049B0000BA8CDF80CB0CDF810B0CDE905B05D4630
:1049C000CDF800B0CDF804B000230422C521204664
:1049D000CDF808B000F098F800287FF49BAE0A9557
:1049E00007950895099505950695039504950095F5
:1049F00001950023042206212046029500F084F848
:104A000000287FF461AECDE9077B0421CDE909B12F
:104A1000CDF80CB0CDF810B00091CDE905B8032267
:104A2000CDE9012B4B460A468AE7002FB5D000207E
:104A300024E700007732357178783A20777269740C
:104A40006520656E61626C65206661696C65642EC7
:104A50000A0000007732357178783A2077726974ED
:104A60006520657874656E64656420616464722095
:104A70007265676973746572206661696C65642E1E
:104A80000A0000007732357178783A2070616765E6
:104A90002070726F6772616D206661696C65642E4B
:104AA0000A0000007732357178783A2070616765C6
:104AB0002070726F6772616D2074696D656F7574B7
:104AC0002E0A00007732357178783A20616464727A
:104AD000657373206D6F646520697320696E7661FC
:104AE0006C69642E0A0000007732357178783A20BC
:104AF0006765742073746174757331206661696CC5
:104B000065642E0A000000002DE9FF4F8BB09B4624
:104B10009646DDE9217CDDE91F56DDE91D34DDE93E
:104B20001B12DDE91998CDE90098CDE90212DDF8F4
:104B300060A0CDE90434CDE90656CDE9087C84684F
:104B400053465A4671460C98A047002800D00120D1
:104B50000FB0BDE8F08F00002DE9F04F91460446FC
:104B600090F820200F0E8DB088461E464EF6187025
:104B70004FF0010A00254FF0040B2AB1217F0029D4
:104B80007ED001297DD05EE0E17F0029217F61D0C8
:104B900011B1012941D056E0618B81422CD30A9595
:104BA0000795089509950595069503950495009533
:104BB000019500230122062120460295FFF7A4FF5C
:104BC00010B176A0616940E08DF82C70CDE907A5A1
:104BD000CDE9095A0BA803950495CDE90550009538
:104BE000019500230122C52120460295FFF78CFF85
:104BF00010B172A0616928E0CDE907590821CDE91B
:104C0000045103950695CDE9096A032150464346B0
:104C10000122AAE075A0616917E0618B814212D37D
:104C2000CDE907590821CDE9045103950695CDE951
:104C3000093A012243460B210295CDE900AB2046FB
:104C4000FFF762FF29E061696FA0884701200DB07E
:104C5000BDE8F08FC8F3074BC8F3072A08F0FF0838
:104C6000F1B10129EFD1618B8142ECD30B208DF89A
:104C70002C008DF82D708DF82EB08DF82FA001E04E
:104C80003AE076E08DF8308000938DF831504B4655
:104C900006220BA9204600F0C9F80028BAD1D6E7B1
:104CA000618B814219D306208DF82C00002301224C
:104CB0000BA92046009500F0B9F8002881D1C52045
:104CC0008DF82C008DF82D70002302220BA92046B0
:104CD000009500F0ABF800288BD10B208DF82C004C
:104CE0008DF82DB08DF82EA08DF82F808DF83050D6
:104CF0004B4605220096CCE7618B814228D30A956A
:104D000007950895099505950695039504950095D1
:104D1000019500230422062120460295FFF7F4FEA8
:104D20000028CBD18DF82C70CDE907A5CDE9095B22
:104D30000BA803950495CDE9055000950195002336
:104D40000422C52120460295FFF7DEFE0028C3D1CC
:104D5000CDE9096BCDE90759A17F5846CDE904514A
:104D6000032103954346042206958DE823000B2179
:104D700065E7618B8142FFF406AFCDE9093BCDE9E0
:104D80000759A17F0395CDE90451CDF800B00695F0
:104D9000CDE901B5042243460B2150E77732357146
:104DA00078783A20777269746520656E61626C6507
:104DB000206661696C65642E0A00000077323571E7
:104DC00078783A20777269746520657874656E64C6
:104DD00065642061646472207265676973746572CA
:104DE000206661696C65642E0A00000077323571B7
:104DF00078783A2066617374207265616420666118
:104E0000696C65642E0A00007732357178783A2033
:104E100061646472657373206D6F646520697320CB
:104E2000696E76616C69642E0A00000030B58BB043
:104E30000DF1180C01250E9C8CE83C000022CDE9F8
:104E40000421029203920092019284681346114653
:104E50001046A047002800D001200BB030BD000054
:104E60002DE9F0478146C8B2C0F580741D469046D2
:104E70000E46A34200D8ACB24FF480772346424698
:104E800031464846FFF7E6FB30B1D9F8141009A0C7
:104E900088470120BDE8F087A54208D02D1BA0441B
:104EA0002644BD4201D93C46E8E7ACB2E6E7002023
:104EB000F0E700007732357178783A2070616765E5
:104EC0002070726F6772616D206661696C65642E17
:104ED0000A00000010B508A0FEF7D2FC134807F046
:104EE000E5FC20B112A0FEF7CBFC012010BD17A0FD
:104EF000FEF7C6FC002010BD7732357178783A2075
:104F0000636869702065726173652073746172747F
:104F100020286D61792074616B6520757020746F35
:104F20002031303073292E2E2E0A00005008002028
:104F30007732357178783A206368697020657261DC
:104F40007365206661696C65642E0A00773235717D
:104F500078783A20636869702065726173652064AF
:104F60006F6E652E0A0000002DE9F041044600290D
:104F70003ED065184FF08072954234D929461DA065
:104F8000FEF77EFC0120BDE8F081281B2104090CFE
:104F90000CD1B0420AD32146234807F005FA10B1DC
:104FA000214622A018E004F580341FE061040CD1F2
:104FB000B8420AD321461C4806F072FF10B12146C0
:104FC00025A009E004F5004410E02146164808F049
:104FD000E9FA28B121462BA0FEF752FC0220D2E7C5
:104FE00004F5805402E04FF480367710AC42CCD305
:104FF0000020C8E77732357178783A20657261739E
:10500000652072616E6765206F766572666C6F777A
:105010002028307825303858203E20307825303808
:1050200058292E0A00000000500800207732357100
:1050300078783A20626C6F636B20657261736520CB
:1050400036346B206661696C656420617420307849
:10505000253038582E0A00007732357178783A209A
:10506000626C6F636B2065726173652033326B20F5
:105070006661696C65642061742030782530385829
:105080002E0A00007732357178783A2073656374A0
:105090006F7220657261736520346B206661696C84
:1050A0006564206174203078253038582E0A00005D
:1050B00000214EF617700A4606F050BE13460A4607
:1050C0000146014808F0F8B85008002013460A4687
:1050D0000146014808F0CABD50080020F8B54FF459
:1050E000D8563046FEF7FEFA054603213046FEF755
:1050F0005FFB0E4B41F28830DC1F009011220CA1A7
:10510000A07806F059FC074629463046FEF750FBCA
:105110000D3708D006F09CF9E069E169091A022907
:10512000FBD30020F8BD0120F8BD00005F00002087
:10513000434845434B5F49505F434F4E464C4943BC
:105140005400000070B51A4C0125204694F9011056
:10515000002690F90000022917DAD4E907219142CC
:1051600023D2012804D0022805D0042805D102E06A
:1051700006F0EEF901E006F0D7FAE661E0690A30E0
:1051800020626078401C60700FE0012804D0022883
:1051900005D0042807D102E02670002503E006F0C0
:1051A000D7F90120207006F0BBF8284670BD00003A
:1051B0005800002070B50446082802D94FF0FF308F
:1051C00070BD4FF4847000EB441005461021FEF7CB
:1051D000EFFA2846FEF786FA0028FAD14FF402705B
:1051E00000EB44101F21FEF7E3FA0D490120A04017
:1051F0004A8882434A808A8882438A8009490020FB
:1052000021F814000649891D08554FF4427000EB3F
:1052100044142046FEF766FA0028FAD1012070BD3A
:1052200014000020781900202DE9F0410C460021DF
:1052300002464F1E08464FF498554FF4A056102AC8
:1052400063D2DFE802F0080B17131A1E222C364532
:10525000484C5950555C09F01AF84DE014B12046FD
:1052600004F10801BDE8F04108F0E8BE208808F02C
:105270006DFE41E008F098FE05E0208808F0C8FFC8
:105280003AE008F0A0FE208036E02088010A284697
:10529000FEF78EFA21783046FEF78AFA2CE0304687
:1052A000FEF720FA06462846FEF71CFA06EB002019
:1052B000E9E7174882782270C27862700279A2709A
:1052C0004279E27082792271C0796071A17113E034
:1052D00009F06FF810E0204609F080F80CE0204655
:1052E00009F028F808E02078BDE8F04109F09BB803
:1052F00009F052F805E020700020BDE8F08109F0C7
:1053000040F8C0B241B2491CF5D13846F5E700007B
:105310002C00002010B5042209494FF47060FEF7FC
:1053200077FA0749042208314FF4A060FEF770FABB
:1053300003490422091DBDE810409001FEF768BA38
:105340005F00002010B580210020FEF731FA002018
:10535000FEF7C8F9BDE81040062202494FF410607C
:10536000FEF756BA9800002010B580210020FEF705
:105370001FFA0020FEF7B6F9FFF7CCFFBDE810409A
:10538000062202494FF41060FEF742BA980000204E
:10539000FCF718BA70B50446082802D94FF0FF3060
:1053A00070BD600101250830FEF79CF900F00F0088
:1053B000012801D0A81F70BD4FF4847000EB441089
:1053C00006460821FEF7F4F93046FEF78BF900286F
:1053D000FAD11248A5408188A943818040880542BE
:1053E0000CD0002070BD3046FEF77CF900070DD5CB
:1053F0002046FFF7DFFE6FF00C0070BD4FF4027027
:1054000000EB44164FF4427000EB44152846FEF7BB
:1054100069F90028E7D1012070BD000014000020C8
:105420001B4A00B5104485B0B0F1006F28D3194B6A
:1054300042189A4224D819B372B6002204920092FC
:10544000A0F100600192820A0844401E92026FF3AC
:10545000090000F1006002F10062801A012101EBF5
:105460009020CDE90220FCF7A9F80B493520C8604F
:1054700004A96846FCF704F828B1FCF755F862B6B1
:10548000012005B000BDFCF74FF862B60020F8E738
:105490000044000800000108002002400B460A49B1
:1054A00010B50144B1F1006F0BD3084C8818A0422D
:1054B00007D832B172B61846FAF746FE62B6002037
:1054C00010BD012010BD00000044000800000108CC
:1054D0002DE9F041184BC418B4F1006F13D3174BEA
:1054E000A01898420FD872B144EA0200C0070AD14E
:1054F00049B172B60E465708FCF760F810493420DF
:10550000C860002510E00120BDE8F08136F81520C4
:10551000002321460120FCF711F818B1FCF704F82C
:1055200062B6F0E7A41C6D1CBD42EFD3FBF7FCFF95
:1055300062B60020E8E7000000440008000001080F
:105540000020024013B54FF0FF33012269460248A4
:10555000FDF77CFB00981CBD1807002010B5002843
:1055600021D0114B0022001F196803E0814203D8AB
:105570000A4649680029F9D152B11368841A9C423D
:1055800004D1006818441060104602E0506000E04A
:10559000186039B102680B1A934203D10B681A44A0
:1055A00002604968416010BD1804002004490A786F
:1055B00002704A7842708A788270C978C1707047E8
:1055C0006B00002004490A7802704A7842708A7899
:1055D0008270C978C17070476300002004490A785E
:1055E00002704A7842708A788270C978C1707047B8
:1055F0005F00002004490A7802704A7842708A7875
:105600008270C978C1707047670000202DE9F041B1
:1056100042F2086101EB401542F20871002601EBED
:1056200040142846FEF75EF807462046FEF75AF873
:1056300000EB072007043F0C09D02846FEF752F87C
:1056400006462046FEF74EF800EB062086B2BE4224
:10565000E7D13046BDE8F0812DE9F04142F2080182
:1056600001EB401542F20811002601EB40142846D8
:10567000FEF738F807462046FEF734F800EB07201F
:1056800007043F0C09D02846FEF72CF806462046B2
:10569000FEF728F800EB062086B2BE42E7D130467E
:1056A000BDE8F081B0FBF1F201FB1201401A704736
:1056B0000844421EB2FBF1F301FB1321401A401EC5
:1056C00070470000F8B50E4604460125A16D2CE098
:1056D000626E00F0070302EBD00205FA03F31278C2
:1056E0001A421DD1E16D606D0844E16EB0FBF1F22C
:1056F00001FB12003060A16DE06D401CE065226E80
:10570000521E2266884209D2626E02EBD00200F07D
:105710000700127805FA00F00242EDD10020F8BD32
:10572000401CE065206E401E2066E06D8842CFD3AD
:10573000206E28B1204600F055F80028C6D0F8BDEC
:10574000E16D606D0844E16EB0FBF1F201FB120304
:1057500005A0009040F2BE2204A109A0FEF790F837
:105760006FF01B00F8BD0000000000002E2E5C4210
:1057700053505C6C66735C6C66732E6300000000B3
:1057800025733A25643A6572726F723A204E6F2023
:105790006D6F726520667265652073706163652048
:1057A0003078257825730A0000218165C165C16EB6
:1057B00001667047426D8A1AC16E0A44B2FBF1F36A
:1057C00001FB1321826D8A4209D9406E01F0070363
:1057D00000EBD1020121107899400843107000209D
:1057E0007047000070B50446406DE16D0844E16EFD
:1057F000B0FBF1F201FB120060650020E065A06ED5
:10580000216EC06AC00003F00FFCA065A06EC16AE3
:10581000606EFAF7B2FC224601230649104603F0F7
:1058200069FA050004D02046FFF7BEFF284670BD88
:10583000002070BDB55700082DE9FF4F87B098468E
:10584000DDE91667DDE914A99346002423E03D1B3A
:10585000082D00D3082501A904AA09EB0400CDF8FE
:1058600000A081E82500DDE90701A8EB04035A4602
:1058700000F0CAF8002808D131192A4604A8FAF71E
:10588000B8FC38B1002803DA01200BB0BDE8F08F76
:105890000220FAE72C44BC42D9D30020F5E72DE9D9
:1058A000FF4F87B09846DDE91667DDE914A99346F6
:1058B00000241BE0351B082D00D3082501A904AAEC
:1058C00009EB0400CDF800A081E82500DDE907011F
:1058D000A8EB04035A4600F097F8002809D12A469D
:1058E00004A9386800F0DAF92C443860B442E1D3F6
:1058F00000200BB0BDE8F08F806EC26810472DE924
:10590000FF41064608680C461F469046411C2ED0B3
:10591000801C2CD0B06E8169A068FFF7C9FE009092
:105920000546B06ED4E90012D0F808C0E368E0473D
:10593000002815D1BFB1411EC8F80010D4E90012EB
:10594000E068CDE90012CDE902052B464246002170
:105950003046FFF771FF002802DB04D06FF05300E0
:1059600004B0BDE8F0812146304600F0F4F8002094
:10597000F6E72DE9FF5F8146DDE90F509B460C46B7
:1059800080460E9F119E3BE02068B8422ED1606891
:10599000A8422BD8D9F86810896A4218AA4225D99A
:1059A0002A1A881AB04200D930468246E068414639
:1059B00010445246FAF7C8FBD4E901015544281AAD
:1059C000D044A6EB0A06814200D90846A060D9F867
:1059D0006810896A884213D15B4621464846029A7C
:1059E000FFF78DFF60B104B0BDE8F09F2760D9F8E4
:1059F000680081692846FFF755FE60600020A060BE
:105A0000002EC1D10020EEE72DE9FC5F0746806E35
:105A1000DDE90EA4DDE90C858946C06929199B469C
:105A20001646814204D8F86E00283BD040457ED807
:105A30006FF05300BDE8FC9F2046B9F1000F17D06E
:105A4000D9F80020424513D1D9E901128B18AB4295
:105A50000ED9A94208D86B1AD11A814200D808463B
:105A60000090D9F80C0014E0491B814200D8084688
:105A7000316841451BD1D6E901128B18AB4216D9CA
:105A8000A94210D86B1AD11A814200D8084600905A
:105A9000F068009AC1185046FAF756FB0098824405
:105AA0000544241A43E0491B814200D808465C455E
:105AB0001AD3B96E4969B5FBF1F201FB12529AB9DA
:105AC000A14211D8FFF7EEFD01900090B86E534649
:105AD0002A46D0F804C04146E0470028AAD10199DF
:105AE0008A440D44641A22E0C6F80080B86E416909
:105AF0002846FFF7D7FD7060B86E416905EB0B00D3
:105B0000FFF7D6FDB96EC96903F08EFA7168401AC5
:105B1000B96E896A03F088FAB0600090B86ED6E971
:105B20000012D0F804C0F368E047002882D1002CAE
:105B300082D100207EE710B504464FF0FF301060A0
:105B40002046FFF7DCFE002804D1A06E0169BDE805
:105B50001040084710BD10B5806E0C46FF22816AC8
:105B6000E068FAF703FB4FF0FF30206010BD000043
:105B70002DE9F0470D4604465421FAF7FEFA0126B6
:105B80003702DFF8AC904FF4FA78012D01D0DDB187
:105B900043E0FFF78DFA27A0FDF772FE66614FF430
:105BA0008050C4E90670C4E90808C010C4E90A704E
:105BB0002749C9F804102749C9F8081026493E4664
:105BC0004D46C9F80C1018E024A0FDF759FE02203C
:105BD00066614102C4E90601C4E908081020C4E96D
:105BE0000A702748C9F804002648C9F80800264862
:105BF000C9F80C003E464D46102004F02BF9A86170
:105C0000304604F027F92861304604F023F9686132
:105C10002969C4E90D10A869E0631C4860601C484C
:105C2000A0601C48E0601C482061BDE8F0870000CF
:105C3000D80000206C66733A206D6F756E74696EC3
:105C4000672057323551313238202E2E2E0A00006F
:105C5000BD500008694F0008CD5000086C66733ACB
:105C6000206D6F756E74696E6720696E7465726EF3
:105C7000616C20666C617368202E2E2E0A00000075
:105C80009D54000821540008D15400081D860008C6
:105C900049860008F98500084586000870B500238C
:105CA0000B4C11E0CD5C5B1C85EA000606F00F068C
:105CB00054F8266086EA101080EA151505F00F05E5
:105CC00054F8255085EA10109342EBD370BD0000C4
:105CD000A8E6000841420840B0FA80F0C0F11F0079
:105CE000704700002DE9FF4F8BB04FF00409DDE94C
:105CF00019860DF11C0A06A90B98FFF7E3FC002892
:105D000038D106990B98FFF7F7FD80BB189878B14A
:105D1000401E059005A90B9800F0FBF805990B9A19
:105D2000491C0591926ED2698A422FD0002425E049
:105D30000698C8F80000002066E001250E9909AF1A
:105D400003958DE89200031B00210D9A0B98FFF735
:105D50005BFE00280ED1069803958DE891000DF1A9
:105D60002C0B01239BE80700FFF703FE28B110F17D
:105D7000540F4CD00FB0BDE8F08F641C05988442DE
:105D8000DBD30699C8F8001005983DE0401CFFF7EA
:105D9000A1FF441C0E98002507902FE003F0F1FCB2
:105DA0004FEA850B069B0790CDE9003BCDE902A9A0
:105DB0000BAF012397E80700FFF7DBFD07460798C5
:105DC00002F0C0FC07901FB117F1540F1FD012E072
:105DD000611E8D4211D0CDE9000BCDE902A904234B
:105DE00000210D9A0B98FFF70FFE0746079802F067
:105DF000A9FC07900FB13846BCE76D1CA542CDD376
:105E00000699A000C8F8001030600020B2E707A093
:105E1000009040F6C53206A10AA0069BFDF730FDB2
:105E20000C984FF0FF31016065E7000000000000B2
:105E30002E2E5C4253505C6C66735C6C66732E63F2
:105E40000000000025733A25643A64656275673A7C
:105E50002042616420626C6F636B20617420307833
:105E6000257825730A0000002DE9FF4F85B0924682
:105E7000DDE9149812988B4660B1401E049004A985
:105E8000059800F046F8044613A9059800F041F87B
:105E9000054629E04FF0FF31C9F80010002129E044
:105EA0002046FFF717FF0146601BB0FA80F0C0F1F3
:105EB0001F0003F0B9F8064681000898042308AAD9
:105EC0008DE80F00524659460598FFF79DFD07469D
:105ED000089802F037FC08901FB1384609B0BDE8B9
:105EE000F08F0120B040241AAC42D9D80899C9F8E3
:105EF000001013990020C8F80010EFE710B5044611
:105F0000006802F01FFC2060606802F01BFC60600B
:105F100010BD2DE9F041806E0D680E46C469083C45
:105F2000B5FBF4F0002812D0401E03F0A9FB40425C
:105F300005EB80000838B0FBF4F7384603F0A0FB0F
:105F400004FB1751404201EB800030603846BDE849
:105F5000F08100002DE9FF4F87B0934614AA1D463B
:105F600092E84104002829D0401E069006A907980F
:105F7000FFF7CFFF04460DF1100929465046B04700
:105F800000281BD1ECB104F00100C0F102084FEA77
:105F900088030021CDE90051CDE90293DDE9070135
:105FA0005A46FFF731FD0546049802F0CBFB0490FA
:105FB000059802F0C7FB05902DB128460BB0BDE84F
:105FC000F08F0020FAE70025A8F1010707E000BFE5
:105FD00059F825105046B0470028EFD16D1CBD423E
:105FE000F6DB09EB8800A4EB080450F8045CC4E776
:105FF00010B50446806E406B10B9E068FFF7AEFA4A
:10600000A06E806B10B9E069FFF7A8FAA06EC06BB4
:1060100010B9606EFFF7A2FA002010BD2DE9FF4114
:106020000C4680460025681C00EBD07121F0010170
:10603000401A04EB80014046FFF744FB00281DD1C5
:106040006D1C022DEFDB0026A6602168042704F1F9
:106050000800CDE90016CDE9020742463B4631462D
:106060001046FFF7D1FC0546A06802F06BFB024624
:10607000A06035B115F1540F03D0284604B0BDE837
:10608000F081D8F86800406A002806DD401C40F026
:1060900001011046FFF70CFBA0604FF0FF30C4E990
:1060A0000370A682A061E061A675E6750020E5E7B1
:1060B00010B503F07BF8002010BD10B5044600F0C9
:1060C000E1FF002808DB06D04FF00001204602F077
:1060D0009FFB002800D1002010BD30B411C813462A
:1060E0000A46214630BC00F00AB810B504460846FE
:1060F00003F036FB216808442060002010BD2DE924
:10610000F047824686B01E460F461546104603F0FD
:1061100027FB7968044608197969884204D96FF029
:106120001B0006B0BDE8F087B96825F0004989EA90
:10613000010002F0FDFA0490042304AA39465046F7
:1061400000F024F90028ECD1002D08DB231F324693
:106150003946504600F01AF90028E2D120E0002527
:10616000A4F104081AE070683168012203920091DA
:1061700005AB2844CDE90103631B524600211046BC
:106180001B1FFFF741FC0028CBD1012305AA39468C
:10619000504600F0FBF80028C3D16D1C4545E2D302
:1061A0000020C7F80890BCE72DE9F04F8046806ECC
:1061B0000C468BB0C1696068143002F035FFD8F826
:1061C00068108969FFF774FA0646002708F1100085
:1061D000B9464FF0FF3B06909FE00246B11A0B1FF5
:1061E00040F2FE30834200D2081F001D1518B54250
:1061F00005D2A6F11400854200D228460546FF20AC
:106200008DF81400B5423CD3D8F86800D0E90631C7
:10621000C81AA84235D32068012105AACDE9022178
:10622000CDE90005424600211046FFF7EDFB10B115
:1062300010F1540F7ED152480021C0680A90D8F85E
:1062400068008369099322680AA8CDE90025CDE991
:10625000023042461046FFF722FB10B110F1540FF6
:1062600068D1099803F08DFA09900A9803F089FA29
:106270000A9009AB434A21464046FFF740FF0028F9
:106280007AD19DF814006168C043C0F3C0100005C6
:10629000691A00F1A040091F08433B4940EA010A7E
:1062A000A16881EA0A0002F043FA0790042207A9D4
:1062B000E068FFF7F3FCE06003F063FA0890D4E9CC
:1062C0000001082307AA8DE80F004246002310466C
:1062D0000699FFF74EFB00284ED11FB96768D4F826
:1062E0000C903F1D65609DF81410802088438AEA59
:1062F0000060C4E9020BB54207D2D8F86800D8F8AC
:106300001410806A0844A84207D842460023104669
:106310000699FFF710FC00282ED16068B042FFF408
:106320005CAF2069CDF810B03A1A04AD21683B1D6E
:1063300001AE00E020E0009186E825004246002101
:106340001046FFF7ACFA002816D104996FF05306F7
:10635000494510D121680420CDE90017CDE9020597
:106360000346424600211046FFF799FA002803D160
:106370000498002800D030460BB0BDE8F08F000034
:10638000A0E4000808FCFF5F00FC0F007FB50C468E
:106390001646D4E9001203938DE846001D460023FB
:1063A000024600F11001FFF7E4FA002809D12A465D
:1063B0003146E068FFF772FCE06060682844606086
:1063C000002004B070BD00002DE9FF4F95B00C46D1
:1063D000DDE9238B0546002700F0F8FD0600A068E4
:1063E000DFF8F09100F10100A060D9E90410CDE9D7
:1063F000001005D06946204603F0DEF800287DD164
:1064000074491822543109A8F9F79EFE6068099072
:10641000A96EC86C00B9C86908380E902846616832
:10642000FFF76AFA00286AD1A06803F0AAF9A06011
:10643000042304F1080209A92846FFF7A7FF8246B2
:10644000A06802F07FF9A060BAF1000F07D000BF8A
:106450001AF1540F74D0504619B0BDE8F08F09A856
:10646000CDE912505C4BC8F1000001B2CDE9061332
:1064700012AA08920021594BCDE90231189ACDF8A1
:1064800014B001921798CDF810804B1E0A46009068
:106490002846229901F0D0FA88BB04F11800009038
:1064A00003F0A6F8A0B9009803F0BEF8E07D09A9B2
:1064B00002054B4802F1C04202432846009BFFF709
:1064C0001EFE8246009803F088F8BAF1000FBFD193
:1064D00000200F90109011904FB905F13C010FA8CA
:1064E00002F0E0FC05F130010FA802F0DBFC05F141
:1064F00048010FA802F0D6FC0F9801E020E01CE054
:106500006FF309000F900FAA2146284600F0E6FB22
:106510000028A1D10FA802F0ACFC48B90FA802F0E6
:10652000B2FC0FAB2F4A09A92846FFF7E8FD20B9B6
:1065300009A92846FFF738FE38B110F1540F8BD166
:106540000127B81E2861D6B122E0D4E90010C4E9C1
:106550000001ABEB0800A0820A98E0600B98206174
:10656000D9E9120105F14803D9F8502083E8070062
:106570001FB9303507CD85E8070038466CE71AA00B
:10658000009040F6350219A11DA06368FDF778F967
:10659000D9E90610CDE9011001A9204603F00CF855
:1065A00058B1211D2846FFF78DF820B110F11C0FBE
:1065B000E4D1002EE2D0002622E70BA0009040F6A6
:1065C0003A020AA117A06368FDF75AF96FF01B00A1
:1065D00042E70000A0E40008DB60000800FC0F4078
:1065E00008FC0F000CFCFF7F000000002E2E5C4218
:1065F00053505C6C66735C6C66732E630000000025
:1066000025733A25643A64656275673A204261648D
:1066100020626C6F636B206174203078257825735D
:106620000A00000025733A25643A7761726E3A20B9
:106630005375706572626C6F636B203078257820BB
:10664000686173206265636F6D6520756E7772692E
:106650007461626C6525730A000000001FB5002498
:10666000631ECDE900340294039400F003F804B0F3
:1066700010BD00002DE9FF4F0746C06E99B090464F
:106680000C464FF0FF3560B1D8F80010814203D2BC
:10669000D8F80410814204D36FF053001DB0BDE858
:1066A000F08F00200D90834606460DF1340A0E90BF
:1066B00058F8260004230AEB860200218DE80F001B
:1066C0003A461046FFF7A0F981465AF8260002F034
:1066D00039F801464AF82600B9F1000F04D019F143
:1066E000540F0DD04846D9E7701C00EBD07222F051
:1066F0000102821A5AF82200081A002800DDB34667
:10670000761C022ED4DB0BEBDB7121F00101ABEB2D
:1067100001014FF0040958F8210020600BF101003D
:1067200000EBD07222F00102801A189058F8200075
:1067300060600DA80DF1140B50F82100A06000203E
:10674000E060099004F1080017900026D7480A96E7
:106750004FF0FF38D0E90010CDE9111015961496CE
:106760000895B246A06803F00CF8A06004224046E9
:106770001799FFF793FA0690A06801F0E3FFA06075
:10678000404602F0EDFF22680644CDF80C908DE8FB
:106790004408B86E3A460021C3691046FFF734F941
:1067A00000287DD1042205A90698FFF777FA069004
:1067B000059801F0BDFF80EA0800C1170590491C4B
:1067C00022D002F0CDFFB96E3044C969884221D889
:1067D0000598C0F3C36180460A291ED002F0C0FFAD
:1067E000011F301D0B9022680DF1040C06AB0092C6
:1067F0008CE80B00B86E3A460021C3691046FFF7DB
:106800004EF80028CDD13AE0C8F3C3600A2802D080
:1068100000208246B4E00120FBE720680BAB321D6C
:106820008DE80D02B86E3A460021C3691046FFF7A5
:10683000EBF8002834D10B9801F084FF0B900699F7
:1068400081427BD105990422090D88EAC17806A905
:10685000F86AFFF723FAF862089D059802F080FFB6
:106860003044C4E903080A98A0821198A0611298E4
:10687000E0611598E0754FF0FF30069080E70598CD
:1068800010F0E04F1CD0C0F30271042920D006297B
:106890003ED0C0F30A50A0F5A061FF3959D100E005
:1068A0004BE0206808230FAA0B998DE80F00B86E03
:1068B0003A460021C3691046FFF7A6F8E8BB3EE060
:1068C0000A99C0F38920884243D3401C0A9040E0D3
:1068D000010D0A9A49B20A4492B20A92744B089A7C
:1068E0001A40744B1A43824203D1089840F000408A
:1068F0000CE0089A521C2CD0C0F389220898C0F3EF
:106900008920824225D8089800EB8120089020E059
:10691000C0F3005015902068082311AA0B998DE848
:106920000F00B86E3A460021C3691046FFF76CF8B5
:1069300018B911A802F051FE0BE01DE020E00F98FD
:1069400001F000FF0F90109801F0FCFE1090012064
:10695000149005991C98269A08401C991140884269
:106960008CD1206802900B980390DDE9283002AAB0
:1069700005999847002813DA10F1540F7FF4B3AE4D
:10698000E06848B30020A075BAF1000F5FD0B96E7F
:10699000E0688969B0FBF1F201FB120098B356E0A0
:1069A00001D1059816E0444B0599089A01EA030CB9
:1069B0001A40944502D14FF0FF300BE00228CFD1AE
:1069C0000898C1F38922C0F3892082423FF656AF6E
:1069D00041F000400890D3E6D4E90010C4E900017A
:1069E00018980DA951F82000A0600998401C099042
:1069F0000228FFF6AAAE31A16068CDE9000140F29D
:106A000067522FA100E004E032A02368FCF738FFB2
:106A100042E61498D8B14FF0FF300890206808ABD8
:106A20000F9AE1688DE80F00B86E3A460021C369FD
:106A30001046FEF734FF10B110F1540F9ED10899A3
:106A40001098884201D1012000E00020A075214665
:106A500007F13C0002F000FA78B1F86BC0F389212D
:106A6000C5F38920814202D145F0004505E06A1C4A
:106A700003D0814201D2A5F58065279830B1C5F3D6
:106A80008920A18A02F0D0FA27990880E817401CD3
:106A900001D0284602E6A08AC5F38921884202D99E
:106AA0006FF00100FAE50020F8E50000A0E400081E
:106AB00000FC0F000000F04F00FCFF7F0000000012
:106AC0002E2E5C4253505C6C66735C6C66732E6356
:106AD0000000000025733A25643A6572726F723ABD
:106AE00020436F72727570746564206469722070DF
:106AF000616972206174207B307825782C20307891
:106B000025787D25730A00002DE9FF4F89B0834663
:106B10000B98DBF82010504F04680A9881610A989E
:106B2000DBF82410C1612078B8B30A9818300490BB
:106B3000C7F30A59B9F1020F04D148A12046F9F769
:106B40006EFB044445A12046F9F777FB0546012872
:106B500002D0022D08D00DE0012241A12046F9F714
:106B600048FB38B9641CE5E702223EA12046F9F74C
:106B700040FB90B166194FF0010A38A13046F9F791
:106B80004EFB3044804635A1F9F757FB060023D071
:106B9000012E08D0022E0DD012E0FFE76FF0150095
:106BA0000DB0BDE8F08F01222DA14046F9F721FB81
:106BB00040B105E002222BA14046F9F71AFB18B1BB
:106BC0000AF1010A4644D8E7AAF101005FEA000A87
:106BD000F8D108F10204ADE7207838B10B98B9F18B
:106BE000020F046004D06FF01300D9E73846D7E7EE
:106BF000C7F38920A0F54071FF390ED01A491B4A0E
:106C000041EA80230498009058460A9900F05BF806
:106C10000028C5DB049802F0E0FCDFF8548005AEE4
:106C20004FF0F049CDE906450C99CDF814B0CDE907
:106C30000051CDE902864B465846049A0A99FFF75F
:106C400019FD071EACDB01D02C4471E70A98C07D0A
:106C50000028E7D1801EA3E700FC2F002F000000D2
:106C60002E0000002E2E00000800002000FC0F70F7
:106C7000756C00082DE9FF410446C1F3090107685E
:106C800015460E46806802F0CFF9D5E9001203469A
:106C9000606800910393CDE901203A460021104637
:106CA000FEF7CAFD002805D1A068B04208D004D282
:106CB0004FF0010004B0BDE8F0814FF00200F9E7A9
:106CC0004FF00000F6E7FEB5C3F309060024089D67
:106CD0008DE8700000F0E2F8FEBD00001FB514461C
:106CE00001AA00920F4A0F4B0C3AFFF7ECFF002865
:106CF00002DA811C13D111E0801C0FD0019801F041
:106D000021FD0190029801F01DFD0290039801F011
:106D100019FD039001A9204602F0C4F8002004B038
:106D200010BD00000C00F07FFEB50646A2F54070D5
:106D30001C4615460F46FF3828D004F10800009085
:106D4000306F194A401C40EA85233046FFF7BBFFED
:106D5000002827DB000D207001A800901348144A7A
:106D600040EA852339463046FFF7ADFF050019D4C8
:106D700001A8FFF7C3F8C5F30A50A0F50071023966
:106D80000AD0A0F50071013908D00AE009A00088F6
:106D900020810220207004E0029801E0C5F3090080
:106DA00060600020FEBD000000FC0F78080000209D
:106DB00000FC0F702F0000002DE9FF4F83B0074645
:106DC000DDE91494B96E139DDDF840A0C969281956
:106DD0001E46904688425CD96FF0530007B0BDE86C
:106DE000F08F2046B8F1000F17D0D8F80010891C9A
:106DF00013D1D8E901128B18AB420ED9A94208D899
:106E00006B1AD11A814200D808468346D8F80C0084
:106E100014E0491B814200D808463168891C17D10B
:106E2000D6E901128B18AB4212D9A94210D86B1ABD
:106E3000D11A814200D808468346F0685A46C118E4
:106E40004846F9F781F9D9445D44A4EB0B0420E0EE
:106E50006FF001003060B86E41692846FEF722FCF1
:106E60007060B86E416905EB0A00FEF721FCB96E4F
:106E7000896A02F0D9F8B0607268F1680092CDE9D1
:106E80000110DDE911233846049900F007F80028C5
:106E9000A4DB002CA5D10020A0E700002DE9FF4FC6
:106EA0000F46814685B0D7E90350DDF84CA0049029
:106EB00093464FF0000809F13C0001F0CDFFCBF301
:106EC0008926002872D0002E70D0D9F83C00C0F37B
:106ED00089210898C0F3892081426DD066D2DFF8FD
:106EE000E08063E0049802F03BFC2D1A386804212E
:106EF00004AACDE90221CDE900050B464A46049CCF
:106F000000211046FEF780FD00284CD1049801F0C6
:106F10000FFC604020F000400490CEB14FF4E060E0
:106F200000EA1450B0F5806F12D1089AC4F3892199
:106F3000A2EB0800C0F38922914209D821490840F8
:106F400021490843A04237D0210D49B208EB8128DE
:106F500008990BEA0400A1EB080101EA0B01884241
:106F600024D1204602F005FC30BBC4F3090014997B
:106F700002F05AF8064612983A682844001DCDE9F6
:106F80000020CDE902A64A46334600211046FEF70E
:106F90003BFD002807D11498811B0AEB0600F9F786
:106FA000ECF804EB080009B0BDE8F08F049802F09B
:106FB000D7FB001DA84295D96FF00100F3E7000050
:106FC00000FCFFFF00FC0F0000001040806E406AD4
:106FD000002809DD8968401C40F00100491CB1FB14
:106FE000F0F200FB121008B100207047012070473A
:106FF000AFF3008077B50C4683B008310546002317
:1070000005AA0E46FFF780FD002805DBC0F30A51F4
:10701000022903D06FF0130006B070BDC0F38920C1
:10702000A0F54071FF3923D01449154A41EA802365
:1070300001A8009031462846FFF745FE0028EBDB0B
:1070400001A802F0CAFA01AA31462846FFF706FB5A
:107050000028E1D1A068E062E06820630020A08001
:10706000A0620220A071A86A20600020AC62D3E771
:10707000286A0190686A0290E5E700000800002095
:1070800000FC0F702DE9F04F9FB01F4690460E4652
:107090000446856A20E000BF05F1080086421AD048
:1070A000314602F089FAB0B9A879012813D1286BCA
:1070B000C00110D5A16EE86A896A88420BD92946B9
:1070C000204601F01FF900286DD12946204600F026
:1070D0004FFE002867D12D68002DDDD13068149057
:1070E000706815902022314604A8F9F72DF80CA8F5
:1070F000CDE900704346324604A9204600F0F4F979
:10710000050050D414A9304602F056FA20B92022C6
:1071100004A93046F9F718F8DFF8A4924FF00008F8
:10712000022D2CD104F1480231462046FFF7D6FD4E
:1071300000286ED10C9814900D98159006F1180047
:10714000074602F071FAF07D0121000500F1C04010
:1071500040EA0900CDE90018CDE9020702AB14AA04
:107160000CA9204600F0C0F90546384602F035FA71
:10717000002D70DB20220CA904A8F8F7E5FF04F12C
:107180003000002740F2FF3B169011E104F120008F
:107190001D90DDE9041215988AA38DE80F0040F6D2
:1071A000AB1289A100E034E08CA0149BFCF768FBD3
:1071B000002514A81D9902F0FFF918B9049820625F
:1071C00005986062A66A17E006F1080114A802F0AB
:1071D000F3F918B90498B0600598F060B079022806
:1071E00009D106F12C0114A802F0E6F918B90498A7
:1071F000F062059830633668002EE5D10CAA14A918
:10720000204601F09FFC060006F1020004D530B1D3
:1072100030461FB0BDE8F08F08B1012000E000202B
:107220008246B01C53D00121204601F043FD0028C6
:10723000EFD15D460CA9169801F00EFED8B1206B77
:1072400060A1C0F389250D98CDE90005029140F6B3
:10725000D8125DA100E0A4E06EA00C9BFCF710FB2F
:1072600000225946204601F005FDC6F389208542DB
:1072700001D2A6F580660C9817900D98189004A876
:1072800002F0D2F94146CDF86480CDF86880CDF89F
:107290006C80CDF870805D4503D06E4840EA852053
:1072A00000E00020199004A8CDE91B600220CDE980
:1072B000000119AB17AA0CA9204600F015F90546E4
:1072C00004A802F08AF9002D6BDB012D08D00CAA6E
:1072D00014A9204601F09CFC68B1811C68D098E795
:1072E000179814901898159020220CA904A8F8F764
:1072F0002BFF01274DE7208E800506D0CAF1000143
:10730000204601F0D7FC002883D15D465E460CA9DB
:10731000169801F0A1FD98B1206B2AA1C0F389262F
:107320000D98CDE90006029140F60C2226A139A065
:107330000C9BFCF7A5FA00222946204601F09AFC96
:107340000C9814900D98159004A802F06DF9414620
:10735000CDF85C80CDF86080CDF86480CDF8688091
:10736000AE4203D03B4840EA862000E00020179060
:107370009DF8470017AB000500F1C04040EA090046
:10738000199004A81A900220CDE9000114AA0CA9B2
:10739000204600F0A9F8054604A802F01EF9002DC9
:1073A00001DA284635E720220CA904A8F8F7CCFE1C
:1073B000012D3FF4EBAE0FB103202AE7002028E7B0
:1073C00008FC0F00000000002E2E5C4253505C6C45
:1073D00066735C6C66732E630000000025733A25AB
:1073E000643A64656275673A2052656C6F636174D4
:1073F000696E67207B307825782C20307825787D61
:10740000202D3E207B307825782C20307825787D03
:1074100025730A0025733A25643A64656275673AF4
:1074200020466978696E67206D6F76652077686998
:107430006C652072656C6F636174696E67207B3068
:107440007825782C20307825787D20307825780AAA
:1074500025730A000000F04FAFF300802DE9F041E2
:107460000C46074615464FF484711046F8F785FE22
:10747000A06A022138B301282AD004F10806A088A6
:10748000A18B88420BD1E07F00281AD004F12002A2
:1074900031463846FFF7E2F8002812D1A08082B2C8
:1074A0002B4631463846FFF73FFC08B1811C08D116
:1074B000A188491CA180801CE1D0A06A401CA06268
:1074C0000120BDE8F08106A0297000882881F4E73A
:1074D000297004A105F10800F8F798FEEDE7000017
:1074E0002E0000002E2E00002DE9F04F97B006462A
:1074F0004FF0000901F118009A4693460D46C84620
:107500004C46209F12902BE05AF83420C2F30A50C8
:10751000A0F58061013908D0A0F58061FF3908D05D
:10752000C2F3027006280AD019E0A88A401CA8827B
:1075300015E0A88A4FF00108401EA8820FE00AEB70
:10754000C40041680968A96140684068E8615AF868
:107550003400C0F30050E875129802F03EF8641C45
:10756000BC42D1DBB8F1000F10D0A88A70B929460F
:107570003046219A01F04CFB10B1811C48D105E046
:107580002198C07D10B14FF002098DE0A87D4FF029
:107590000008002878D0A88AFF2875D218228549CB
:1075A00009A8F8F7D1FD28680990E8680A902869C9
:1075B0000B90E8680D90B16EC86C00B9C8690838C6
:1075C0000E90129802F030F809A8CDE915607A4AB9
:1075D00015A9CDE906820891CDF81480CDE901788E
:1075E000CDF80C80CDF800A0CDF81080D5E90323AC
:1075F0002946304600F020FA0446129801F0EDFFCB
:107600004CB114F11C0F3FD014F1540F3CD0204664
:1076100017B0BDE8F08FCDF83C80CDF8408006F182
:1076200030010FA8CDF8448001F03CFC06F13C018C
:107630000FA801F037FC06F148010FA801F032FC59
:107640000F986FF309000F900FA801F012FC80B99A
:107650000FAA29463046FFF741FB0028D8D10FA8D2
:1076600001F011FC0FAB554A09A93046FEF747FD62
:1076700020B909A93046FEF797FDE8B110F11C0FBB
:1076800002D010F1540FC3D14FF0FF303061A98AFE
:107690000095CDE901813B4652462946304600F02F
:1076A000C7F85FEA0009B3D4DBF800001390DBF8F9
:1076B00004001490B46A78E00A98E8600B983036B9
:1076C000286107CE07C63B490C3907C986E8070081
:1076D000483EE9E704F1080013A9009001F06CFFAF
:1076E00088BB202229460098F8F72EFD00985845BF
:1076F0003ED000223AE000BF5AF8320040F2FF4389
:10770000C0F30A5199420FD1B4F80480C0F3892C18
:10771000C44509D194F806C0BCF1020F04D04FF063
:10772000FF30A060E06020E099420DD1A388C0F353
:10773000892C9C4508D25B1EA380A079022814D115
:10774000A06A401E10E02FE0A1F58063013B0CD140
:10775000C0F38921A088814207D8401CA080A0796D
:10776000022802D1A06A401CA062521CBA42C3DBAC
:1077700006F1200004F120080190A088A18B884226
:1077800012D3E07F80B14046019901F015FF18B196
:10779000A088A18B401AA080424630460099FEF78F
:1077A0005DFF0028E9D033E72468002C92D14846D9
:1077B0002EE7000018E50008DB6000080CFCFF7FE6
:1077C0002DE9F0478CB00C46DDE9156799469246E5
:1077D000054603A9DDF85080FEF720FC002824D1DF
:1077E000E07D8DF82300A0690990E069CDF8008064
:1077F0000A904B46524603A92846CDE90167FEF799
:10780000E3FD002811DB0398A0610498E0610120EA
:10781000E07505F12001204601F0CEFE20B91EB929
:10782000039828620498686200200CB0BDE8F087D5
:107830002DE9FF4F8BB08846DDE91965DDF86090D2
:107840008246344632E0002009A9504B6242CDE91D
:10785000081012B2CDE906230595A1B20E9A4C4B41
:10786000CDE90301CDE901230D9800904FF0FF33DE
:1078700000224946504600F0DFF800287DD1DAF8B2
:107880006810C86C00B9C869FF2F83460CD289699B
:107890004FEA5B00FDF70CFF0146ABF1280001F059
:1078A000C3FB0999884204D204EB57042F1B012F14
:1078B000C9D8B4421BD0A0B2CDF80090CDE90105E3
:1078C000DDE90D2341465046FFF77AFF00B310F182
:1078D0001C0F55D12FA1D8F80400CDE9000140F6C6
:1078E0008E022DA131A0D8F80030FBF7C9FF3A492C
:1078F000D1E90801CDE9030141465046FFF766FB97
:10790000002831D003A9404601F056FE10B12BE00B
:10791000A5B296E7504601F0D9F9002830DBDAF835
:107920006C10081AB0EBD10F1ED91AA0009040F6C7
:10793000A40219A129A0D8F80830FBF7A1FFCDF8BF
:107940000090CDE90165DDE90D2341465046FFF782
:1079500037FFC0B110F11C0F12D10EA340F6AE02DA
:107960000DA12AA0FBF78CFFCDF80090CDE90165B1
:10797000DDE90D234146504600E001E0FEF724FD1D
:107980000FB0BDE8F08F0125EEE70000EB600008C6
:1079900000FC0F40000000002E2E5C4253505C6C37
:1079A00066735C6C66732E630000000025733A25D5
:1079B000643A7761726E3A20556E61626C6520742C
:1079C0006F2073706C6974207B307825782C2030A0
:1079D0007825787D25730A00A0E4000825733A25F0
:1079E000643A64656275673A20457870616E6469CF
:1079F0006E67207375706572626C6F636B20617463
:107A00002072657620257525730A000025733A25B6
:107A1000643A7761726E3A20556E61626C652074CB
:107A20006F20657870616E64207375706572626C2A
:107A30006F636B25730A00002DE9FF4FB5B000247A
:107A4000DDE94878DDE946AB449E15468946339426
:107A50003494389801F084FE4119D9F80C00814221
:107A600024D2389801F07CFE0544D9F800000421A6
:107A700022AACDE90221CDE90005359A0B46002165
:107A80001046FDF7C1FF00287ED1229800F050FE7D
:107A90003899484040F000402290D9F800103391C6
:107AA000291D349133A9009138900EE043980028A5
:107AB0004BDD4298006822904298406800904298BE
:107AC000083042904398401E43907A4822993040B3
:107AD000459A014010408142BBD17748064236D0DA
:107AE000CDE923953898259042982690299243987D
:107AF000CDE92706CDF8B0804A982D902298ADF8B0
:107B0000A8A02E90ADF8AAB00098ADF8AC702F9058
:107B1000DDE93301CDE93001C4EB041104A800EB29
:107B200081003C2223A9F8F70FFB0026641CC4EB5C
:107B3000041104A800EB810010384596B246B34604
:107B40003746DFF878814A9083E7002021E0C6F3CA
:107B5000892030B12298C0F389205045F4D358458C
:107B6000F2D2544922980842EED0C0F30A51A1F54E
:107B70008072013A34D0B1F5817F70D000EB87215B
:107B80004346009A4A9800E080E0984700287DDB51
:107B9000DAD0002C7AD0C4EB041104A800EB8100E9
:107BA000A4F1010450F83C9DD0E901513891C1681D
:107BB000429101694391D0E905614591D0E909817C
:107BC000B0F81CA0B0F81EB0B0F920704A91C16A9C
:107BD0002291016B0091D0E90D10CDE93310B6E789
:107BE00036498845B0D03C2123A8F8F7C6FACDE93C
:107BF000239538982590429826904398CDE92706FA
:107C000045982990CDF8B0804A982D90C4EB041186
:107C100004A8ADF8A8A000EB8100ADF8AAB0ADF8BB
:107C2000AC703C2223A9F8F78FFA22990025C1F302
:107C300009006A1EC1F389214295824600F1010BB9
:107C40003892A1EB0A004FF000523844DDF8009062
:107C50001B4E439507B2641C4592FAE6FFE70020ED
:107C60001DE000BFC0F3892038448302009A01EB75
:107C7000410012F8201002EB800001F5407143EA48
:107C80000151826843461143426800E00FE04A9880
:107C9000984700280BDBE0D1039800F10100039026
:107CA00022980399C0F309028A42D6D9DAE739B09B
:107CB000BDE8F08F0000F07F00FC0F00C57C0008DD
:107CC00000FC0F6070B50546184E0C46C80001D583
:107CD000314600E01649286801EA040201408A4260
:107CE0000BD001F046FD40B912492868124B014003
:107CF00004EA060219438A4203D1002028600120C9
:107D000070BD4FF4E06101EA1451B1F5806F0AD102
:107D1000C4F38921C0F38922914204D8210D49B2CC
:107D200000EB81202860002070BD000000FCFF7F78
:107D300000FC0F7000FC0F000000F04FAFF300805C
:107D400070B50646086B00250C46C00203D43046C9
:107D500000F096FB05462146304601F027FA206DDB
:107D6000006810B9E06CFDF7F9FB284670BD000013
:107D70002DE9F0410746086B0C4696B001034FF021
:107D8000FF3605D5C10100D4266420F4002020630D
:107D9000216B48035DD5606BC901054649D4542267
:107DA0002D4901A8F8F7D0F9A06A0B90E06A0C9071
:107DB000606B0E9097E80F000DF1440888E80F0003
:107DC00013E001236A4601A9384600F065F800284F
:107DD0002CDB01236A462146384600F0D3F8002800
:107DE00024DB3868401C01D011963E60E16A606B6C
:107DF0008842E6D304F1400640F652583A46012341
:107E000031461046FDF77BFDC0B110F1540F0DD186
:107E100012A00090424612A116A0A36BFBF730FD02
:107E20002146384600F098FA0028E7D016B0BDE8A1
:107E3000F081E16A884200D808466063A06BA062C6
:107E4000606BE062206B20F4802040F48030C4E955
:107E50000C050020EAE700003CE5000800000000F7
:107E60002E2E5C4253505C6C66735C6C66732E63A2
:107E70000000000025733A25643A64656275673A2C
:107E80002042616420626C6F636B206174203078E3
:107E9000257825730A0000002DE9F0470C4681463D
:107EA000496BE06A86B01646814203D3002006B0D3
:107EB000BDE8F087401A984200D8034698461F460E
:107EC00004F1400A55E0206B010305D5D9F868108C
:107ED000E26BC9698A421AD1C0010FD404F13C0394
:107EE000E06A1A1F616B8DE80F0052460021484678
:107EF000A36AFDF7B9FF0028D9D104E06FF00100B3
:107F0000A063606BE063206B40F400202063D9F82D
:107F10006800C369E06B1D1ABD4200D93D46216B64
:107F2000C90112D5A188154A42EA8121CDE9021082
:107F300013480022CDE90030CDE90465534604F131
:107F400008014846FEF738FF09E0A16BCDE90010B3
:107F5000CDE90265524600214846FDF755FD00284F
:107F6000A5D1606B2E4428446063E06B7F1B2844DE
:107F7000E063002FA7D1404699E7000000001020E1
:107F800000FCF7FF2DE9F04F0C468046086B85B0EA
:107F90009B4617461E46C10104F1380904F1400A08
:107FA00072D5606B8119E06A814200D90846D8F821
:107FB0007C10884268D92146404600F0A3F9002889
:107FC0006ED161E0206B410305D5D8F86810E26BF3
:107FD000C9698A4234D1C10129D4400315D4606BE8
:107FE00098B100210491E16A401ECDE9001004AB74
:107FF000CDE90293524600214046A36AFDF734FFC3
:10800000A8BB51464046FDF7A6FDD8F86C10C8F84D
:108010006010626B009204F13C00CDE90190424691
:1080200051461046A36BFDF75DFE00BB04E06FF008
:108030000100A063606BE063206B40F4802020634C
:10804000D8F86800E16BC069451AB54200D93546D9
:10805000D4E90E0103958DE8830042460123514681
:108060001046FDF786FC18B110F1540F12D017E03E
:10807000606B2F4428446063E06B761B2844E06308
:10808000D8F86C10C8F86010002E9BD1584605B087
:10809000BDE8F08F2146404600F05EF90028D7D0B9
:1080A000216B41F480112163F1E7000038B5024CE7
:1080B000009400F003F838BD30E500082DE9FF4FCB
:1080C00089B00646169D1F460C46980704D53046D3
:1080D00000F026FD002874D14FF00008C4E90C78A8
:1080E000C4F83C80C4E91385231D191D0BAA304632
:1080F0000191FEF709FD050006D5A81C15D10B98C6
:1081000001F0A6FA002810D00120A071B06A20600A
:10811000DFF8DCA1DFF8DCB1B462A81C6FF0010964
:1081200004D0B8053CD56FF01005D3E0F80501D4B4
:108130004D46CFE00B9801F082FA10B16FF01305B5
:10814000C8E00B9801F096FA0546306F6FF02307F0
:10815000A84221D3182102A8F8F70FF8A088664991
:10816000032341EA80200290A08802AA45EA8020E9
:1081700040F4801004900B980590A1884AEA812071
:10818000069030460199FDF798FF054610F11C0F47
:1081900002D0002D01D101E03D469BE0554622E092
:1081A000C5F30A50012802D06FF0140592E078055B
:1081B00008D5206BA18840F480304AEA81252063ED
:1081C00011E090E004F128070097A0884B495A4637
:1081D00041EA802330460199FEF775FD050079D408
:1081E0003846FDF78BFE00274FF0080A35E000BF48
:1081F00094F83010C9071CD0416807EB47000422EF
:1082000002EB80028A5800920AEB800211F82000EB
:108210008B580005A18800F1405040EA81200343BB
:10822000374A30460199FEF74EFD002801DA811CDD
:108230004CD1206B81070FD5216D07EB47034A68AE
:108240000AEB83015158B26F914202D96FF01B05BE
:1082500040E040F4803020637F1C206D8168B9428B
:10826000C6D8006808B1E06405E0B06E806A00F02E
:10827000D9FEE06460B304F140013046FDF76BFCC9
:10828000C5F30A51A1F5007001382FD1A905890D58
:10829000C4E90A91226B42F080722263C4E910980B
:1082A000B06E806AA06421D040F2FE3100F0BCFEC6
:1082B000A1885A4640EA812040F00053E06C0090CB
:1082C00030460199FEF7FFFC00280FDA054601E071
:1082D0006FF00B05206B214640F480102063304680
:1082E000FFF72EFD28460DB0BDE8F08F0020FAE71D
:1082F0000000102000FC0F7000001040080000205B
:1083000000FCFF7F10B50C46496BE163C16E01664E
:10831000214600F021F8002804D1206B20F0807065
:108320002063002010BD2DE9F0410746086B0C4684
:1083300016461D46400304D53846FFF719FD0028B0
:1083400007D12B46324621463846BDE8F041FFF7BB
:10835000A3BDBDE8F08100002DE9F04788B00C46D0
:10836000054601F1400901270DF11C0800F1100A32
:1083700006A92846FDF7A6F900285CD128460699EB
:10838000FDF7BAFA60BB00263BE0216BC90110D5AE
:10839000A2882A4B2A4943EA8222801B05978DE84E
:1083A00047014B46002204F108012846FEF704FD70
:1083B00009E0A26B03978DE84401831B2A464946D6
:1083C0001046FDF721FB002835D1069903978DE86B
:1083D00042012A46012351461046FDF7CAFA78B1F8
:1083E00010F1540F27D117A0009040F6035216A1A8
:1083F0001AA0069BFBF744FA4FF0FF302861B7E75D
:10840000761CE06BB042C0D8A86EE969826AE06C65
:10841000F7F79AFE2869206468696064A869A06417
:1084200051462846FDF797FB0698A063206B40F461
:1084300080202063002008B0BDE8F08700001020F5
:1084400000FCF7FF000000002E2E5C4253505C6CD5
:1084500066735C6C66732E630000000025733A251A
:10846000643A64656275673A2042616420626C6FA9
:10847000636B206174203078257825730A00000032
:10848000F0B587B00C460546FFF772FCF0BB206BD9
:1084900004F10806C0034DD5304601F0A9F8B0BB81
:1084A000206BC0010BD400232A4605F11001284699
:1084B000FDF741FB002837D1206BC00104D540F205
:1084C0000127E16CE06A0EE0D4E90A0140F20227DC
:1084D000CDE9000101F055F90090019801F051F942
:1084E000019069460820A3883A0542EA83220243A4
:1084F000CDE90221206DA1884FF08152806842EAC7
:10850000812108430490206D406801E008E011E0FB
:108510000590022302AA31462846FDF7CEFD28B178
:10852000216B41F48011216307B0F0BD206B20F472
:1085300080302063AD6A13E0AC4210D0A8790128E6
:108540000DD1314605F1080001F036F838B9A88898
:10855000A188884203D1286B40F4003028632D683D
:10856000002DE9D1206B20F4901020630020DBE780
:10857000AFF300802DE9F8438046086B1E46914614
:108580000C46000304D54046FFF7F2FB00280FD14C
:10859000206B010504D5626BE16A8A4200D26163F7
:1085A000656BD8F87410AA198A4203D96FF01A00C3
:1085B000BDE8F883400312D4E06A85420FD9002752
:1085C000606309E08DF8007001236A462146404649
:1085D000FFF7D8FC0028EBDB606BA842F2D33346F0
:1085E0004A4621464046FFF7CDFC0028E0DB216BE0
:1085F00021F490112163DBE710B50A46C16901FB44
:1086000002F0054A926822B1904710B16FF0040061
:1086100010BD002010BD0000D800002070B5084C2F
:10862000049E65686FF004043DB1C06901FB002041
:1086300032461946A847002800D0204670BD0000E9
:10864000D80000200020704770B5084C049DE468F5
:108650004CB1C06901FB00202A461946A04710B161
:108660006FF0040070BD002070BD0000D800002035
:10867000AFF3008070B596B0044600F059FC0028B6
:108680004ED1A06EC16A606EF7F777FD0026666571
:10869000D4E91A01C06AC00000F0C6FCC4E916069D
:1086A000E06E206669462046FDF7B8FC050033D130
:1086B0001C480890A06EC0690990E06E0A90206F77
:1086C0000B90606F0C90A06F0D9008A801F02DF832
:1086D000182215490EA8F7F737FD08A813900323B1
:1086E0000EAA69462046FDF7E8FC050014D10023D8
:1086F0008DF816601A4669462046FDF7DEFC050037
:108700000AD10A4914AAD1E90E01CDE9140169463A
:108710002046FDF7A3FF05462046FDF769FC2846E5
:1087200016B070BD01000200B4E50008A0E4000826
:1087300081B249BA0904C0F3074241EA022141EA81
:1087400010607047C0F3074281B262F31F41000E10
:1087500041EA00607047000030B504468DB03C30FF
:1087600000F074FB00282BD0E06B616CC0F3892013
:10877000CDE9001013A2029241F26A3212A117A0B1
:10878000236CFBF77DF804F1400203A92046FDF7B6
:1087900065FF002814D1E06B0022C0F3892540F268
:1087A000FF31204600F066FA00200C9017480123A4
:1087B00040EA85200B900BAA03A92046FDF77DFC1B
:1087C0000DB030BD000000002E2E5C4253505C6C9A
:1087D00066735C6C66732E630000000025733A2597
:1087E000643A64656275673A20466978696E672005
:1087F0006D6F7665207B307825782C203078257851
:108800007D203078257825730A0000000000F04FA5
:108810002DE9F04F0446008EA7B08A46800571D03E
:10882000002540F2FF380DF14C090AAE20226749BD
:1088300004A8F7F789FC0027AFE0324615A92046C7
:10884000FDF70CFF00285DD19DF8270000280BD113
:108850001DAA3146204600F075F9002801DA811C76
:1088600050D115B1012D5BD092E0811CFCD00346A4
:10887000574A1DA92046CDF80090FEF724FA00289B
:1088800040DB13A800F0A9FE314613A800F0BAFEA1
:1088900000287DD1DDE913120B984EA38DE80F005F
:1088A00041F2B7324CA151A00A9BFAF7E9FFC34647
:1088B00004A904F1300000F0CFFA98B1206B0599BB
:1088C000C0F3892BCDE9001B42A2029241F2C232D1
:1088D00041A15648049BFAF7D3FF002241462046A7
:1088E00000F0C8F913A800F09FFE384B0DF1340CCE
:1088F0002033C3450FCB8CE80F0004D04C4941EA2C
:108900008B2001E05FE000200D9002230DAA04A956
:10891000CDF840902046FEF7B5FB834613A82DE026
:10892000801C35D1BAF1000F32D02AA10B98CDE9C5
:10893000000141F2E23228A13EA00A9BFAF7A0FF13
:1089400004F1480215A92046FEF7C8F900283AD1DB
:108950001BA8009000F068FE9DF86B0040490005E0
:1089600000F1C0400843029000980390012302AA3E
:1089700004A92046FEF786FB8346009800F02DFEF2
:10898000BBF100001FDBBBF1030F06D1012704E0A0
:10899000202215A904A8F7F7D7FB304600F028FEDF
:1089A00000283FF44AAF0FB100253FE76D1C022DB0
:1089B000FBDB94F8300027B0404241B22046BDE8CE
:1089C000F04F00F077B927B0BDE8F08F58E6000807
:1089D00000FCFF7F000000002E2E5C4253505C6CB8
:1089E00066735C6C66732E630000000025733A2585
:1089F000643A64656275673A20466978696E6720F3
:108A000068616C662D6F727068616E207B307825AE
:108A1000782C20307825787D202D3E207B307825DD
:108A2000782C20307825787D25730A0040E80008EE
:108A30000000F04F25733A25643A64656275673A21
:108A400020466978696E67206F727068616E207B5E
:108A5000307825782C20307825787D25730A000021
:108A600008FC0F0010B50446008E92B0800502D4B9
:108A7000002012B010BD1A49606ACDE9000141F230
:108A80004232091D17A0236AFAF7FAFE04F1200208
:108A900008A92046FDF7E2FD0028EAD11E48029011
:108AA000A06EC0690390E06E0490206F0590606F27
:108AB0000690A06F079002A800F037FE1748012328
:108AC00010AA006C109002A8119008A92046FDF78A
:108AD000F4FA0028CDD1206B20F400702063C7E7A2
:108AE000C487000825733A25643A64656275673A5D
:108AF00020526577726974696E672073757065724C
:108B0000626C6F636B207B307825782C2030782561
:108B1000787D25730A00000001000200A0E400082F
:108B200010B50446FFF79EFF00280AD12046FFF744
:108B300013FE002805D12046BDE810400121FFF7B3
:108B400067BE10BD2DE9F74F8CB0144600250120FB
:108B5000C4E906501A488A460DF120090FC889E871
:108B60000F0005AE174FDFF86080DFF860B004F14A
:108B700018091BE008A9204600F006FE00281CDBAF
:108B80000C980590DAF800000690DAF80400CDF8A9
:108B9000008003960790CDE901575B464A4621467F
:108BA0000C98FDF767FD08B1811C06D1484600F01E
:108BB0001FFD0028DED06FF001000FB0BDE8F08F80
:108BC00048E60008D18B000808000020FF03F07F72
:108BD00030B587B0044606CA0068082304AD039385
:108BE0008DE82600816E0246CB6900F11001FCF78A
:108BF0000BFF002809D104A800F0EFFC211D04A8F8
:108C000000F0DAFC002800D0012007B030BD0000E1
:108C10002DE9FF41074600209061154B14460120C5
:108C20000E46D0610FCB8DE80F0004F1180517E058
:108C30006946204600F0A8FD002804DA6FF05300D2
:108C400004B0BDE8F0813146284600F0B5FC0028AC
:108C5000F6D02A4621463846FDF700FD0028EFD120
:108C6000284600F0C5FC0028E2D06FF00100E7E7DD
:108C700038E6000810B50D4C036B234040F2FF347A
:108C8000A14203D00A4C44EA812101E04FF00001E7
:108C900043EA0103036303D011684163516802E0B2
:108CA0004FF000014163816310BD0000FF030080AD
:108CB0000000F04F026B114401638A0500D00122CD
:108CC00062F3DF71016300207047000008B50021E6
:108CD0000B4600916A46034900F00CF8002800D1C9
:108CE000009808BDE98C00080168491C016000205B
:108CF000704700002DE9F04F91B090460E46824635
:108D00009B4620224E4903A8F7F71EFA4C4A0BACAB
:108D100020320FAF0FCA84E80F000DF124095CE088
:108D20000BA903A800F030FD002804DA6FF053000F
:108D300011B0BDE8F08F00240DF10C0505EB8400A7
:108D400081694046B0470028F2D1641C022CF5DB53
:108D50004A4603A95046FDF781FC0028E8D10025CA
:108D600037E03848384A40EA852303A9504600973F
:108D7000FDF7A9FF040003D5A01C28D02046D7E7A3
:108D80000FA8FDF7BBF8C4F30A50A0F50071023933
:108D900006D0BBF1000F1AD0B0F5007F0CD016E062
:108DA000109952468DE84201002110460F9BFDF7B5
:108DB000D1F80028BCD10AE05FF00004404657F823
:108DC0002410B0470028B3D1641C022CF6DB6D1CC4
:108DD000ADB2BDF82000A842C3D8484600F008FC58
:108DE00000289DD0DAF8284026E0A079012822D179
:108DF000206B10F4403F0DD0C0010BD4E16A524605
:108E00008DE8420104F140011046A36AFDF7A2F883
:108E100000288DD1206B41030DD5C0010BD4616BAF
:108E200052468DE8420104F140011046A36BFDF764
:108E300091F80028A3D12468002CD6D1002077E730
:108E400008E600080800002000FC0F70006810F021
:108E5000E04000D00120704710B5026812F0E04FEA
:108E600003D0001D00F0A8FB08B1002010BD0120B8
:108E700010BD016819B9416809B9806808B10020BE
:108E800070470120704710B50446006800F079FC77
:108E90002060606800F075FC6060A06800F071FC04
:108EA000A06010BD02680B685A40026042684B68BF
:108EB0005A404260826889684A4082607047000078
:108EC00010B501460848FCF753FE074800F0E4FCE3
:108ED000040004D0014605A0FAF7D2FC02E00BA082
:108EE000FAF7CEFC204610BD882200205B4641499F
:108EF0004C5D206C66735F757365725F696E697433
:108F00003A206572723D25640A0000005B4F4B5D9C
:108F10002020E69687E4BBB6E7B3BBE7BB9FE588B6
:108F20009DE5A78BE58C96E68890E58A9F0A0A0066
:108F300070B504468166086AE066486B6FF00B0501
:108F400008B1E06005E0886A00F06CF8E060002895
:108F500061D0A06E816B09B1E16105E0806A00F02B
:108F600061F8E061002856D021460846FCF7F3FD81
:108F700004F110012046FCF7EEFDA06EC16B09B1B3
:108F8000616604E0C06A00F04DF86066F0B3A06E60
:108F9000016C216709B9FF212167416C616711B933
:108FA0006FF000416167816CA16711B940F2FE3139
:108FB000A167016DE1674A1C4FF0000501D011B1B6
:108FC0000EE0E5670CE0C16C01B9C169A06FC9088A
:108FD00000F02AF80146A06E806A00F025F8E067EC
:108FE0004FF0FF302062C4E909050D4AE56204F143
:108FF0003C060BCA86E80B0007CA04F1300383E87D
:109000000700074A1832483407CA00E003E084E842
:109010000700002070BD2046FCF7EAFF284670BD1F
:1090200090E5000800F016BF884200D3084670475C
:10903000AFF300802DE9F343A7B00446FFF770FDBE
:1090400000280ED1A06A0AA9089022AB28AA894656
:109050002046FDF759FD0546801C05D0002D12DA8B
:10906000284629B0BDE8F083289800F0F1FA0028DE
:10907000F6D0289800F0FEFA216F0646B14205D2DC
:109080006FF02300EDE76FF01000EAE7E06E206676
:109090001AA92046FCF7C2FF0028E2D12022494647
:1090A00012A8F7F751F818AD06E02A4612A9204693
:1090B000FDF7D4FA0028D4D19DF85F000028F4D140
:1090C000284600F0B1FA354F012323AAB86ACDE94A
:1090D00023051AA92046FCF7F0FF8046284600F039
:1090E0007CFAB8F10000BCD19DF83F001AAD38B34E
:1090F00001212046FFF7DEFD0028B2D18DF82600C1
:10910000ADF8240008A8A0621AA800F08DFA386B08
:10911000CDE92505012325AA12A92046FCF7CDFF9C
:1091200007461AA800F059FA0898A0620FB138460D
:1091300097E74FF0FF312046FFF7BCFD002890D1A4
:109140001AA800F071FA20216846F7F716F8BDF862
:109150008800134941EA8021009146EA802141F4C8
:1091600000110291289903910E4941EA8020CDE92E
:1091700004059DF83F0070B10020CDE906050423E9
:109180006A4649462046FCF798FF04461AA800F0B4
:1091900024FA204665E70448EFE70000A0E4000851
:1091A000000010400800002008FC0F60283005E097
:1091B0008A4202D111680160704710460268002A95
:1091C000F6D17047AFF300802DE9F04F9DB0044613
:1091D000FFF7AEFE00287DD12022874904A8F6F7CC
:1091E000B3FF854F12AD2C3F07F14C006FF0150611
:1091F0000FC885E80F000AA8DFF800A24FF00208A8
:109200004FF0010904F1300B1990C7E012A904A82E
:1092100000F0BAFA050029D4D7E918011694CDE96F
:10922000170116A876490022764BCDE90032CDE928
:1092300002105546534604A92046199AFDF71AFA1A
:10924000002812DB6DD000F094FA002869D1049850
:109250002062059860620CA800906B4B2A4604A916
:109260002046FDF730FD002801DA05468EE00CA807
:1092700000F040FA0C984546030C80B2022B01D155
:1092800001280AD961A503958DE8010341F2BF12B7
:109290005FA164A0FAF7F4FA6FE04FF000010BD27F
:1092A0005AA103918DE821022B4641F2CE1258A11A
:1092B00069A0FAF7E5FA0121206B20F4007040EA7A
:1092C000412020630F9878B1216F88420BD94FA1BC
:1092D000206F00E05EE0CDE9000141F2DD124CA11B
:1092E0006CA00F9B47E02067109868B1616F8842BF
:1092F00009D946A1606FCDE9000141F2E81244A10D
:1093000070A0109B37E060671198A0B1A16F8842F0
:109310000BD93EA1A06FCDE9000141F2F3123CA1AF
:1093200000E02CE073A0119B25E00146A067E06FF0
:10933000FFF77AFEE067A06E016A61B10E9A8A4279
:1093400009D032A1006ACDE90001134641F20222A0
:109350002FA174A00FE00E99E1660D99C0698142BA
:109360000DD0A06E29A141F20B22C069CDE9000108
:1093700027A178A00D9BFAF783FA354606E05A46F6
:1093800004A92046FDF7AAFC050006D02046FCF7FC
:109390002FFE28461DB0BDE8F08F199800F028F97F
:1093A00000283FF433AF5846FFF763FD58B9D4E9BE
:1093B0000D0116A28DE8070041F21B2214A171A035
:1093C000236BFAF75DFA206B04F13C03C117491CCB
:1093D00081F0010108442063D4E90D1283E80700FD
:1093E000E16EE06AB0FBF1F201FB1200606520461D
:1093F000FCF7DAF90020CDE7CCE5000800FCFF7FA0
:10940000756C00080800F00F180010200000000024
:109410002E2E5C4253505C6C66735C6C66732E63DC
:109420000000000025733A25643A6572726F723A43
:1094300020496E76616C69642076657273696F6E1F
:10944000207625642E256420213D207625642E2556
:109450006425730A0000000025733A25643A6465A8
:109460006275673A20466F756E64206F6C64657232
:10947000206D696E6F722076657273696F6E2076EB
:1094800025642E2564203C207625642E25642573D2
:109490000A00000025733A25643A6572726F723AC9
:1094A00020556E737570706F72746564206E616D97
:1094B000655F6D617820282575203E20257529255A
:1094C000730A000025733A25643A6572726F723A26
:1094D00020556E737570706F727465642066696C68
:1094E000655F6D617820282575203E20257529252A
:1094F000730A000025733A25643A6572726F723AF6
:1095000020556E737570706F727465642061747429
:10951000725F6D617820282575203E2025752925EC
:10952000730A000025733A25643A6572726F723AC5
:1095300020496E76616C696420626C6F636B206396
:109540006F756E742028257520213D2025752925ED
:10955000730A000025733A25643A6572726F723A95
:1095600020496E76616C696420626C6F636B207356
:10957000697A652028257520213D202575292573C8
:109580000A00000025733A25643A64656275673AFB
:1095900020466F756E642070656E64696E67206723
:1095A00073746174652030782530387825303878C8
:1095B0002530387825730A0010B503680A6893428D
:1095C00009D044684868844205D0834203D094425D
:1095D00001D0012010BD002010BD10B50446006868
:1095E000FFF7B0F820606068FFF7ACF8606010BD6E
:1095F0000168491C04D04068401C01D0002070471D
:109600000120704710B5D1E900210368934202D1CF
:1096100044688C4204D08B4204D14068904201D10E
:10962000012010BD002010BD10B50446006800F0F8
:10963000A8F82060606800F0A4F8606010BD10B564
:10964000044600F017F8205C002800D0012010BD6F
:1096500070B5044600F00EF8054660190449F6F7A7
:10966000DEFD2844205C08B1002070BD012070BDE3
:109670007C96000801A1F6F7E0BD00002F00000075
:109680004FF0553202EA5002801A4FF0333100F0A9
:10969000333201EA9000104400EB101000F00F305C
:1096A00000EB102000EB104000F03F00704770B559
:1096B0008AB0164608910546002308AA6946FDF7B8
:1096C00023FA040013D42F210898F6F773FD30B164
:1096D000C4F30A50022802D06FF0130407E0C4F369
:1096E0008922334669462846FDF71EFB04460AB028
:1096F000204670BD10B504460068FFF723F82060CF
:109700006068FFF71FF86060A068FFF71BF8A060B3
:10971000E068FFF717F8E0602069FFF713F82061B1
:109720006069FFF70FF8606110BD10B5044600686E
:1097300000F027F82060606800F023F86060A068FF
:1097400000F01FF8A060E06800F01BF8E0602069FE
:1097500000F017F82061606900F013F8606110BD37
:1097600010B5044600F005F82044C0F30900001DC0
:1097700010BD40F30900401C01D0002070470120BB
:109780007047FEF7DFBF000070B505460C46183085
:10979000FFF738FF48B10DA341F27C120CA111A0D4
:1097A000FAF76EF86FF0530070BDD4E902108142F1
:1097B00007D1A9692160E969616000214000C4E91D
:1097C0000210481CA060002070BD000000000000D6
:1097D0002E2E5C4253505C6C66735C6C66732E6319
:1097E0000000000025733A25643A7761726E3A20D2
:1097F0004379636C6520646574656374656420698E
:109800006E207461696C206C69737425730A0000A2
:10981000094900200A5C22B1401C0428FADB002020
:10982000704701220A54C0EBC000044900EB40001D
:1098300001EB800070470000F40000205C23002052
:10984000084900B50968C3B031B128B101466A467C
:109850000548FFF72CFF10B1002043B000BD0120E8
:10986000FBE70000D8000020DC220020084A00218D
:10987000C1EBC10303EB430302EB8303834203D138
:10988000044A002050547047491C0429F0DB7047FB
:109890005C230020F400002070B5040029D0164D90
:1098A000002316481A4605F11C012B60C2EBC206C4
:1098B00006EB460600EB8606B3718B54521C042A55
:1098C000F4DB0E4821468038FFF77CFC68B10B487A
:1098D00021468038FEF7CCFE002809D107482146F2
:1098E0008038FFF76FFC002802D10120286000209B
:1098F00070BD6FF0150070BDD80000205C23002003
:1099000000B5C3B001466A460648FFF7D0FE0028FE
:1099100004D19DF80000022802D0002043B000BD11
:109920000120FBE7DC220020FFF7EABF2DE9F0432E
:109930000D462E49CFB0174609680024D1B1C8B1F1
:10994000C5B1BFB1024642A92948FDF751FB002825
:109950000DD10DF108086A4642A92548FDF77CFDA6
:10996000061E0ADA42A92248FCF7A2FB30464FB095
:10997000BDE8F0836FF01500F9E72ED01DA1404639
:10998000F6F729FC0028E6D01BA14046F6F723FC99
:109990000028E0D04046F6F717FC06469DF8000088
:1099A000022816D04FF00009012030442044B8426C
:1099B00013D2281932464146F6F7C6FB3444B9F1B2
:1099C000000F02D02F202855641C0A202855641C43
:1099D000C1E74FF001090220E7E742A90448FCF77C
:1099E00067FB002028552046C1E70000D800002072
:1099F000DC2200202E0000002E2E00002DE9F04772
:109A000006461C48006810B10EB1344604E06FF001
:109A10001500BDE8F087641C20782F28FBD0DFF804
:109A20005880002720780028F3D02F212046F6F711
:109A3000C1FB050013D0281B8146024621460E4873
:109A4000F6F782FB0C4908F8097001F5AA70FFF7D8
:109A5000EFFA10B110F1110FDBD16C1CE2E73146C7
:109A60000648FFF7E5FA10B110F1110FD1D100202F
:109A7000CFE70000D800002088210020DC22002051
:109A80002DE9F0411E4690460D460746FFF74CFF74
:109A9000012808D03846FFF7B1FF040003D0024682
:109AA000394615A012E02846FFF7CAFE88B92A46B3
:109AB00011461CA0F9F7E4FE32464146284600F064
:109AC000ABF8040005D5024629461DA0F9F7D8FEDB
:109AD0000EE032464146284600F060F8040003D507
:109AE000024629461FA0F1E7294627A0F9F7C8FE3C
:109AF0002046BDE8F08100005B4641494C5D20E511
:109B0000889BE5BBBAE69687E4BBB6E5A4B92025F9
:109B10007320E5A4B1E8B4A53A206572723D2564CE
:109B20000A000000E69CAAE6A380E6B58BE588B0B3
:109B3000257320E5889BE5BBBA25730D0A0000005C
:109B40005B4641494C5D20E58699E585A520257356
:109B500020E5A4B1E8B4A53A206572723D25640AF7
:109B6000000000005B4641494C5D20E8AFBBE58F3B
:109B70009620257320E5A4B1E8B4A53A2065727259
:109B80003D25640A00000000257320E8AFBBE58F87
:109B900096E68890E58A9F0D0A0000002DE9F041C5
:109BA00005461B4816460F46006878B175B16FB17F
:109BB00066B1FFF72DFE04000CD0014601232A46B2
:109BC0001448FEF773FA05001DD106E06FF015008A
:109BD000BDE8F0816FF00B00FAE733463A462146C4
:109BE0000C48FEF7A0FB05000A48214602D5FEF707
:109BF000A5F808E0FEF7A2F8060004D02046FFF71B
:109C000035FE3046E4E72046FFF730FE2846DFE722
:109C1000D8000020DC2200202DE9F04105461C4838
:109C200016460F46006880B17DB177B16EB1FFF77F
:109C3000EFFD04000DD0014640F203532A461548BB
:109C4000FEF734FA05001DD106E06FF01500BDE8FF
:109C5000F0816FF00B00FAE733463A4621460D4893
:109C6000FEF786FC05000B48214602D5FEF766F894
:109C700008E0FEF763F8060004D02046FFF7F6FD83
:109C80003046E4E72046FFF7F1FD2846DFE7000015
:109C9000D8000020DC220020F7F7ACFDF9F766FAC7
:109CA000F9F748F8F9F728F8F9F734F9F9F74EF920
:109CB000F9F7B6F8F9F7FAF8F9F7D6F84FF480742F
:109CC00022461D491D48F8F785FD22461C491D48BE
:109CD000F8F780FD1C48F8F73BFC0120FFF7F0F88F
:109CE00001F0D8FF0423194A19A11EA0FFF7C8FEEE
:109CF00002231E4A1EA11BA0FFF7C2FE00F080FA3D
:109D000004F0DAF901210020F9F7EEF90021012031
:109D1000F9F7EAF901210220F9F7E6F90021032019
:109D2000F9F7E2F900F0FCFBF9F7F6F900F044FF6F
:109D30006420F7F793FBE5E72004002018070020D4
:109D40002005002060070020D0060020D40000205D
:109D50006D796170702F646573745F69702E7478AB
:109D6000740000006D79617070000000C200002076
:109D70006D796170702F646573745F706F72742E8B
:109D8000747874001CB5062269464FF41060F9F728
:109D9000D5FC2F4A0120D16B0870487006208870CE
:109DA0000020C870936B1B0E0B71936B1B0C4B71D7
:109DB000138F1B0A8B7192F83830CB71D16B8023D3
:109DC00008818B72C872D16B02F14003087348732B
:109DD0008873C873087448748874C87408754875A3
:109DE0008875C875087648768876C8761C780C77AA
:109DF0005C784C779C788C77DC78CC771C7981F810
:109E000020405B7981F821300623CC185B1CDBB243
:109E10002077102BF9D3D36B00215C18491CC9B2F1
:109E200084F82C004029F8D3D36B00215C18491C1E
:109E3000C9B284F86C008029F8D3D06B63218222E8
:109E400000F8EC1F427053228270C1701CBD0000EC
:109E500058000020F0B50B30154D20F0070100240C
:109E6000144A0FE003688B420BD38B4205D95E1A6C
:109E700043184768C3E9006700E04368136002C005
:109E800004E0021D10680028ECD12046002802D111
:109E9000286808B10020F0BD064A07481060074A4C
:109EA000121A22F00702C0E9002401202860D7E737
:109EB0001C04002018040020142500201035002068
:109EC00010B50878ADF5007DE8B10C460846FFF7FF
:109ED000B7FCE0B12046FFF727FD01281AD04FF468
:109EE00000716846F6F749F940F2FF1269462046CC
:109EF000FFF754FE020003D5214609A000F0F8FA4E
:109F00000DF5007D10BD0DA000F0F2FAF8E7214636
:109F100010A001E0214613A000F0EAFAF0E70000EB
:109F2000E8AFBBE58F962573E5A4B1E8B4A53A2068
:109F30006572723D25640D0A00000000E794A8E6F2
:109F4000B3953A20636174203C66696C653E0D0AE6
:109F500000000000257320E4B88DE5AD98E59CA8CD
:109F60000D0A0000257320E4BCA0E585A5E79A84CE
:109F7000E69687E4BBB6E8B7AFE5BE84E5BC82E50C
:109F8000B8B80D0A0000000010B5FAF7A3FF03A04F
:109F9000F9F776FCBDE81040F7F7BCBC666C61735E
:109FA000682065617273652066696E69736820EF69
:109FB000BC8C7265626F6F742E2E2E0D0A0000002D
:109FC00038B508780C4670B116A12046F6F7E0F8CF
:109FD00070B11548C178009183784278017813A058
:109FE00000F086FA38BD19A000F082FA1DA015E035
:109FF00022A12046F6F7CCF818B12248018822A009
:10A0000007E027A12046F6F7C3F830B126480168DB
:10A0100026A0BDE8384000F06BBA2AA0BDE8384061
:10A0200000F066BA69700000D4000020E5BD93E539
:10A03000898DE79BAEE79A8469703A25642E256482
:10A040002E25642E25640D0A00000000E794A8E682
:10A05000B3953A2066696E64203C706172616D73DD
:10A060003E0D0A00666F72206578616D706C653A0E
:10A0700066696E642069700D0A000000706F72746A
:10A0800000000000C2000020E5BD93E5898DE79B3C
:10A09000AEE79A84E7ABAFE58FA33A25640D0A00DB
:10A0A000626F6F740000000000000020E5BD93E5C2
:10A0B000898DE5BC80E69CBAE6ACA1E695B03A2570
:10A0C000640D0A00E58F82E695B0E5BC82E5B8B87C
:10A0D0000D0A00002DE9F041002408781D4F884644
:10A0E0000A26B8B104EB041007EB80054146284668
:10A0F000F6F771F838B1641CA4B2B442F2D3B4429A
:10A1000026D115A020E005F12002294618A000F074
:10A11000EFF9F4E719A000F0EBF919A000F0E8F965
:10A1200004EB041007EB800514A12846F6F753F85A
:10A1300028B105F1200229461FA000F0D9F9641CBE
:10A14000A4B2B442ECD320A0BDE8F04100F0D0B9F5
:10A15000BDE8F081FC000020E69CAAE689BEE58807
:10A16000B0E68C87E5AE9AE8B7AFE5BE840D0A008D
:10A170002573203A2025730D0A0000000D0A000007
:10A180003D3D3D3D3D3D3D3D3D3D3D3D3D3D3D3DFF
:10A190003D204D534820436F6D6D616E64204C69C6
:10A1A0007374203D3D3D3D3D3D3D3D3D3D3D3D3D8F
:10A1B0003D3D3D3D0D0A00002020252D313273200C
:10A1C0002D2025730D0A00003D3D3D3D3D3D3D3DAB
:10A1D0003D3D3D3D3D3D3D3D3D3D3D3D3D3D3D3DAF
:10A1E0003D3D3D3D3D3D3D3D3D3D3D3D3D3D3D3D9F
:10A1F0003D3D3D3D3D3D3D3D3D3D3D3D0D0A00006C
:10A2000010B504A000F074F9BDE8104006A000F0FD
:10A210006FB900004D534820696E697469616C69BB
:10A220007A65642E0D0A00006D73683E2000000000
:10A2300000B589B003A803F0D5FE9DF80F009DF886
:10A2400011209DF810108DE807009DF80E309DF844
:10A250000D209DF80C1028A000F04AF99DF815007B
:10A2600000909DF814309DF813209DF812102EA038
:10A2700000F03EF99DF8190000909DF818309DF807
:10A2800017209DF8161030A000F032F99DF81D003F
:10A2900000909DF81C309DF81B209DF81A1032A0EC
:10A2A00000F026F99DF8210000909DF820309DF8DF
:10A2B0001F209DF81E1034A000F01AF99DF822000E
:10A2C000022816D038A13AA000F012F93DA000F003
:10A2D0000FF94848C178009183784278017846A008
:10A2E00000F006F94C4801884CA000F001F909B0D3
:10A2F00000BD4FA1E7E70000204D41432020202072
:10A3000020202020203A20253032583A253032585B
:10A310003A253032583A253032583A253032583AB8
:10A32000253032580D0A00002049502020202020DE
:10A3300020202020203A2025642E25642E25642EFE
:10A3400025640D0A00000000205375626E657420BC
:10A350004D61736B203A2025642E25642E25642ED2
:10A3600025640D0A0000000020476174657761795B
:10A3700020202020203A2025642E25642E25642EBE
:10A3800025640D0A0000000020444E5320202020A8
:10A3900020202020203A2025642E25642E25642E9E
:10A3A00025640D0A000000005374617469630000A5
:10A3B000204448435020202020202020203A2025DF
:10A3C000730D0A002D2D2D2D2D2D2D2D2D2D2D2DE7
:10A3D0002D2D2D2D2D2D2D2D2D2D2D2D2D2D2D2DAD
:10A3E0002D2D2D2D2D2D2D2D2D2D2D2D2D2D2D2D9D
:10A3F0000D0A0000D40000202044657374204950E9
:10A4000020202020203A2025642E25642E25642E2D
:10A4100025640D0A00000000C2000020204465737E
:10A420007420506F72742020203A2025640D0A0099
:10A43000444843500000000030B50878C1B04FF4E4
:10A44000807540B10C460846FFF76EFA012811D01E
:10A45000214611A00AE02A46694615A0FFF766FAD0
:10A46000010002D4694613A000E015A000F040F8F6
:10A4700041B030BD29466846F5F77FFE2A46694659
:10A480002046FFF753FA0028F2DB6A46214614A063
:10A4900000F02EF8ECE70000257320E79BAEE5BD49
:10A4A00095E4B88DE5AD98E59CA80D0A0000000084
:10A4B0002F000000E58685E5AEB93A0A2573000055
:10A4C000E58897E587BAE6A0B9E79BAEE5BD95E5D7
:10A4D000A4B1E8B4A53A206572723D25640D0A0066
:10A4E000257320E58685E5AEB93A0A25730000009C
:10A4F0000FB400B599B01BAA68461A99F9F7D0F9BC
:10A500006846F5F761FE82B24FF0FF3369460348B3
:10A51000F8F79CFB19B05DF814FB00001807002049
:10A520002DE9F0412D48017800293ED00025057025
:10A530002B48F5F749FE040005D02AA12848F5F775
:10A540006EFEA04208D129A0FFF7D2FFBDE8F0417E
:10A5500020212348F5F711BE214826A120380346C3
:10A560000570A0F120022030F5F778FE1B4D0A2679
:10A5700000241B4F2D1D21A11948F5F709FE38B104
:10A58000781D00F03BFA20211548F5F7F6FD08E0AC
:10A5900004EB041005EB800111484038F5F71BFE71
:10A5A00028B1641CA4B2B442E5D3BDE8F08104EB49
:10A5B000041005EB8000026C22B10949203900200B
:10A5C000904702E00FA0FFF793FF20210448F5F722
:10A5D000D4FDBDE8F04105A0FFF78ABFF8000020D8
:10A5E000EC24002020090D0A000000000D0A6D7304
:10A5F000683E200025732025730000007375646F8A
:10A6000000000000636D642070726F6365737320D7
:10A6100066696E6973680D0A0000000010B503A03A
:10A62000FFF766FFBDE81040F7F774B973797374EC
:10A63000656D207265626F6F742E2E2E2E2E0D0AA0
:10A640000000000010B5202907D80A46014603483B
:10A65000F5F77AFD02490120087010BDEC240020B6
:10A66000F800002000B50846097887B0A1B10021A4
:10A67000029103910491059105A904AACDE9002155
:10A6800003AB02AA29A1F5F7E9FD04280FD02AA0FF
:10A69000FFF72EFF07B000BD2D48C17800918378E9
:10A6A000427801782BA0FFF723FF32A0F0E73AA011
:10A6B000FFF73AF9012807D037A0FFF79FF902000A
:10A6C00006D035A136A021E033A140A0FFF710FF4E
:10A6D00045A0FFF7B5F820B943A243A147A0FFF773
:10A6E00007FF02988DF8180003988DF81900049858
:10A6F0008DF81A0005988DF81B00042206A93AA0CF
:10A70000FFF78AFA020004D537A143A0FFF7F0FE55
:10A71000C0E79DF81B0000909DF81A309DF81920A5
:10A720009DF8181045A0FFF7E3FEB3E725642E253A
:10A73000642E25642E2564004950E59CB0E59D807B
:10A74000E6A0BCE5BC8FE99499E8AFAF0D0A000024
:10A75000D4000020E5BD93E5898DE79BAEE79A84A0
:10A7600069703A25642E25642E25642E25640D0A11
:10A7700000000000E794A8E6B3953A207365745F83
:10A78000646573745F6970203C69705F61646472B2
:10A790006573733E0D0A00006D79617070000000F2
:10A7A0005B4641494C5D20E5889BE5BBBAE6968750
:10A7B000E4BBB6E5A4B920257320E5A4B1E8B4A5AF
:10A7C0003A206572723D25640A0000005B4F4B5DC4
:10A7D0002020E7A1AEE8AEA420257320E698AFE7DD
:10A7E0009BAEE5BD950A00006D796170702F6465C0
:10A7F00073745F69702E747874000000E69CAAE69A
:10A80000A380E6B58BE588B0257320E5889BE5BB82
:10A81000BA25730D0A0000005B4641494C5D20E5F6
:10A820008699E585A520257320E5A4B1E8B4A53A6D
:10A83000206572723D25640A000000006970E59C85
:10A84000B0E59D80E8AEBEE7BDAEE68890E58A9FA4
:10A85000EFBC9A25642E25642E25642E2564000005
:10A8600038B508460978204C69B10021ADF80010D0
:10A870006A461EA1F5F7F2FC01280AD01CA000BF11
:10A88000FFF736FE38BD21881FA0FFF731FE24A058
:10A89000F6E72BA0FFF748F8012807D028A0FFF71C
:10A8A000ADF8020006D026A127A015E024A131A012
:10A8B000FFF71EFE36A0FEF7C3FF20B934A234A175
:10A8C00038A0FFF715FE0222694631A0FFF7A4F970
:10A8D000020004D52EA13AA0FFF70AFE38BD218858
:10A8E00040A0FFF705FE38BDC200002025687500B6
:10A8F000E7ABAFE58FA3E6A0BCE5BC8FE99499E890
:10A90000AFAF0D0A00000000E5BD93E5898DE79B20
:10A91000AEE79A84E7ABAFE58FA33A25640D0A0052
:10A92000E794A8E6B3953A207365745F6465737421
:10A930005F706F7274203C706F72743E0D0A00007D
:10A940006D796170700000005B4641494C5D20E507
:10A95000889BE5BBBAE69687E4BBB6E5A4B920259B
:10A960007320E5A4B1E8B4A53A206572723D256470
:10A970000A0000005B4F4B5D2020E7A1AEE8AEA4CB
:10A9800020257320E698AFE79BAEE5BD950A000051
:10A990006D796170702F646573745F706F72742E5F
:10A9A00074787400E69CAAE6A380E6B58BE588B0CF
:10A9B000257320E5889BE5BBBA25730D0A000000CE
:10A9C0005B4641494C5D20E58699E585A5202573C8
:10A9D00020E5A4B1E8B4A53A206572723D25640A69
:10A9E00000000000E7ABAFE58FA3E8AEBEE7BDAE69
:10A9F000E68890E58A9FEFBC9A25640010B504466E
:10AA00000FA1F5F7C5FB40B10FA0FFF771FD0021C5
:10AA1000BDE810400846FFF701BE0FA12046F5F73C
:10AA2000B7FB40B10FA0FFF763FD0021BDE8104068
:10AA30000846FFF7A9BABDE810400FA0FFF758BDC0
:10AA40007265626F6F740000666F72636520726575
:10AA5000626F6F740D0A0000636C65616E5F666CF7
:10AA600061736800666F72636520636C65616E5F19
:10AA7000666C6173680D0A00E69CAAE79FA5E7AEC5
:10AA8000A1E79086E59198E68C87E4BBA40D0A00C7
:10AA900001A0FFF72DBD000073796574656D20740A
:10AAA0006573742073746172742E2E2E2E2E0D0A0F
:10AAB0000000000010B50A4803F0B8FB084CA07D68
:10AAC000022809D10749002003F064F920B90120C8
:10AAD000A075204603F0AAFBBDE8104000F0E2B9E3
:10AAE000A60000208819002010B518490F20FAF799
:10AAF0009BFB164810380069012825D114A0F8F7EF
:10AB0000BFFE4FF43850F8F7EDFD0446800701D53D
:10AB1000642100E00A2111A0F8F7B2FE600701D518
:10AB200017A100E019A11CA0F8F7AAFEFFF7C2FFC9
:10AB3000062142F60870F8F73BFEBDE810400621FA
:10AB400042F62870F8F734BE10BD0000D000002097
:10AB5000504859206C696E6B0D0A000054686520DE
:10AB600063757272656E74204D62746973207370C0
:10AB7000656564203A2025644D6270730D0A0000FB
:10AB800046756C6C2D4475706C65780048616C6618
:10AB90002D4475706C657800546865206375727219
:10ABA000656E74204475706C6578204D6F64652007
:10ABB0003A2025730D0A000003480069012801D0DE
:10ABC000FFF792BF00F002B8C00000207FB54FF43D
:10ABD0004270F8F787FD374CE06070B3132809D056
:10ABE000172841D01C2827D104B00020BDE87040B0
:10ABF000FAF7D0BB062142F60870F8F7D9FD2D49C7
:10AC00000422143140F60840F8F702FE6088010A79
:10AC100041F20800F8F7CCFDA17841F20810F8F7EE
:10AC2000C7FD4FF4847404212046F8F7C1FD204687
:10AC3000F8F758FD0028FAD17FBDFFE70020FAF7AA
:10AC4000B9FA22890023501C20810121184600F006
:10AC500073FF0028F0D02089A0F57F41FF39EBD1A8
:10AC60004CF250302081E7E74FF402752846F8F7A0
:10AC700039FDC00706D001212846F8F799FD0EA03E
:10AC8000F8F7FEFD0020FAF7C1FC0028D4D1A08817
:10AC90000128D1D111A30FCB8DE80F000020A08097
:10ACA0006846F5F791FA82B26946002000F042FB4F
:10ACB000C2E70000C0000020746370206861766500
:10ACC00020636F6E6E656374656420746F206465C5
:10ACD0007374206970200D0A0000000068656C6CB8
:10ACE0006F20776F726C640D0A0000002DE9FF4140
:10ACF0006B4C0025A078FAF789FC02005BD003A812
:10AD0000009001ABA078E16B00F0B0F986B2BDF81D
:10AD10000C0043286ED1E06B04F14001027F0B78F8
:10AD20009A4248D1437F4A78934244D1827F8B78BC
:10AD30009A4240D1C27FCB789A423CD190F82020F1
:10AD40000B799A4237D190F8212049798A4232D141
:10AD500004F130010A1D0F782FB94B781BB98B789D
:10AD60000BB9CB785BB39DF80430BB4211D19DF891
:10AD7000057091F801C067450BD19DF8067091F8F8
:10AD800002C0674505D19DF8077091F803C067457B
:10AD900015D01778BB420ED19DF8057053789F42AD
:10ADA00009D19DF806309778BB4204D19DF8073051
:10ADB000D778BB4203D0002004B0BDE8F081F0306A
:10ADC0008319F03B14E00678332E44D007DCAEB193
:10ADD000012E18D0032E21D0062E06D124E0352EC8
:10ADE0000ED0362E46D0FF2E06D04678801C30443A
:10ADF0009842E8D368B2DFE71846F9E7401CF7E766
:10AE00008578C01CF4E7264E87780F363770C778F0
:10AE100077700779B7704779F7703FE0204E477831
:10AE200010F802CF0B3604E047781D4E10F802CF21
:10AE3000133686F800C010F801CF86F801C010F86C
:10AE400001CF86F802C090F801C0801C384486F813
:10AE500003C0001FCCE78678A661C77807EB0626FB
:10AE6000A661077907EB0626A661477907EB062658
:10AE7000A66113E086780E70C6784E7006798E70E3
:10AE80004679CE709DF8046016709DF80560567086
:10AE90009DF8066096709DF80760D670801DA7E744
:10AEA0005800002000B589B003A803F09BF89DF876
:10AEB0002200022829484BD0F8F7E2FC28A12AA05A
:10AEC000F8F7DEFC9DF80F009DF811209DF810109A
:10AED0008DE807009DF80E309DF80D209DF80C10B0
:10AEE0002BA0F8F7CDFC9DF8150000909DF81430CC
:10AEF0009DF813209DF8121031A0F8F7C1FC9DF8C1
:10AF0000190000909DF818309DF817209DF8161034
:10AF100033A0F8F7B5FC9DF81D0000909DF81C309B
:10AF20009DF81B209DF81A1035A0F8F7A9FC9DF894
:10AF3000210000909DF820309DF81F209DF81E10E4
:10AF400037A0F8F79DFC3E48F8F79AFC09B000BD21
:10AF5000F8F796FC02A13BA0B2E7000094E70008D6
:10AF60005735353030000000202573206E6574772A
:10AF70006F726B20636F6E66696775726174696F5B
:10AF80006E203A207374617469630D0A0D0A000023
:10AF9000204D41432020202020202020203A202521
:10AFA0003032583A253032583A253032583A253026
:10AFB00032583A253032583A253032580D0A0000BE
:10AFC000204950202020202020202020203A202509
:10AFD000642E25642E25642E25640D0A00000000D1
:10AFE000205375626E6574204D61736B203A202585
:10AFF000642E25642E25642E25640D0A00000000B1
:10B00000204761746577617920202020203A20252F
:10B01000642E25642E25642E25640D0A0000000090
:10B0200020444E532020202020202020203A20257C
:10B03000642E25642E25642E25640D0A0000000070
:10B0400028E70008202573206E6574776F726B20E7
:10B05000636F6E66696775726174696F6E203A20FE
:10B06000444843500D0A0D0A000000002DE9FF4F2F
:10B07000002583B01F4690460446082803D9681E61
:10B0800007B0BDE8F08F60014FF0010A0830F8F713
:10B0900029FB834600F00F00022806D0032804D0C5
:10B0A000042802D06FF00400EAE7B8F1000F05D0E1
:10B0B000DFF8C49139F8140018B11EE06FF00D00EC
:10B0C000DEE74FF4427000EB44160AFA04FA204619
:10B0D000FAF79CFA05463046F8F704FB30B16749A9
:10B0E00049881AEA010F06D01DB106E06FF003008F
:10B0F000C6E70020C4E7002DE9D00BF00701DFF818
:10B100007CA14FF484704FF0800B0AF1060A00EB2B
:10B110004416022922D003297CD0042952D0294682
:10B12000204602F0BDFE29F8145030464021F8F7C1
:10B130003FFB3046F8F7D6FA0028FAD139F8141058
:10B14000491B0904090C29F8141003D01AF804103B
:10B1500041F001010AF80410284691E739F814007B
:10B160004D4670BB08226946204602F069FE304613
:10B170004021F8F71DFB3046F8F7B4FA0028FAD161
:10B180009DF8000038709DF8010078709DF802006D
:10B19000B8709DF80300F87010999DF804000880BD
:10B1A0009DF8051001EB0020109908809DF806001D
:10B1B0009DF807105BE02A462046049902F040FE05
:10B1C000B3E72AE039F814004D4630BB0222694645
:10B1D000204602F035FE30464021F8F7E9FA3046C5
:10B1E000F8F780FA0028FAD19DF800009DF80110C8
:10B1F0006FF0010202EB0020084480B240F2EA51F5
:10B2000025F81400884206D92046F9F7D3FF6FF4D9
:10B210007A7035E702E00AF804B003E039F8140068
:10B220004D4630B135F8145040464545C3D9054622
:10B23000C1E706226946204602F002FE3046402160
:10B24000F8F7B6FA3046F8F74DFA0028FAD19DF82B
:10B25000000038709DF8010078709DF80200B87009
:10B260009DF80300F8709DF804009DF8051001EBAF
:10B27000002025F81400CEE77819002014000020E3
:10B28000054A18B111B1C2E9030170470348D06003
:10B2900003481061704700002C00002087DF000881
:10B2A0008DDF0008054A18B111B1C2E905017047E8
:10B2B0000348506103489061704700002C00002053
:10B2C00095DF000893DF0008074A10B513889C0536
:10B2D000FDD518B111B1C2E9070110BD0348D06115
:10B2E0000348106210BD00002C00002087E2000817
:10B2F0008DE20008074A10B513889C05FDD518B1EA
:10B3000011B1C2E9090110BD0348506203489062BF
:10B3100010BD00002C00002085E200088BE2000830
:10B3200003480021C1610A22026241707047000097
:10B33000580000202DE9F05F15468B460646082888
:10B3400003D94FF0FF30BDE8F09F700101240830B1
:10B35000F8F7C8F900F00F00012801D0A01FF2E7AC
:10B3600075B14FF4427000EB46100746F8F7BAF992
:10B370006FF0060A172806D01C2804D05046E2E7D2
:10B380006FF00D00DFE7DFF8C480B440B8F80400C8
:10B39000044213D04FF4027000EB46108146F8F7D8
:10B3A000A1F900F01F00C10624D548461021F8F786
:10B3B000FFF9B8F80410A143A8F8041041F608708A
:10B3C00000EB4610F8F78EF94FF6FF7101EA802086
:10B3D000854200D905463046FAF73EF9814638469F
:10B3E000F8F780F917280DD01C280BD03046F9F754
:10B3F000E1FEC3E700070BD53046F9F7DBFE6FF03F
:10B400000C00A0E7B8F80200044203D04D4501D972
:10B41000002098E74D45DED82A465946304602F0CE
:10B4200060FD4FF4847000EB461006462021F8F7CB
:10B43000BFF93046F8F756F90028FAD1B8F80410E9
:10B4400028460C43A8F804407DE7000014000020C3
:10B450001CB5FEF797FC3D4800213D22C06B4FF420
:10B460009C738172C172352180F8F010012180F83F
:10B47000F110042180F8F210072180F8F32080F801
:10B48000F410012180F8F510304940310A7880F835
:10B49000F6204A7880F8F7208A7880F8F820CA7871
:10B4A00080F8F9200A7980F8FA20497980F8FB10B1
:10B4B000322180F8FC10042180F8FD102349C91DB9
:10B4C000097880F8FE102149C91D497880F8FF10DD
:10B4D0001E49C91D897880F800111C49C91DC97809
:10B4E00080F80111362180F80211042180F803113F
:10B4F000164930310A7880F804214A7880F805210D
:10B500008A7880F80621C97880F80711FF2180F831
:10B5100008111D2100224418491C84F8EC2099428E
:10B52000F9DBFF208DF804008DF805008DF806008A
:10B530008DF8070043200090044801AB4FF40972D6
:10B54000C16B807800F038FA1CBD00005800002064
:10B550002DE9FC41FEF716FC7248002135220170EE
:10B5600041708170C170001D0126017041708170B1
:10B57000C17034386B4BC06B10331C4680F8F02020
:10B5800080F8F16080F8F2603D2280F8F320072215
:10B5900080F8F42080F8F5601A7880F8F6201A46D2
:10B5A0000625527880F8F720A47880F8F8401C46E9
:10B5B0000C22E47880F8F9401C460F27247980F8A3
:10B5C000FA401C4603F1060C647980F8FB4080F8D1
:10B5D000FC2080F8FD10122208E000BF00EB020EF4
:10B5E000521C491C8EF8EC4092B289B21CF8014002
:10B5F000002CF3D1D8780009F7F7C6FC494C303C51
:10B60000D4F83CC09444521C8CF8EC0092B2D87828
:10B61000F7F7BAFCD4F83CC09444521C8CF8EC0008
:10B62000187992B20009F7F7AFFCD4F83CC0944403
:10B63000521C8CF8EC0092B21879F7F7A5FCD4F8FC
:10B640003CC09444521C8CF8EC00587992B200092A
:10B65000F7F79AFCD4F83CC09444521C8CF8EC00E8
:10B6600092B25879F7F790FCE36B03EB020C521C93
:10B670008CF8EC0092B2881D511A194481F8E5004B
:10B68000E06B37218318521C83F8EC1091B24218FA
:10B69000491C82F8EC5089B24218491C89B24318FF
:10B6A00082F8EC600322491C83F8EC2089B242182E
:10B6B000491C82F8EC5089B24218491C89B24318DF
:10B6C00082F8EC703A2283F8EC20491C89B24318C6
:10B6D0003B2283F8EC20491C89B24318FF22491C05
:10B6E00083F8EC2089B200234FF49C7504E04618DF
:10B6F000491C86F8EC3089B2A942F8D38DF80420B1
:10B700008DF805208DF806208DF807204320009045
:10B7100001AB4FF40972A078E16B00F04DF9BDE880
:10B72000FC810000880000202DE9FC5FFEF72AFB69
:10B73000DFF880C2FF270CF107029CF9000000250A
:10B7400002F12904032841D004283FD08DF8047069
:10B750008DF805708DF806708DF80770DCF83C00E8
:10B760003521012680F8F01080F8F1604FF00309D0
:10B7700080F8F2903D2180F8F3108E4B072180F87D
:10B78000F410403380F8F560197880F8F610194607
:10B790004FF00C0A497880F8F71019464FF00F0B5C
:10B7A000897880F8F8101946C97880F8F910194698
:10B7B000097980F8FA101946497980F8FB109DF84C
:10B7C00007801021B8F1FF0F19D03FE0DCF83C00F2
:10B7D0008572C572117801735178417391788173C4
:10B7E000D178C17320788DF8040060788DF8050059
:10B7F000A0788DF80600E0788DF80700AEE73221DA
:10B8000080F8FC10042180F8FD1092F8008080F888
:10B81000FE8092F8018080F8FF8092F8028080F824
:10B820000081D27880F80121362280F8022180F848
:10B830000311217880F80411617880F80511A1784E
:10B8400080F80611E17880F807111C21524644184F
:10B85000491C84F8EC204218E24682F8EC50DFF8EC
:10B8600054C100220CF1460C491C06E000EB010813
:10B87000491C88F8EC4089B2521C1CF80240002C8C
:10B88000F4D1D8780009F7F77FFBDAF83CC05446CA
:10B890008C44491C8CF8EC0089B2D878F7F774FB1B
:10B8A000D4F83CC08C44491C8CF8EC00187989B25F
:10B8B0000009F7F769FBD4F83CC08C44491C8CF8AC
:10B8C000EC0089B21879F7F75FFBD4F83CC08C44E0
:10B8D000491C8CF8EC00587989B20009F7F754FB41
:10B8E000D4F83CC08C44491C8CF8EC0089B25879DF
:10B8F000F7F74AFBE36B03EB010C491C8CF8EC00F7
:10B9000089B2901D8A1A1A4482F8E500E06B37224A
:10B910004318491C83F8EC2089B243180822491CBB
:10B9200083F8EC2089B24218491C89B2431882F886
:10B93000EC60491C83F8EC9089B24318062283F826
:10B94000EC20491C89B24318491C83F8ECB089B239
:10B9500043183A2283F8EC20491C89B243183B2251
:10B9600083F8EC20491C89B243181F2283F8EC208D
:10B97000491C89B243182122491C83F8EC2089B262
:10B980004218491C82F8EC7089B24FF49C7203E0B3
:10B990004318491C83F8EC509142F9DB4320009096
:10B9A00001AB4FF40972A078E16B00F005F8BDE837
:10B9B000FC9F0000580000202DE9F0471E46DDF8EE
:10B9C000208015468A460446082803D94FF0FF30E8
:10B9D000BDE8F087670108374FF001093846F7F7EF
:10B9E00081FE00F00F00022806D0032804D00428AE
:10B9F00002D06FF00400EBE75DB13078717801EBB5
:10BA00000020B17801EB0020F17811EB002003D089
:10BA10000AE06FF00D00DBE73846F7F763FE4007FA
:10BA200002D46FF00B00D3E7B8F1000F07D138460E
:10BA3000F7F758FE400702D46FF00A00C8E74FF44A
:10BA4000427000EB44100746F7F74CFE422806D040
:10BA5000222804D0322802D06FF00600B8E740F662
:10BA6000084000EB441004223146F7F7D1FE41F2C2
:10BA700008004FEA182100EB4410F7F799FE41F255
:10BA8000081008F0FF0100EB4410F7F791FE41F6B3
:10BA9000087000EB4410F7F725FE4FF6FF7101EA3E
:10BAA0008020854200D90546DFF8888009FA04F62F
:10BAB0002046F9F7D1FD81463846F7F713FE38B135
:10BAC000B8F80200064206D04D4504D900207FE7B1
:10BAD0006FF003007CE74D45EAD82A4651462046E0
:10BAE00002F0FFF94FF4847000EB44100646202169
:10BAF000F7F75EFE4FF4027000EB44143046F7F7A0
:10BB0000F1FD0028FAD12046F7F7ECFD00F01F0008
:10BB1000C10605D520461021F7F74AFE284657E70B
:10BB20000007F0D520460821F7F742FE6FF00C0021
:10BB30004EE70000140000202DE9F8431D4617468B
:10BB40000E460446082803D94FF0FF30BDE8F883BD
:10BB5000012E08D0022E0ED0032E0CD0042E0AD0B7
:10BB60006FF00400F2E7042269464FF47060F7F7C3
:10BB7000E5FD009848B169076FF00500E6D49DB176
:10BB8000012E05D0022E0FD106E06FF00200DDE796
:10BB900015F0210FDAD007E0A90601D52906D5D581
:10BBA000E90601D52906D1D52046F9F703FB600146
:10BBB00005F0F0014FF0010831430830F7F7F8FDC8
:10BBC000224E57B93788781C80B2A0F57F4130806B
:10BBD000F03902D14FF4404030804FF48160390A8F
:10BBE00000EB4410F7F7E4FD4FF4A160F9B200EB6D
:10BBF0004410F7F7DDFD4FF4847000EB4410074666
:10BC00000121F7F7D5FD3846F7F76CFD0028FAD18A
:10BC100008FA04F0718805F001028143A2400A434A
:10BC20007280B1888143B1800949002021F8140055
:10BC30000649891D08554FF4427000EB441528460B
:10BC4000F7F750FD0028FAD060B27FE7140000201B
:10BC50007819002010B502464FF480510248F5F7DC
:10BC6000B6FD002010BD0000000C0140F5F752BEEB
:10BC70000748C188491C89B2C1800288B1FBF2F330
:10BC800002FB1311002901D10121818070470000BE
:10BC9000C000002030B5A1B00423154A15A119A099
:10BCA000FDF7EEFE8022694616A0FDF73FFE002854
:10BCB00004DB6A4613A115A0F7F7E2FD0C4D042240
:10BCC00029462868401C28600AA0FDF7A5FF04004B
:10BCD00007D5024607A112A0F7F7D2FD204621B0F2
:10BCE00030BD18A02968F7F7CBFD0020F7E700006A
:10BCF000000000206D796170702F626F6F742E7478
:10BD0000787400006D796170700000005B4F4B5DCE
:10BD10002025732F20E58685E5AEB93A0A25730004
:10BD20005B4641494C5D20E58699E585A520257354
:10BD300020E5A4B1E8B4A53A206572723D25640AF5
:10BD400000000000E69BB4E696B0626F6F74E79A5D
:10BD500084E580BC3A25640D0A00000070B50E46EB
:10BD60000446154641F228111F48F4F706FA1E4909
:10BD70001E4808601E4848601E4888601E48C8600B
:10BD80001E4808611E4848612146174801F02BFFF4
:10BD900008B11CA005E03146134801F01DFF18B1A1
:10BDA0001FA0F7F76DFD1BE029460F4801F00EFFBD
:10BDB00008B123A00FE00C4800F01EFF08B129A035
:10BDC000EFE74EF6187084420CD30121064801F0CB
:10BDD0006DFE38B129A0F7F753FD034800F086FE49
:10BDE000012070BD002070BD50080020FDDB000860
:10BDF000F3DB000801DC0008F7DB0008FBDB0008D0
:10BE0000813800087732357178783A20736574206C
:10BE100074797065206661696C65642E0A000000A3
:10BE20007732357178783A2073657420696E74655D
:10BE30007266616365206661696C65642E0A000044
:10BE40007732357178783A20736574206475616C47
:10BE5000207175616420737069206661696C656426
:10BE60002E0A00007732357178783A20696E69744D
:10BE7000206661696C65642E0A00000077323571B6
:10BE800078783A20736574206164647265737320F6
:10BE90006D6F6465206661696C65642E0A00000040
:10BEA0002DE9F04F8FB00F46040006D0207E012808
:10BEB00005D003200FB0BDE8F08F0220FAE7780428
:10BEC00004D06169F5A088470420F3E794F82010B6
:10BED0003D0E00200DF12C0B4EF6187801264FF088
:10BEE000040A99B10A90079008900990059006906D
:10BEF0008146039004900090019002900023042258
:10BF000006212046F8F700FEB0B931E1E17F0029B3
:10BF10007DD00A9007900890099005900690814680
:10BF200003900490009001900290002301220621CA
:10BF30002046F8F7E9FD10B1DFA061698BE0207FB2
:10BF400010B101284ED006E2618B41452FD38DF808
:10BF50002C50CDE90769CDE90996CDF80C90CDF8C4
:10BF60001090CDE9059B4D46CDF80090CDF804909A
:10BF700000230122C5212046CDF80890F8F7C4FD22
:10BF800010B1D5A0616966E00A95079508950995F5
:10BF900005950695039504950095019500230122CA
:10BFA000062120460295F8F7AFFD0028C4D1CDF850
:10BFB0002890CDF82090CDF82490CDF81490CDF8AD
:10BFC0001C90CDF80C90CDF810900321CDF818906E
:10BFD0000096CDE9011901223B4652211DE0CAA07D
:10BFE000616938E0618B4145ADD3CDF82090CDF843
:10BFF0002490CDF828900122CDF81C90CDF80C901B
:10C00000CDF81090CDF814903B46522100E033E07B
:10C01000CDF818900096CDE901A92046F8F774FDF7
:10C020000028DCD14FF4C8674D460DF13408CDE946
:10C030000886059507950695009503950495019545
:10C0400000230122052120460A960295F8F75CFD9F
:10C0500020B16169B5A0884701202BE79DF8340025
:10C06000C00706D00120E1687F1E8847002FDED17F
:10C0700012E1002FFCD079E006218DF82C108346C8
:10C080000090002301220BA92046F8F7CFFE0028DC
:10C090008CD1207FC7F3074AC7F30729FFB210B13D
:10C0A00001282ED057E1618B41451CD3C5208DF866
:10C0B0002C008DF82D505D46002302220BA920464E
:10C0C000CDF800B0F8F7B2FE00287FF45AAF062092
:10C0D0008DF82C00002301220BA920460095F8F7CB
:10C0E000A5FE0028D4D152208DF82C008DF82DA06B
:10C0F0008DF82E9000238DF82F700422CDF800B01B
:10C1000011E0618B414537D352208DF82C008DF81A
:10C110002D508DF82EA000238DF82F908DF83070C3
:10C120000522CDF800B00BA92046F8F77FFE0028C5
:10C130007FF455AF4FF4C8655FF005078DF82C709C
:10C140000DAB01220BA920460096F8F76FFE0028E0
:10C150007FF47FAF9DF83400C00706D00120E1686E
:10C160006D1E8847002DE9D196E0EDB30020A1E6D1
:10C17000207F10B101284CD0EDE0618B41452ED3DA
:10C180008DF82C50CDE90769CDE9099ACDF80C90CE
:10C19000CDF81090CDE9059B4D46CDF80090CDF837
:10C1A000049000230422C5212046CDF80890F8F71A
:10C1B000ABFC002889D10A95079508950995059546
:10C1C0000695039504950095019500230422062108
:10C1D00020460295F8F798FC00287FF4ADAECDF824
:10C1E0001C90CDF8209000E056E0CDF82890CDF8D6
:10C1F0002490CDF814900321CDF80C90CDF8109038
:10C20000CDF800A0CDF81890CDE901193B460422E5
:10C2100018E0618B414540D3CDF82890CDF82090AF
:10C22000CDF82490CDF81490CDF81C90CDF80C905A
:10C23000CDF81090CDF800A0CDF81890CDE901A967
:10C240003B46042252212046F8F75EFC00287FF48A
:10C25000C6AEB0464FF4C8674D460DAE07A80023E2
:10C2600080E8600505950695039504950095019570
:10C270000422052120460295F8F746FC00287FF4A9
:10C28000E8AE9DF83400C0073FF4F3AE0120E1684A
:10C290007F1E8847002FE1D158E05CE0773235718E
:10C2A00078783A206164647220697320696E7661DF
:10C2B0006C69642E0A0000007732357178783A2074
:10C2C000777269746520656E61626C65206661696C
:10C2D0006C65642E0A0000007732357178783A2058
:10C2E000777269746520657874656E646564206131
:10C2F000646472207265676973746572206661692F
:10C300006C65642E0A0000007732357178783A2027
:10C31000626C6F636B2065726173652033326B20D2
:10C320006661696C65642E0A000000007732357121
:10C3300078783A206765742073746174757331205E
:10C340006661696C65642E0A00000000616904A0E2
:10C3500088470620AEE561690AA088470520A9E55F
:10C360007732357178783A20626C6F636B20657232
:10C370006173652033326B2074696D656F75742E3F
:10C380000A0000007732357178783A20616464726F
:10C39000657373206D6F646520697320696E7661C3
:10C3A0006C69642E0A0000002DE9F04F8FB00F4633
:10C3B000040006D0207E012805D003200FB0BDE880
:10C3C000F08F0220FAE73804000C04D06169F6A06F
:10C3D00088470420F2E794F820103D0E00200DF16C
:10C3E0002C0B4EF6187801264FF0040A99B10A90EA
:10C3F000079008900990059006908146039004905C
:10C400000090019002900023042206212046F8F7B4
:10C410007BFBB0B92FE1E17F00297DD00A90079026
:10C420000890099005900690814603900490009032
:10C43000019002900023012206212046F8F764FBB8
:10C4400010B1E0A061698BE0207F10B101284ED0CF
:10C4500014E2618B41452FD38DF82C50CDE907694B
:10C46000CDE90996CDF80C90CDF81090CDE9059B5B
:10C470004D46CDF80090CDF8049000230122C5214F
:10C480002046CDF80890F8F73FFB10B1D5A06169C0
:10C4900066E00A9507950895099505950695039513
:10C4A000049500950195002301220621204602955E
:10C4B000F8F72AFB0028C4D1CDF82890CDF82090B9
:10C4C000CDF82490CDF81490CDF81C90CDF80C90B8
:10C4D000CDF810900321CDF818900096CDE9011900
:10C4E00001223B46D8211DE0CAA0616938E0618B7A
:10C4F0004145ADD3CDF82090CDF82490CDF82890CB
:10C500000122CDF81C90CDF80C90CDF81090CDF80C
:10C5100014903B46D82100E033E0CDF81890009607
:10C52000CDE901A92046F8F7EFFA0028DCD14FF455
:10C53000FA674D460DF13408CDE908860595079553
:10C540000695009503950495019500230122052188
:10C5500020460A960295F8F7D7FA20B16169B6A08D
:10C56000884701202AE79DF83400C00706D0012043
:10C57000E1687F1E8847002FDED10FE1002FFCD03D
:10C5800077E006218DF82C108346009000230122CD
:10C590000BA92046F8F74AFC00288CD1207FC7F36E
:10C5A000074AC7F30729FFB210B101282ED065E171
:10C5B000618B41451CD3C5208DF82C008DF82D5082
:10C5C0005D46002302220BA92046CDF800B0F8F703
:10C5D0002DFC00287FF45AAF06208DF82C00002394
:10C5E00001220BA920460095F8F720FC0028D4D1A1
:10C5F000D8208DF82C008DF82DA08DF82E900023DA
:10C600008DF82F700422CDF800B011E0618B414508
:10C6100035D3D8208DF82C008DF82D508DF82EA014
:10C6200000238DF82F908DF830700522CDF800B0E2
:10C630000BA92046F8F7FAFB00287FF455AF4FF41A
:10C64000FA6505278DF82C700DAB01220BA9204649
:10C650000096F8F7EBFB002880D19DF83400C00766
:10C6600006D00120E1686D1E8847002DEAD195E0D3
:10C67000F5B30020A2E6207F10B101284BD0FDE0E9
:10C68000618B41452DD38DF82C50CDE90769CDE95B
:10C69000099ACDF80C90CDF81090CDE9059B4D4648
:10C6A000CDF80090CDF8049000230422C521204647
:10C6B000CDF80890F8F728FA00288BD10A9507954D
:10C6C000089509950595069503950495009501959E
:10C6D00000230422062120460295F8F715FA0028C7
:10C6E00085D1CDF81C90CDF82090CDF8249000E0B5
:10C6F00054E0CDF82890CDF814900321CDF80C909B
:10C70000CDF81090CDF800A0CDF81890CDE9011922
:10C710003B46042218E0618B414544D3CDF8289074
:10C72000CDF82090CDF82490CDF81490CDF81C9041
:10C73000CDF80C90CDF81090CDF800A0CDF8189061
:10C74000CDE901A93B460422D8212046F8F7DCF9BF
:10C7500000287FF4C9AEB0464FF4FA674D460DAEDF
:10C7600007A8002380E860050595069503950495C4
:10C77000009501950422052120460295F8F7C4F999
:10C7800000287FF4EBAE9DF83400C0073FF4F6AE0E
:10C790000120E1687F1E8847002FE1D161692EA04A
:10C7A000884706200AE669E07732357178783A20C2
:10C7B0006164647220697320696E76616C69642EAD
:10C7C0000A0000007732357178783A207772697400
:10C7D0006520656E61626C65206661696C65642EBA
:10C7E0000A0000007732357178783A2077726974E0
:10C7F0006520657874656E64656420616464722088
:10C800007265676973746572206661696C65642E10
:10C810000A0000007732357178783A20626C6F63D5
:10C820006B2065726173652036346B206661696CBC
:10C8300065642E0A000000007732357178783A205E
:10C840006765742073746174757331206661696CF7
:10C8500065642E0A000000007732357178783A203E
:10C86000626C6F636B2065726173652036346B2078
:10C8700074696D656F75742E0A000000616902A00D
:10C88000884705209AE500007732357178783A209C
:10C8900061646472657373206D6F646520697320D1
:10C8A000696E76616C69642E0A0000002DE9F04320
:10C8B0008FB0040006D0207E012805D003200FB0E1
:10C8C000BDE8F0830220FAE794F82000694E0025C5
:10C8D00001270DF12C0990B10A9507950895099546
:10C8E000059506950395049500950195002304226E
:10C8F000062120460295F8F707F9A8B982E0E07F03
:10C90000002850D00A950795089509950595069534
:10C9100003950495009501950023012206212046E8
:10C920000295F8F7F1F810B153A0616929E00A9572
:10C930000795089509950595069503950495009525
:10C94000019500230122C72120460295F8F7DCF863
:10C9500010B151A0616914E0C846CDE9088705957A
:10C9600007950695009503950495019500230122EE
:10C97000052120460A970295F8F7C6F820B16169AB
:10C980004CA0884701209AE79DF82C00C00706D0EC
:10C990000120E168761E8847002EDED165E0002E7A
:10C9A00063D000208BE706208DF8300000230122A1
:10C9B0000CA920460095F8F739FA0028B4D1C72011
:10C9C0008DF83000002301220CA920460095F8F7CD
:10C9D0002DFA0028BDD105258DF830500BAB012272
:10C9E0000CA920460097F8F721FA0028C7D19DF836
:10C9F0002C00C007D3D00120E168761E8847002EA6
:10CA0000EAD132E00A9507950895099505950695AE
:10CA1000039504950095019500230422C721204623
:10CA20000295F8F771F8002893D1B8464F464FF0B9
:10CA3000040907A8002380E8A0030595069503953F
:10CA40000495009501950422052120460295F8F7EA
:10CA50005BF8002893D19DF82C00C0079FD00120DF
:10CA6000E168761E8847002EE3D1616919A08847E6
:10CA7000042024E740420F007732357178783A205D
:10CA8000777269746520656E61626C6520666169A4
:10CA90006C65642E0A0000007732357178783A2090
:10CAA00063686970206572617365206661696C6591
:10CAB000642E0A007732357178783A2067657420E1
:10CAC00073746174757331206661696C65642E0AD4
:10CAD000000000007732357178783A206572617312
:10CAE000652074696D656F75742E0A0030B58DB060
:10CAF000050005D0287E012804D003200DB030BDEC
:10CB00000220FBE795F820000024A0B10A940794C6
:10CB10000894099405940694039404940094019451
:10CB200000230422FF2128460294F7F7EDFF30B3DB
:10CB300019A069692DE0E87F88B10A9407940894E8
:10CB4000099405940694039404940094019400239A
:10CB50000122B92128460294F7F7D6FF09E0B9204F
:10CB60008DF82C00002301220BA928460094F8F729
:10CB70005DF940B1696910A088470420BEE7E96803
:10CB80000A208847D9E7686880470028B6D06969D5
:10CB900010A088470120B1E77732357178783A20C4
:10CBA000657869742071737069206D6F64652066A3
:10CBB00061696C65642E0A007732357178783A20A5
:10CBC000706F77657220646F776E206661696C653F
:10CBD000642E0A007732357178783A2073706920B4
:10CBE0006F722071737069206465696E6974206664
:10CBF00061696C65642E0A002DE9F04F8FB0040066
:10CC000024D0616931B3206830B3626832B3A2685E
:10CC1000002A25D02269002A24D0E268002A23D0E5
:10CC200094F820100227012600250DF1340B0DF198
:10CC30002C094FF0180A4EF61878002917D08047B3
:10CC4000002875D06169D9A0884775E002200FB02F
:10CC5000BDE8F08F0320FAE7DBA006E0E2A004E0E5
:10CC6000EAA002E0F3A000E0F9A08847F2E78047DD
:10CC700010B1FEA06169E7E7E07F002877D0CDE939
:10CC800008960A96CDE9045A0795069503950095EE
:10CC9000019500230122AB2120460295F7F734FFCE
:10CCA00000287DD10A950795089509950595069563
:10CCB00003950495009501950023012266212046E5
:10CCC0000295F7F721FF10B1EFA0616913E00A9513
:10CCD0000795089509950595069503950495009582
:10CCE000019500230122992120460295F7F70CFFB8
:10CCF00030B16169ECA08847606880470720A6E7EB
:10CD0000E1680A208847CDE9075B039504950595FE
:10CD10000695CDE9097603200096CDE901050023AB
:10CD2000012290212046F7F7EFFE00287ED105E092
:10CD300086E0884760688047012088E7BDF83400B6
:10CD400040BAADF82C00618B814270D141456FD360
:10CD50000A9507950895099505950695002303956D
:10CD60000495009501950122029566E2FFE7AB204C
:10CD70008DF83000FF208DF831008DF832008DF8ED
:10CD800033000BAB04220CA920460096F8F74EF8AE
:10CD9000002867D1662000238DF83000012200E0D2
:10CDA00060E00CA920460095F8F740F800288BD1E8
:10CDB00099208DF83000002301220CA9204600950F
:10CDC000F8F734F8002894D1E1680A2088479020C9
:10CDD0008DF830008DF831508DF832508DF8335089
:10CDE0000DAB04220CA920460097F8F71FF830B1CC
:10CDF0006169B5A0884760688047042027E7BDF8CF
:10CE0000340040BAADF82C00618B81429DD1414580
:10CE10009DD3E9208DF83000002301220CA9204683
:10CE20000095F8F703F8002802D002E0E3E1EEE114
:10CE30000BE26169AFA0884760688047082006E779
:10CE4000CDE908960A96CDE9045A0795069503950B
:10CE50000095019500230122AB2120460295F7F7AA
:10CE600053FE10B1ACA0616963E70A950795089578
:10CE70000995059506950395049500950195002360
:10CE80000122662120460295F7F73EFE00288ED14A
:10CE90000A950795089509950595069503950495B6
:10CEA0000095019500230122992120460295F7F76C
:10CEB0002BFE002887D1E1680A2088470EA8CDE91B
:10CEC0000806059507950695009503950495019527
:10CED00000230122352120460A960295F7F714FE19
:10CEE00010B196A061696EE19DF83800800729D4E1
:10CEF0000A95079508950995059506950395049556
:10CF00000095019500230122502120460295F7F754
:10CF1000FBFD10B191A0616955E10A95079508954F
:10CF200009950595069503950495009501950023AF
:10CF30000122312120460295F7F7E6FD10B191A0BC
:10CF4000616940E10A95079508950995059506954B
:10CF50000395049500950195002301223821204670
:10CF60000295F7F7D1FD10B18EA061692BE1E16860
:10CF70000A20884730208DF8300060770820A0779D
:10CF8000CDE907654FF00409CDE909590CA80395CF
:10CF90000495CDE905500095019500234A46C0212E
:10CFA00020460295F7F7B0FD0AE1000077323571AF
:10CFB00078783A207173706920696E6974206661AF
:10CFC000696C65642E0A00007732357178783A20F2
:10CFD0007370695F717370695F696E6974206973DA
:10CFE000206E756C6C2E0A007732357178783A2095
:10CFF0007370695F717370695F6465696E697420CD
:10D000006973206E756C6C2E0A00000077323571E2
:10D0100078783A207370695F717370695F777269AD
:10D0200074655F72656164206973206E756C6C2E27
:10D030000A0000007732357178783A2064656C61B7
:10D04000795F7573206973206E756C6C2E0A000011
:10D050007732357178783A2064656C61795F6D73E9
:10D06000206973206E756C6C2E0A00007732357162
:10D0700078783A2073706920696E697420666169F6
:10D080006C65642E0A0000007732357178783A209A
:10D09000656E61626C652072657365742066616996
:10D0A0006C65642E0A0000007732357178783A207A
:10D0B000726573657420646576696365206661696D
:10D0C0006C65642E0A0000007732357178783A205A
:10D0D000676574206D616E756661637475726572E3
:10D0E00020646576696365206964206661696C65A2
:10D0F000642E0A007732357178783A20736574208F
:10D1000061646472657373206D6F64652066616924
:10D110006C65642E0A0000007732357178783A2009
:10D1200072656C6561736520706F77657220646FDE
:10D13000776E206661696C65642E0A0077323571FE
:10D1400078783A2072656164207374617475732015
:10D1500032206661696C65642E0A00007732357191
:10D1600078783A20736574207372207772697465D9
:10D1700020656E61626C65206661696C65642E0A6B
:10D18000000000007732357178783A207772697440
:10D1900065207374617475732032206661696C65F3
:10D1A000642E0A007732357178783A20656E74659E
:10D1B000722071737069206661696C65642E0A0063
:10D1C00030B1616923A088476068804705203EE54B
:10D1D000CDE9075B0395049505950695CDE9097999
:10D1E000484603218DE82300002304229021204695
:10D1F000F7F78AFC18B1AFF23010616999E5BDF814
:10D20000340040BAADF82C00618B814206D06169D0
:10D210001AA0884760688047062018E5414514D366
:10D220000A95079508950995059506950023039598
:10D2300004950095019504220295E9212046F7F70F
:10D2400063FC10B113A0616973E525772676002091
:10D25000FDE400007732357178783A2073657420E8
:10D260007265616420706172616D657465727320AE
:10D270006661696C65642E0A0000000077323571C2
:10D2800078783A20696420697320696E76616C69E8
:10D29000642E0A007732357178783A20656E7465AD
:10D2A0007220332062797465206D6F646520666139
:10D2B000696C65642E0A00002DE9F04F8DB091462F
:10D2C000884604001E4606D0207E012805D0032093
:10D2D0000DB0BDE8F08F0220FAE794F820204EF65A
:10D2E00018704FEA18674FF0010A00254FF0040B41
:10D2F0002AB1217F00297DD001297CD004E1E17F82
:10D300000029217F5CD011B1012943D0FCE0618B61
:10D3100081422CD30A9507950895099505950695A0
:10D3200003950495009501950023012206212046CE
:10D330000295F7F7E9FB10B176A0616927E08DF857
:10D340002C70CDE907A5CDE9095A0BA803950495E2
:10D35000CDE905500095019500230122C521204605
:10D360000295F7F7D1FB10B172A061690FE0CDE92A
:10D3700007590821CDE9045103950695CDE9096ABD
:10D380000321504643460122A6E0616975A0884703
:10D3900001209DE7618B81421BD3CDE9075908210C
:10D3A000CDE9045103950695CDE9093A012243469A
:10D3B0000B210295CDE900AB2046F7F7A5FB4FE026
:10D3C000C8F3074BC8F3072A08F0FF0811B1012979
:10D3D0002FD099E0618B81421CD306208DF82C0060
:10D3E000002301220BA920460095F7F71FFD002816
:10D3F000A2D101E037E073E0C5208DF82C008DF854
:10D400002D70002302220BA920460095F7F70EFD90
:10D410000028A9D10B208DF82C008DF82DB08DF8A7
:10D420002EA08DF82F808DF830504B4605220096A7
:10D4300012E0618B814267D30B208DF82C008DF8B0
:10D440002D708DF82EB08DF8308000938DF82FA0C0
:10D450008DF831504B4606220BA92046F7F7E6FC23
:10D46000002892D134E7618B814228D30A95079531
:10D4700008950995059506950395049500950195E0
:10D4800000230422062120460295F7F73DFB0028E1
:10D49000AED18DF82C70CDE907A5CDE9095B0BA8BD
:10D4A00003950495CDE905500095019500230422CC
:10D4B000C52120460295F7F727FB0028A9D1CDE921
:10D4C000096BCDE90759A17F5846CDE904510321E5
:10D4D00003954346042206958DE823000B216BE754
:10D4E000618B814210D3CDE9093BCDE90759A17F7A
:10D4F0000395CDE90451CDF800B00695CDE901B50D
:10D50000042243460B2157E761691DA08847042088
:10D51000DEE600007732357178783A2077726974E8
:10D520006520656E61626C65206661696C65642E5C
:10D530000A0000007732357178783A207772697482
:10D540006520657874656E6465642061646472202A
:10D550007265676973746572206661696C65642EB3
:10D560000A0000007732357178783A20666173746A
:10D570002072656164206661696C65642E0A000032
:10D580007732357178783A206164647265737320FC
:10D590006D6F646520697320696E76616C69642EB5
:10D5A0000A0000002DE9F04F8FB00F46040006D0AE
:10D5B000207E012805D003200FB0BDE8F08F0220A7
:10D5C000FAE7380504D06169F5A088470420F3E73D
:10D5D00094F820103D0E00200DF12C0B4EF618781B
:10D5E00001264FF0040A99B10A900790089009901B
:10D5F000059006908146039004900090019002905F
:10D600000023042206212046F7F77EFAB0B931E163
:10D61000E17F00297DD00A9007900890099005903D
:10D6200006908146039004900090019002900023A0
:10D63000012206212046F7F767FA10B1DFA06169E1
:10D640008BE0207F10B101284ED006E2618B41456E
:10D650002FD38DF82C50CDE90769CDE90996CDF887
:10D660000C90CDF81090CDE9059B4D46CDF800907B
:10D67000CDF8049000230122C5212046CDF8089062
:10D68000F7F742FA10B1D5A0616966E00A950795EF
:10D6900008950995059506950395049500950195BE
:10D6A00000230122062120460295F7F72DFA0028D3
:10D6B000C4D1CDF82890CDF82090CDF82490CDF8A5
:10D6C0001490CDF81C90CDF80C90CDF8109003215B
:10D6D000CDF818900096CDE9011901223B46202192
:10D6E0001DE0CAA0616938E0618B4145ADD3CDF83A
:10D6F0002090CDF82490CDF828900122CDF81C90F0
:10D70000CDF80C90CDF81090CDF814903B46202128
:10D7100000E033E0CDF818900096CDE901A920464D
:10D72000F7F7F2F90028DCD14FF4C8774D460DF138
:10D730003408CDE90886059507950695009503956B
:10D740000495019500230122052120460A960295A1
:10D75000F7F7DAF920B16169B5A0884701202BE716
:10D760009DF83400C00706D00120E1687F1E88477D
:10D77000002FDED112E1002FFCD079E006218DF8D8
:10D780002C1083460090002301220BA92046F7F7B6
:10D790004DFB00288CD1207FC7F3074AC7F3072928
:10D7A000FFB210B101282ED057E1618B41451CD347
:10D7B000C5208DF82C008DF82D505D4600230222E7
:10D7C0000BA92046CDF800B0F7F730FB00287FF416
:10D7D0005AAF06208DF82C00002301220BA9204609
:10D7E0000095F7F723FB0028D4D120208DF82C00DA
:10D7F0008DF82DA08DF82E9000238DF82F70042227
:10D80000CDF800B011E0618B414537D320208DF871
:10D810002C008DF82D508DF82EA000238DF82F9020
:10D820008DF830700522CDF800B00BA92046F7F72F
:10D83000FDFA00287FF455AF4FF4C8755FF0050777
:10D840008DF82C700DAB01220BA920460096F7F73E
:10D85000EDFA00287FF47FAF9DF83400C00706D0B2
:10D860000120E1686D1E8847002DE9D196E0EDB3F7
:10D870000020A1E6207F10B101284CD0EDE0618BA3
:10D8800041452ED38DF82C50CDE90769CDE9099A91
:10D89000CDF80C90CDF81090CDE9059B4D46CDF814
:10D8A0000090CDF8049000230422C5212046CDF835
:10D8B0000890F7F729F9002889D10A950795089566
:10D8C0000995059506950395049500950195002306
:10D8D0000422062120460295F7F716F900287FF466
:10D8E000ADAECDF81C90CDF8209000E056E0CDF81C
:10D8F0002890CDF82490CDF814900321CDF80C9009
:10D90000CDF81090CDF800A0CDF81890CDE9011910
:10D910003B46042218E0618B414540D3CDF8289066
:10D92000CDF82090CDF82490CDF81490CDF81C902F
:10D93000CDF80C90CDF81090CDF800A0CDF818904F
:10D94000CDE901A93B46042220212046F7F7DCF867
:10D9500000287FF4C6AEB0464FF4C8774D460DAEF2
:10D9600007A8002380E860050595069503950495B2
:10D97000009501950422052120460295F7F7C4F889
:10D9800000287FF4E8AE9DF83400C0073FF4F3AE02
:10D990000120E1687F1E8847002FE1D158E05CE05C
:10D9A0007732357178783A20616464722069732027
:10D9B000696E76616C69642E0A00000077323571F9
:10D9C00078783A20777269746520656E61626C655B
:10D9D000206661696C65642E0A000000773235713B
:10D9E00078783A20777269746520657874656E641A
:10D9F000656420616464722072656769737465721E
:10DA0000206661696C65642E0A000000773235710A
:10DA100078783A20736563746F72206572617365FC
:10DA200020346B206661696C65642E0A000000007A
:10DA30007732357178783A20676574207374617431
:10DA4000757331206661696C65642E0A0000000000
:10DA5000616904A088470620AEE561690AA088478D
:10DA60000520A9E57732357178783A2073656374BB
:10DA70006F7220657261736520346B2074696D6507
:10DA80006F75742E0A0000007732357178783A206D
:10DA900061646472657373206D6F646520697320BF
:10DAA000696E76616C69642E0A00000030B58DB035
:10DAB0000D46040005D0207E012804D003200DB0BF
:10DAC00030BD0220FBE7608B4EF61871884204D20D
:10DAD000616929A088470420F1E794F820300022EA
:10DAE000E920B721ABB1C5B38DF82C100A9206928C
:10DAF0000792089209920592019203920492009271
:10DB000002929DF82C10002304222046F6F7FCFF19
:10DB100021E0E37FABB18DB18DF82C100A92069213
:10DB20000792089209920592019203920492009240
:10DB3000029200239DF82C100122E6E78DF82C00BC
:10DB4000ECE785B18DF82C100092002301220BA97F
:10DB50002046F7F76BF960B100E007E0616912A0B9
:10DB600088470120ABE78DF82C00EDE78DF82C00FD
:10DB7000BCE725770020A2E77732357178783A2024
:10DB800063757272656E7420747970652063616E5E
:10DB900027742075736520746869732066756E63D9
:10DBA00074696F6E2E0A00007732357178783A20EA
:10DBB0007365742061646472657373206D6F64654E
:10DBC000206661696C65642E0A00000010B1C1779F
:10DBD000002070470220704718B180F82010002004
:10DBE00070470220704710B1418300207047022027
:10DBF000704700207047F3F731BC70470020704732
:10DC00002DE9F0410DF12808DDF820C098E8A400C6
:10DC1000DDE90E60194341EA0C010D9C114301D16D
:10DC2000012802D00120BDE8F0810020FEF712F8A3
:10DC30004FF47A7837B12946BAB243460A48F4F726
:10DC400047FA38B956B12146B2B243460648F4F70E
:10DC500095F918B10120FDF7FDFFE3E70120FDF77D
:10DC6000F9FF0020DFE70000780600202DE9FF4FD4
:10DC700081B098468A46050006D0287E012805D046
:10DC8000032005B0BDE8F08F0220FAE7CAF30B06C7
:10DC9000C6F580544FEA1A37A04500D8444605F22D
:10DCA00027104FF4805B0090390389465B46284675
:10DCB000009AF6F751FF58B1696922A088470420FD
:10DCC000DFE73118294491F82711FF2902D1401CC0
:10DCD000A042F6D3A0421ED249462846F6F75CFA87
:10DCE00058B169691DA088470520CAE703998219C0
:10DCF0002A44095C82F82711401CA042F6D3009AFE
:10DD000049465B462846F7F7ABF840B169691BA066
:10DD100088470120B5E723465146039AF2E7A0451C
:10DD20000DD00398A24420440390A8EB04000026E1
:10DD30005C467F1C8046A042B6D80446B4E700206B
:10DD40009FE700007732357178783A207265616418
:10DD5000206661696C65642E0A00000077323571B7
:10DD600078783A20657261736520736563746F72A9
:10DD7000206661696C65642E0A0000007732357197
:10DD800078783A207772697465206661696C656499
:10DD90002E0A000030B587B001250024F3F740F8C3
:10DDA0001CA0F5F76DFD00BFF3F786F820B104283D
:10DDB00000D124B1002DF7D11CB11AA102E0012439
:10DDC000FBE71AA11BA0F5F75BFDF3F707F9F4B128
:10DDD0000DF10600F7F702FC0DF10E00F7F7F2FB6C
:10DDE0000DF10A00F7F706FC0DF11200F7F7DEFB64
:10DDF00002208DF81600062269464FF41060F5F7F0
:10DE00009DFC684600F012FA012007B030BD0020EA
:10DE1000FBE70000444843502072756E6E696E67E0
:10DE20000D0A000073756363657373006661696C46
:10DE30000000000044484350202573210D0A0000D3
:10DE40002DE9F0475FEA02088946064626D042F6E9
:10DE5000081000EB46152846F5F744FC074642F645
:10DE6000080000EB46142046F5F73CFC07EB0020C9
:10DE700087B2380200EB4610424649461830F5F7A3
:10DE80005DFC07EB080086B2310A2046F5F790FCEE
:10DE9000F1B22846BDE8F047F5F78ABCBDE8F08747
:10DEA0002DE9F041044642F6081000EB44150E46F9
:10DEB0002846F5F717FC074642F6080000EB441425
:10DEC0002046F5F70FFC07EB0020304486B2310AFC
:10DED0002046F5F76DFCF1B22846BDE8F041F5F7B4
:10DEE00067BC2DE9F0475FEA02088946064626D05E
:10DEF00042F2085000EB46152846F5F7F3FB0746BB
:10DF000042F2084000EB46142046F5F7EBFB07EB26
:10DF1000002087B2380200EB4610424649461030D6
:10DF2000F5F776FC07EB080086B2310A2046F5F7D4
:10DF30003FFCF1B22846BDE8F047F5F739BCBDE833
:10DF4000F087007870470170704700002DE9F041BC
:10DF5000050A00F0F0014FF4A850F5F729FC002461
:10DF600001264FF4027700BF06FA04F0284204D0DD
:10DF700007EB44101F21F5F71BFC641CE4B2082CCE
:10DF8000F2D3BDE8F081704772B67047704762B651
:10DF90007047704770470000012210210148F3F7D5
:10DFA00016BC00000008014010B54FF4A850F5F76A
:10DFB00099FB00F0F0044FF4B850F5F793FB04EB35
:10DFC000002080B210BD10B54FF4B050F5F78AFBB9
:10DFD00004464FF4C050F5F785FB04EB002080B2F7
:10DFE00010BD000010B50446014606224FF4106033
:10DFF000F5F7A4FB042204F10E019001F5F79EFB56
:10E00000042204F10A014FF4A060F5F797FB042203
:10E01000A11D4FF47060F5F791FB07480178A174DA
:10E020004178E17481782175C07860750248401E9E
:10E030000078A07510BD0000250000202DE9F041FA
:10E040000D460646002400F022F94FF0FF38AEB12D
:10E050000022B05C204444B2102C17DC521C52B297
:10E06000082AF6DB002441F60877315D07EB4410FF
:10E07000F5F79EFB641C64B2082CF6DBCDB10021E1
:10E0800008462A5C114449B2102902DD4046BDE829
:10E09000F081401C40B20828F3DB002441F60866FA
:10E0A000295D06EB4410F5F783FB641C64B2082C71
:10E0B000F6DB0020EBE7000070B52EA086B0D0E9BB
:10E0C0000010CDE901102BA1D1E90001CDE9030138
:10E0D0002A492B48FDF7D4F82A492B48FDF7E2F8E6
:10E0E0002A492B48FDF7F0F82A492B48FDF702F999
:10E0F0002A4C012202212046F3F769FB3C20F3F76A
:10E10000ADF9002202212046F3F761FB3C20F3F732
:10E11000A5F9012202212046F3F759FB3C20F3F731
:10E120009DF903A901A8FFF789FF00244FF47A7530
:10E130004FF464562846F3F791F93046F5F7D2FAD2
:10E1400004280ED0641CE4B2052CF3D93046F5F750
:10E15000C9FA009012A3042211A11348F5F790FB0D
:10E16000FEE73046F5F7BEFA014610A0F5F788FB4A
:10E1700006B070BD02020202020202028FDF000836
:10E1800089DF000899DF000801E200081DE30008AC
:10E19000E1E1000803E30008C5E10008000C0140CC
:10E1A0005735353030000000FCE700087735353052
:10E1B000302076657273696F6E206973203A25642A
:10E1C0000000000070B50D460646002405E000BFC3
:10E1D00000F006F83055641CA4B2AC42F8D370BD10
:10E1E00008B500208DF80000431E0122694603484F
:10E1F000F3F7C4FE9DF8000008BD000020060020D3
:10E20000002210210148F3F7E2BA000000080140A3
:10E2100010B5C1B2040A4FF4B050F5F7C9FA21465F
:10E22000BDE810404FF4C050F5F7C2BA10B504462F
:10E23000014606224FF41060F5F7EAFA042204F1D1
:10E240000E019001F5F7E4FA042204F10A014FF4FB
:10E25000A060F5F7DDFA0422A11D4FF47060F5F718
:10E26000D7FA0748A17C0170E17C4170217D817063
:10E27000617DC1700249A07D491E087010BD00007B
:10E280002500002070470020704770477047F0B5A8
:10E2900085B04FF41064062269462046F5F74EFA21
:10E2A0000422950102A92846F5F748FA4FF4A06622
:10E2B000042203A93046F5F741FA4FF470670422AF
:10E2C00004A93846F5F73AFA80210020F5F770FAEC
:10E2D0000020F5F707FA062269462046F5F798FA76
:10E2E000042202A92846F5F793FA042203A930462E
:10E2F000F5F78EFA042204A93846F5F789FA05B035
:10E30000F0BD70B50D460646002404E0305D00F017
:10E3100005F8641CA4B2AC42F8D370BD01B54FF04F
:10E32000FF33012269460248F3F7D2FE08BD000020
:10E330002006002010B504464FF43850F5F7D2F906
:10E34000C0F38011217000F0380001220021202844
:10E3500011D038280FD0617010280ED018280CD09A
:10E3600020280AD0A170082809D0182807D0202812
:10E3700005D0E17010BD6270EEE7A270F3E7E270C5
:10E3800010BD10B500244FF43850F5F7ABF9C007B5
:10E3900000D00124204610BD10B500244FF43850A1
:10E3A000F5F7A0F9C0F3C200062800D101242046E9
:10E3B00010BD10B54FF438542046F5F793F920F00E
:10E3C00080012046F5F7F4F92046F5F78BF940F087
:10E3D00080012046BDE81040F5F7EAB910B5027893
:10E3E0000021012A00D140214278012A06D0C278BA
:10E3F0008078012A05D001280BD00CE041F03801CB
:10E4000009E0012802D041F0080104E041F01801C0
:10E4100001E041F010014FF43850F5F7C9F9BDE8BB
:10E420001040FFF7C6BF70B504464FF4385630466B
:10E43000F5F758F941064FF0FF351AD520F03800AE
:10E44000012C10D040F038013046F5F7B1F9FFF754
:10E45000B0FF3046F5F746F9012C07D000F0380040
:10E4600038B1002070BD40F03001EDE700F0300021
:10E47000F6E7284670BD01020203040506070809F5
:10E480000A0B0C0D0E0F1010000000000000000021
:10E49000010203040607080900000000010203044A
:10E4A000FFFFFFFFFFFFFFFF00000000FFFFFFFF78
:10E4B000000000000100000000000000010000005A
:10E4C000000000000100000008FC0F6000000000D8
:10E4D00008FC0F60000000000000000001000000C8
:10E4E00018001020000000000000000000000000E4
:10E4F000000000000000000000000000FFFFFFFF20
:10E50000FFFFFFFF0000000000000000000000000F
:10E5100000000000000000000000000000000000FB
:10E5200000000000FFFFFFFF0000000000000000EF
:10E5300000000000000000000000000000000000DB
:10E5400000000000000000000000000000000000CB
:10E5500000000000000000000000000000000000BB
:10E5600000000000000000000000000001000000AA
:10E57000000000000000000000000000000000009B
:10E58000000000000000000000000000000000008B
:10E59000000000000000000000000000000000007B
:10E5A000000000000000000000000000000000006B
:10E5B0000000000000001040000000000800F00F04
:10E5C00084E800081800102000000000000000008F
:10E5D000000000000000000000000000000000003B
:10E5E000000000000000000001000000FFFFFFFF2E
:10E5F000FFFFFFFF0100000001000000000000001D
:10E6000084E800080800000000000000000000008E
:10E6100000000000000000000000000000000000FA
:10E620000000000001000000FFFFFFFFFFFFFFFFF1
:10E630000100000001000000FFFFFFFFFFFFFFFFE0
:10E640000100000001000000FFFFFFFFFFFFFFFFD0
:10E6500001000000010000000000000000000000B8
:10E6600000000000000000000000000000000001A9
:10E670000000000001000000000000000000000099
:10E6800008FC0F6000000000000000000000000017
:10E69000000000000000000000000000000000007A
:10E6A0000000000001000000000000006410B71D21
:10E6B000C8206E3BAC30D9269041DC76F4516B6BB0
:10E6C0005861B24D3C7105502083B8ED44930FF072
:10E6D000E8A3D6D68CB361CBB0C2649BD4D2D38628
:10E6E00078E20AA01CF2BDBDDDDDDDDDDCBBBBDDFB
:10E6F000DDDDDDDDDDDDDDDD9888888888888888E2
:10E700007777777777888888855555566666666601
:10E7100066666666666888888333333222222222E0
:10E72000222222222228888D3D3D3D3D3D3D3D3D1A
:10E730003D3D3D3D3D3D3D3D3D3D3D3D3D3D3D3D09
:10E740003D3D3D3D3D3D3D3D3D3D3D3D3D3D3D3DF9
:10E750003D3D3D3D3D3D3D3D3D3D3D3D3D3D3D3DE9
:10E760003D3D3D3D3D3D3D3D3D3D3D3D3D3D3D3DD9
:10E770003D3D3D3D3D3D3D3D3D3D3D3D3D3D3D3DC9
:10E780003D3D3D3D3D3D3D3D3D3D3D3D0D0A0D0A7F
:10E79000000000003D3D3D3D3D3D3D3D3D3D3D3D9D
:10E7A0003D3D3D3D3D3D3D3D3D3D3D3D3D3D3D3D99
:10E7B0003D3D3D3D3D3D3D3D3D3D3D3D3D3D3D3D89
:10E7C0003D3D3D3D3D3D3D3D3D3D3D3D3D3D3D3D79
:10E7D0003D3D3D3D3D3D3D3D3D3D3D3D3D3D3D3D69
:10E7E0003D3D3D3D3D3D3D3D3D3D3D3D3D3D3D3D59
:10E7F0003D3D3D3D3D3D3D3D0D0A00006572726F62
:10E80000722C2025732076657273696F6E20697390
:10E81000203078253032782C206275742072656142
:10E82000642025732076657273696F6E2076616C43
:10E830007565203D203078253032780D0A000000C3
:10E8400025733A25643A64656275673A20466978AB
:10E85000696E67206D6F7665207768696C652066E4
:10E860006978696E67206F727068616E73207B30A3
:10E870007825782C20307825787D20307825780A06
:10E8800025730A006C6974746C656673000000007F
:10E89000494F3100494F3200494F3300494F34004E
:10E8A000C0E800080000002020040000C80D000897
:10E8B00068EA000820040020F0400000F438000856
:10E8C000413201821023127A0216C0500801025709
:10E8D000353530301387DF1B088D041A95041A93E1
:10E8E000041A43041A470401201AFF0141320A1393
:10E8F00015531B0869041A450401163757495A6E07
:10E900006574280A08DC122212C0A83C1E3F1908B0
:10E910001B0108013A0248432909A350C32CC0A88F
:10E92000015F0121051C68656C70080E1173686F2A
:10E930007720616C6C206D7368202D13D5A0041EA8
:10E94000086C7318116C73203C6469723E202D2092
:10E950006C697374200C776563746F72791339A4D2
:10E960002F087265626F6FE60117492000081320B7
:10E9700073797374656D131DA60D19087465734260
:10E9800021280970726F636573732028F62064650F
:10E990006D6F1391AA0C1B086361431119202F207E
:10E9A0003C66696C65CE2F7072696E74200E10091A
:10E9B00020636F6E74656E741BC19E44080B146CEB
:10E9C00065616E5F666C61736844292008091120D7
:10E9D00065787465726E202713899F061C08666926
:10E9E0006E64292000081520706172616D731AC170
:10E9F000441B6970960418666967280D73686F7701
:10EA0000206E6574776F726BC1E92B1331A2080D0C
:10EA100014087365745F646573745F6970442C6572
:10EA2000742020C80B204950206164647265739083
:10EA30009B65A6440D1A706F72744409152013610A
:10EA4000A8140890E85208B50C01402032019A94AD
:10EA50001CDA101C9A981C4909891C6A9C1C140811
:08EA60000140CA801CC1000046
:04000005080000ED02
:00000001FF
